Country,Year,ValuePerArableHa_USD,KcalPerArableHa
Albania,2005,1017.7755205688167,1707386.5648220237
Albania,2006,1074.6334856949381,1659018.4584244771
Albania,2007,1044.2458100558658,1693157.4409973233
Albania,2008,1261.4660572202472,2073393.413232359
Albania,2009,1359.5158286778399,2135737.1552728694
Albania,2010,1484.308447604537,2146923.9303426426
Albania,2011,1543.433214829863,2221606.785182552
Albania,2012,1689.1383104790925,2305275.390685065
Albania,2013,1665.6119857795836,2285919.9725485593
Albania,2014,1688.4543761638733,2287544.129028877
Albania,2015,1747.6519383781954,2323275.5451412816
Albania,2016,1825.5950567123753,2369035.237306707
Albania,2017,1868.808193668529,2374406.01887231
Albania,2018,1884.7875402065347,2285784.9735946497
Albania,2019,1881.2121212121212,2303136.1403287356
Albania,2020,2003.590655154901,2348615.2314507375
Albania,2021,1985.447773827662,2343679.177551583
Albania,2022,2152.356526155409,2418952.8248223234
Algeria,2005,936.0111538972249,1111387.126919411
Algeria,2006,995.6295312707475,1205114.3800688232
Algeria,2007,890.2881423449741,1048667.737810218
Algeria,2008,898.1642544150843,799419.6448337092
Algeria,2009,1200.990705085646,1367348.6500270814
Algeria,2010,1267.5401673084584,1359751.367795345
Algeria,2011,1393.1375647324392,1535605.0457556357
Algeria,2012,1521.5712388792988,1718500.6724522496
Algeria,2013,1650.6669764971452,1791876.9602376558
Algeria,2014,1601.530474040632,1579619.1015840059
Algeria,2015,1697.0845837206214,1673465.5423977014
Algeria,2016,1711.9411764705883,1652499.3335307038
Algeria,2017,1747.8615057761253,1661519.8305527966
Algeria,2018,1953.9382552117913,2100534.6064265473
Algeria,2019,2038.1576151905458,2139849.217374297
Algeria,2020,1961.1177798433143,1945019.6672824782
Algeria,2021,1856.8176868941707,1658871.3205650793
Algeria,2022,1978.1776656486522,1912626.5162263035
Angola,2005,164.04029712163418,418920.3650002209
Angola,2006,163.20074280408542,416906.7646824992
Angola,2007,224.53704735376044,502225.2294446712
Angola,2008,239.92739090064995,507956.2707765889
Angola,2009,330.8046425255339,694633.387082446
Angola,2010,347.43788300835655,726473.7551399256
Angola,2011,399.455338904364,865385.8297592656
Angola,2012,325.2059424326834,632693.2802850041
Angola,2013,452.95376044568246,950876.7930060457
Angola,2014,533.1816155988857,1149256.9998207588
Angola,2015,562.6096564531105,1210893.3292310508
Angola,2016,605.2772516248839,1254819.0611406516
Angola,2017,591.0714948932219,1185933.4058694097
Angola,2018,616.3777158774374,1214090.840392219
Angola,2019,627.5428040854225,1222887.198349858
Angola,2020,660.7851439182915,1281456.7666583292
Angola,2021,668.9091922005571,1288597.020835782
Angola,2022,701.9485608170845,1346436.282515504
Antigua and Barbuda,2005,499.0,970502.7730235616
Antigua and Barbuda,2006,559.25,1043135.4737075582
Antigua and Barbuda,2007,564.25,1123988.6953194637
Antigua and Barbuda,2008,572.75,1170467.9654577854
Antigua and Barbuda,2009,562.75,1189472.599826883
Antigua and Barbuda,2010,567.25,1210670.582591654
Antigua and Barbuda,2011,572.75,1218409.8918794566
Antigua and Barbuda,2012,590.75,1190086.721816242
Antigua and Barbuda,2013,589.5,1205051.6998774006
Antigua and Barbuda,2014,598.25,1205944.075787554
Antigua and Barbuda,2015,616.5,1208112.1709011302
Antigua and Barbuda,2016,587.5,1174739.1841954102
Antigua and Barbuda,2017,553.0,1079998.8349801877
Antigua and Barbuda,2018,513.5,1024596.111342547
Antigua and Barbuda,2019,493.25,998497.7930654804
Antigua and Barbuda,2020,452.25,973271.1697270959
Antigua and Barbuda,2021,514.5,979756.8002731139
Antigua and Barbuda,2022,480.25,982603.7762001872
Argentina,2005,601.4341408855885,1308342.7129707031
Argentina,2006,609.7851234982576,1080322.7088740661
Argentina,2007,693.75113214615,1262176.617389263
Argentina,2008,660.5061128668302,1367193.4366578944
Argentina,2009,491.1555323380507,839398.3901192605
Argentina,2010,725.3058694024367,1041714.0562242558
Argentina,2011,725.0418015242008,1477309.3004466267
Argentina,2012,613.2464059018529,1363816.7344227699
Argentina,2013,726.3923731591049,1122221.5465633108
Argentina,2014,766.4685919881667,1201129.1122751026
Argentina,2015,820.9267175091792,1428624.7478741577
Argentina,2016,859.7091399161635,1352062.5020178638
Argentina,2017,869.6167240572951,1757030.369195145
Argentina,2018,731.2247286700075,1679004.6214298876
Argentina,2019,909.5608222864256,1868423.110225293
Argentina,2020,845.7682129627387,1907017.3840428053
Argentina,2021,873.2607864962525,1908336.7924771043
Argentina,2022,804.475672478688,2090042.2627214396
Armenia,2005,1429.3885869565217,2598784.159664517
Armenia,2006,1353.2540760869565,2134973.5204155734
Armenia,2007,1540.101902173913,2763803.8232109034
Armenia,2008,1593.1702898550725,2725715.2002251204
Armenia,2009,1566.748188405797,2581002.6854191087
Armenia,2010,1207.7740036231885,2109231.913572085
Armenia,2011,1491.4741847826087,2547807.067385276
Armenia,2012,1689.0398550724638,2885688.3262390625
Armenia,2013,1775.6951992753623,3227834.2893968984
Armenia,2014,1858.9764492753623,3441823.988631517
Armenia,2015,1958.5552536231885,3583454.72141694
Armenia,2016,1651.064311594203,3252437.7264743545
Armenia,2017,1511.4379528985507,2478260.180451202
Armenia,2018,1289.6173007246377,2149423.2378703593
Armenia,2019,1158.0434782608695,1767182.9202950539
Armenia,2020,1243.9334239130435,1926886.138195578
Armenia,2021,1177.3120471014493,1702541.789474715
Armenia,2022,1227.9642210144928,1894062.1853231427
Australia,2005,523.1446707955812,1785540.0165453865
Australia,2006,355.09197381726926,1940209.4627345512
Australia,2007,387.5562347723895,952566.913880538
Australia,2008,470.06041514816377,1281254.5657168922
Australia,2009,470.8906593292731,1727181.4754649617
Australia,2010,511.8338724795148,1721319.0319572005
Australia,2011,540.7685065926241,2122831.2542826775
Australia,2012,501.8103737521224,2277451.3499694397
Australia,2013,542.3997594140877,1856848.1932328441
Australia,2014,493.79351089873535,1930004.2877790977
Australia,2015,497.1232002015432,1871376.3030477972
Australia,2016,634.8899744302605,1789176.3972727438
Australia,2017,510.3530245757763,2509827.276180628
Australia,2018,457.19851973164407,1702314.1428568787
Australia,2019,429.122784501841,1381120.3089391992
Australia,2020,619.5892669837405,1143004.8996451565
Australia,2021,733.0541754383239,2450301.2698229216
Australia,2022,792.4263311646779,2794559.078323306
Austria,2005,1714.436787439014,3928859.515254811
Austria,2006,1737.1901681790698,3651680.225228923
Austria,2007,1813.6105087254957,3827412.0055582924
Austria,2008,1916.7440369876535,4465230.386188945
Austria,2009,1882.893512816338,4119708.962199532
Austria,2010,1377.7904004716058,3824425.4613817222
Austria,2011,1677.3762019383535,4472037.860649924
Austria,2012,1411.6810220387392,3535959.7149904515
Austria,2013,1431.0979968248914,3821719.2000412694
Austria,2014,1593.9229294763975,4490070.891819588
Austria,2015,1392.195200780522,4031349.493252374
Austria,2016,1428.4886398781764,4567416.935320547
Austria,2017,1414.7866788280303,3694473.514001667
Azerbaijan,2005,866.7256298704403,2051155.6311156296
Azerbaijan,2006,868.0910264378257,1981755.0949481255
Azerbaijan,2007,872.0390113304967,1868503.9074625121
Azerbaijan,2008,947.5799588851173,2180306.426113955
Azerbaijan,2009,984.814265908113,2568132.7863594727
Azerbaijan,2010,862.7819476980446,1809245.7041960948
Azerbaijan,2011,937.6048190467084,2126696.1771165873
Azerbaijan,2012,999.3909260410193,2329596.747326557
Azerbaijan,2013,1037.1702442988956,2389236.4399174447
Azerbaijan,2014,925.453936989052,1946040.9673699138
Azerbaijan,2015,1032.4252999952191,2191811.85143251
Azerbaijan,2016,1045.1675670507243,2351332.436266312
Azerbaijan,2017,1099.3784959602237,2386227.9647150426
Azerbaijan,2018,1170.6760051632643,2636355.465708453
Azerbaijan,2019,1291.1674714347182,2812431.8491513296
Azerbaijan,2020,1275.5409475546207,2542190.001472982
Azerbaijan,2021,1318.2172395659034,2592890.3478734423
Azerbaijan,2022,1318.2511832480757,2479149.6717696297
Bangladesh,2005,1536.1340794883508,10629656.793663312
Bangladesh,2006,1535.997284401807,10849072.716484461
Bangladesh,2007,1547.089995431704,11473658.037146514
Bangladesh,2008,1811.0064209938582,12447857.86234614
Bangladesh,2009,1787.317775747424,12678666.864254255
Bangladesh,2010,1907.149002588701,13326180.912141219
Bangladesh,2011,2012.5175118014315,13578067.25250182
Bangladesh,2012,2036.7001675041877,13564738.764142288
Bangladesh,2013,2077.2248870615704,13928859.102336287
Bangladesh,2014,2130.7507233135375,14095367.183397429
Bangladesh,2015,2168.4458910715193,14175882.428518092
Bangladesh,2016,2202.0766712349628,13922087.946457386
Bangladesh,2017,2247.991218719862,14907033.883961018
Bangladesh,2018,2296.464519567535,14891208.38222954
Bangladesh,2019,2352.6796863103395,14963720.951788312
Bangladesh,2020,2418.1245875843865,15143355.108139671
Bangladesh,2021,2475.6814374904825,15734445.073416017
Bangladesh,2022,2523.383330795391,16016538.942368302
Barbados,2005,5639.714285714285,1283105.7569360472
Barbados,2006,5384.571428571428,1341636.4283825054
Barbados,2007,5127.857142857143,1245418.448151918
Barbados,2008,4006.285714285714,1116638.9893188619
Barbados,2009,4329.571428571428,1212119.7946549407
Barbados,2010,3887.0,1279637.20869322
Barbados,2011,3665.0,1271951.319177409
Barbados,2012,3941.0,1381227.2589321232
Barbados,2013,3725.8571428571427,1405533.8198315448
Barbados,2014,3592.1428571428573,1382463.4473890245
Barbados,2015,3420.285714285714,1385516.3862848165
Barbados,2016,3400.4285714285716,1463530.4832765243
Barbados,2017,3249.8571428571427,1359357.0197785504
Barbados,2018,3940.8571428571427,1488836.3148009086
Barbados,2019,3670.714285714286,1514915.7217849896
Barbados,2020,3470.714285714286,1486128.0624596688
Barbados,2021,3091.5714285714284,1461422.823360268
Barbados,2022,4596.714285714285,1673918.9439830822
Belarus,2005,592.9138977693165,1823895.8237638162
Belarus,2006,622.4244764538956,1752250.6701127682
Belarus,2007,661.7748482344912,1984845.9200110843
Belarus,2008,742.4462085563418,2422305.1535356753
Belarus,2009,702.3513775638493,2236678.4245667006
Belarus,2010,690.8577894320916,1990078.8614171539
Belarus,2011,636.6636732641259,2103579.3577164817
Belarus,2012,681.1042063292504,2411629.742072948
Belarus,2013,606.0982793922195,1963106.422895522
Belarus,2014,648.5919034448076,2485233.876637543
Belarus,2015,588.2292826610151,2326691.7791076275
Belarus,2016,583.471389058515,2058396.8885888495
Belarus,2017,606.1940084054743,2175619.880385692
Belarus,2018,566.5435180861382,1686555.3914154936
Belarus,2019,580.9712992564388,1933586.9220509585
Belarus,2020,614.0008620999317,2195963.6480056676
Belarus,2021,555.9531592370415,1868602.1421460432
Belarus,2022,600.7705018140019,2081807.6884917563
Belgium,2005,2883.382517317891,8518144.941464722
Belgium,2006,2666.454730652806,7311585.176953135
Belgium,2007,2812.442652153684,7523432.7968817
Belgium,2008,2723.67050314104,8107664.352163551
Belgium,2009,2937.7865075231107,8622758.783241
Belgium,2010,2884.563071972358,8342924.467398269
Belgium,2011,2920.355079327712,8196424.431547924
Belgium,2012,2630.0266835474013,7453745.8213428445
Belgium,2013,2806.420549019317,7882312.938172343
Belgium,2014,3107.1607648974646,8982809.824036047
Belgium,2015,2922.419601795092,8595946.602315716
Belgium,2016,2760.8180050456835,6833959.184414862
Belgium,2017,3051.115120182549,8104823.034489932
Belize,2005,1478.68,2746105.8648427874
Belize,2006,1528.49,2370307.1726598796
Belize,2007,1493.57,2458452.3216677434
Belize,2008,1399.53,2488071.5824422645
Belize,2009,1427.88,2667704.8317827675
Belize,2010,1505.15,2695490.1850194214
Belize,2011,1321.25,2439576.483320728
Belize,2012,1572.7,2911825.556951381
Belize,2013,1543.03,2768709.6385831395
Belize,2014,1609.07,2518440.157124892
Belize,2015,1498.15,2497758.7353931996
Belize,2016,1452.53,2062999.8350723907
Belize,2017,1660.07,2238588.860519405
Belize,2018,1557.84,1932543.36572135
Belize,2019,1521.7,1907821.0602292737
Belize,2020,1544.19,2093183.9825762324
Belize,2021,1762.83,2059161.4291325372
Belize,2022,1728.81,2138621.206037227
Benin,2005,417.0676520380717,726283.667689462
Benin,2006,341.3043655437779,609393.8085024304
Benin,2007,361.89826918991554,686246.9183553202
Benin,2008,489.3021262581564,839449.3007774656
Benin,2009,485.5178113930072,852671.9162769751
Benin,2010,507.7744559620839,895488.5398631092
Benin,2011,541.5318192520526,965063.4739729832
Benin,2012,566.68895405051,1018861.330400223
Benin,2013,620.3650850012845,1142712.0186319372
Benin,2014,667.2255574334714,1123031.1890450814
Benin,2015,564.4991332793733,1062455.095063004
Benin,2016,642.8092673440644,1111526.8552833842
Benin,2017,678.5378923455908,1150353.692022813
Benin,2018,677.6128940031145,1379545.5840190214
Benin,2019,731.9297555130677,1294396.8610091347
Benin,2020,688.5385908885464,1294563.5065389485
Benin,2021,716.889508073755,1388836.7137551766
Benin,2022,718.9668061806698,1428058.300958112
Bhutan,2005,2102.87,3479619.040003139
Bhutan,2006,2202.66,3670331.1198559175
Bhutan,2007,2177.07,3734990.326900912
Bhutan,2008,1903.0,3241691.3899293877
Bhutan,2009,1691.37,2805212.872850958
Bhutan,2010,1824.16,2958059.456509062
Bhutan,2011,2270.07,3598109.235920292
Bhutan,2012,1911.77,3235646.6634138897
Bhutan,2013,1922.13,3182450.9958204473
Bhutan,2014,1862.21,3211120.823256883
Bhutan,2015,1614.73,3229644.6252566557
Bhutan,2016,1976.45,3547921.8284348547
Bhutan,2017,1940.35,3501069.9832543745
Bhutan,2018,1445.28,2724883.9658456366
Bhutan,2019,1394.36,2619281.247271615
Bhutan,2020,1419.3,2841468.542418921
Bhutan,2021,1086.06,2361462.791821152
Bhutan,2022,946.14,1962100.1566009098
Bolivia (Plurinational State of),2005,482.26002682646055,550464.4936198308
Bolivia (Plurinational State of),2006,531.1883310865292,574285.6145145055
Bolivia (Plurinational State of),2007,532.2831492420875,560894.9413750652
Bolivia (Plurinational State of),2008,559.3803480248941,601842.3529326805
Bolivia (Plurinational State of),2009,655.4196303160433,688573.13130163
Bolivia (Plurinational State of),2010,578.2085237040535,672797.1951731098
Bolivia (Plurinational State of),2011,594.7314689712715,658117.3999951653
Bolivia (Plurinational State of),2012,690.4191150863497,662675.8085959698
Bolivia (Plurinational State of),2013,728.3021603189146,827945.9267943015
Bolivia (Plurinational State of),2014,716.1299037516417,813421.6275514023
Bolivia (Plurinational State of),2015,734.6654088302676,976949.2826387414
Bolivia (Plurinational State of),2016,734.379749380484,904209.5737778625
Bolivia (Plurinational State of),2017,740.6478979239731,801345.6282380779
Bolivia (Plurinational State of),2018,841.8980831801488,1057421.921812498
Bolivia (Plurinational State of),2019,830.4299978304983,1022513.4281956534
Bolivia (Plurinational State of),2020,844.3192672391074,1032044.621379812
Bolivia (Plurinational State of),2021,894.4887249550011,1216948.2351593846
Bolivia (Plurinational State of),2022,855.4470421177443,936867.2010495452
Bosnia and Herzegovina,2005,1647.6810810810812,4063075.1902464163
Bosnia and Herzegovina,2006,1711.4108108108107,4002455.8205205384
Bosnia and Herzegovina,2007,1572.0864864864866,3700902.61678702
Bosnia and Herzegovina,2008,1764.554054054054,4047148.118521032
Bosnia and Herzegovina,2009,1849.7162162162163,4269066.25751178
Bosnia and Herzegovina,2010,1646.6675675675676,3408742.6301806257
Bosnia and Herzegovina,2011,1710.4027027027028,3764539.1917153243
Bosnia and Herzegovina,2012,1361.881081081081,3334994.9815054014
Bosnia and Herzegovina,2013,1915.9378378378378,4177449.554954739
Bosnia and Herzegovina,2014,1367.6027027027028,3221218.1522202934
Bosnia and Herzegovina,2015,1675.2783783783784,3711745.5473838756
Bosnia and Herzegovina,2016,2098.42972972973,4774933.1232902715
Bosnia and Herzegovina,2017,1586.9837837837838,3928769.982964636
Bosnia and Herzegovina,2018,2288.181081081081,4915359.095903859
Bosnia and Herzegovina,2019,2034.1432432432432,4553998.532194818
Bosnia and Herzegovina,2020,2353.7918918918917,5247358.256358512
Bosnia and Herzegovina,2021,1872.872972972973,4460559.244789794
Bosnia and Herzegovina,2022,2358.091891891892,4672112.655286324
Botswana,2005,58.87692307692308,390829.44939072494
Botswana,2006,70.87692307692308,440948.08479089575
Botswana,2007,59.973076923076924,429518.6925066603
Botswana,2008,70.48076923076923,442601.4632576805
Botswana,2009,99.98846153846154,521983.6429526558
Botswana,2010,99.27692307692308,558094.7295375356
Botswana,2011,124.58461538461539,586834.02666143
Botswana,2012,70.0,468139.00218356436
Botswana,2013,43.18846153846154,379926.0124279964
Botswana,2014,88.8,492022.49927804753
Botswana,2015,107.48461538461538,595556.7809646903
Botswana,2016,96.50384615384615,557748.9260781026
Botswana,2017,37.238461538461536,415122.5996070636
Botswana,2018,161.33461538461538,798803.9848766534
Botswana,2019,92.68461538461538,617477.1860925875
Botswana,2020,333.4,1233083.7817202471
Botswana,2021,190.91153846153847,831751.7450744823
Botswana,2022,435.65,1169563.7629064717
Brazil,2005,1035.7154847057977,1459939.1796371462
Brazil,2006,1078.066945832285,1412533.6458638755
Brazil,2007,1185.1896768628014,1502482.7056438453
Brazil,2008,1274.8936774379067,1686393.1409477927
Brazil,2009,1248.8980266705007,1598597.3119116684
Brazil,2010,1345.9185866791272,1612343.6797126194
Brazil,2011,1433.9985802091944,1725692.1886722941
Brazil,2012,1373.2640271737177,1671713.3450095318
Brazil,2013,1532.736727651774,1790788.5814545013
Brazil,2014,1560.6212573236044,1842210.4627331235
Brazil,2015,1650.3656949786132,1850222.551539101
Brazil,2016,1560.897721145897,1651230.3347938936
Brazil,2017,1799.8956004457066,1901090.0141199918
Brazil,2018,1763.61006074548,1820212.0106194837
Brazil,2019,1792.4952733546602,1914443.0073682596
Brazil,2020,1849.2510513640775,1996651.5277344433
Brazil,2021,1887.2076848423853,1962338.5468284965
Brazil,2022,1873.8114194313648,2191607.3320046915
Brunei Darussalam,2005,2505.75,1870534.0069618628
Brunei Darussalam,2006,2516.75,1797410.7262255647
Brunei Darussalam,2007,2531.5,1900330.0990731956
Brunei Darussalam,2008,2524.0,1821813.4983353743
Brunei Darussalam,2009,2590.25,1818058.522143583
Brunei Darussalam,2010,2781.0,2098402.967219657
Brunei Darussalam,2011,2955.75,2404521.546400547
Brunei Darussalam,2012,2944.0,2398661.8138096337
Brunei Darussalam,2013,3006.25,2338231.013281649
Brunei Darussalam,2014,3162.0,2475614.56341719
Brunei Darussalam,2015,3583.25,2905476.212998163
Brunei Darussalam,2016,3611.75,2733504.8489974393
Brunei Darussalam,2017,3571.75,2681734.212761434
Brunei Darussalam,2018,3572.5,2672205.4484814866
Brunei Darussalam,2019,3442.0,2663878.406339316
Brunei Darussalam,2020,3631.0,3345169.965278601
Brunei Darussalam,2021,3485.5,3364993.511962032
Brunei Darussalam,2022,3414.25,3172050.3519011373
Bulgaria,2005,577.444465158968,2267039.8798083737
Bulgaria,2006,608.7866228793506,2182940.404880458
Bulgaria,2007,440.4101475670792,1597772.9018582834
Bulgaria,2008,704.605699043467,2901795.9510635193
Bulgaria,2009,650.1991940456899,2497428.5563053098
Bulgaria,2010,748.1272317907387,2675254.8557069604
Bulgaria,2011,755.0409430525877,2877207.544273643
Bulgaria,2012,668.839397111758,2800575.011464264
Bulgaria,2013,884.2856118512569,3513957.764620162
Bulgaria,2014,890.3767334471039,3444684.197460255
Bulgaria,2015,818.7494801451292,3260774.243708846
Bulgaria,2016,847.5946135864967,3593275.008807184
Bulgaria,2017,915.5554918185599,3970276.306902357
Burkina Faso,2005,99.96384773648474,967109.7856262091
Burkina Faso,2006,101.90759940762744,961308.6747702156
Burkina Faso,2007,84.16950592045639,838596.1950619211
Burkina Faso,2008,123.46895252537668,1170505.5876528122
Burkina Faso,2009,109.72003943602772,996405.1994982488
Burkina Faso,2010,136.28683765096812,1242032.427859247
Burkina Faso,2011,116.8999065393105,997181.1137623821
Burkina Faso,2012,150.8565020965771,1252318.379564583
Burkina Faso,2013,152.49585492110688,1314535.495729718
Burkina Faso,2014,151.45758548583808,1288052.6763344589
Burkina Faso,2015,142.04006437675184,1219319.1375845636
Burkina Faso,2016,150.70221601728014,1297477.514632879
Burkina Faso,2017,138.2686549859374,1146675.6914000597
Burkina Faso,2018,169.42331417197184,1472351.3055077924
Burkina Faso,2019,173.1368030510502,1470364.4933485065
Burkina Faso,2020,186.56930321384098,1558748.3158954992
Burkina Faso,2021,165.22040961512363,1280739.116625761
Burkina Faso,2022,177.27546389619116,1553777.774664485
Burundi,2005,573.297079609339,1828341.570245169
Burundi,2006,580.2331625904438,1867850.2637480258
Burundi,2007,626.0798839364132,1886930.1724962515
Burundi,2008,648.612314135834,1913713.8420075697
Burundi,2009,670.3076308720179,1997712.1368354196
Burundi,2010,688.8285770251863,2059368.1085574408
Burundi,2011,671.8804353716617,2029958.57884675
Burundi,2012,492.55725901501563,1515343.54708444
Burundi,2013,751.9352761429928,2079616.8839303132
Burundi,2014,570.7615189385946,1698798.5557169113
Burundi,2015,472.25006713559145,1522014.507333413
Burundi,2016,559.4544321146394,1938109.9434315087
Burundi,2017,509.00661425599685,1727125.7067598356
Burundi,2018,733.1070351742059,2205305.856696209
Burundi,2019,709.4748528390862,2716123.3903885987
Burundi,2020,693.7218306778318,2868840.4177748538
Burundi,2021,817.3300349347278,3825084.177141807
Burundi,2022,825.0351118386615,3537690.9232385214
Cabo Verde,2005,2443.58,825080.0101295592
Cabo Verde,2006,2476.1,843195.6808870292
Cabo Verde,2007,2668.84,886046.536070638
Cabo Verde,2008,2462.76,853942.9902586925
Cabo Verde,2009,2314.86,808616.1404809441
Cabo Verde,2010,2389.94,772977.3152930832
Cabo Verde,2011,2685.04,870352.7589952799
Cabo Verde,2012,2719.8,936917.9110994039
Cabo Verde,2013,3011.9,992987.6735983056
Cabo Verde,2014,2470.42,896881.7063831046
Cabo Verde,2015,2440.54,983677.6346427617
Cabo Verde,2016,2322.98,921174.6478801757
Cabo Verde,2017,2318.08,854044.4011171168
Cabo Verde,2018,1747.18,597023.5830319048
Cabo Verde,2019,1709.66,623519.7407292415
Cabo Verde,2020,1689.68,647999.1532536238
Cabo Verde,2021,1605.76,666308.105392141
Cabo Verde,2022,1536.86,645396.6209260544
Cambodia,2005,631.5734876659643,2944770.5447479184
Cambodia,2006,644.1694197893338,3064034.027942543
Cambodia,2007,815.1813396036061,3288651.8957925118
Cambodia,2008,941.1794944719957,3494605.542982112
Cambodia,2009,970.2918568513587,3722910.123287267
Cambodia,2010,1018.1501855386117,4026080.7433327436
Cambodia,2011,1125.4433921257573,4266247.4004197
Cambodia,2012,1266.7575325176474,4525364.480797706
Cambodia,2013,1571.2054617953852,4559246.085503014
Cambodia,2014,2098.7011678269064,4491820.7901545325
Cambodia,2015,1344.7611982671365,4489844.273171168
Cambodia,2016,1305.161327418097,4781624.548928065
Cambodia,2017,1416.0085397104374,5109388.087865378
Cambodia,2018,1503.7701270177804,5282406.9145640405
Cambodia,2019,1406.4527957632115,5252042.934073655
Cambodia,2020,1460.7342076289306,5297310.305262576
Cambodia,2021,1536.0826236061848,5871965.293973864
Cambodia,2022,1538.5842378111595,5639148.2946002465
Cameroon,2005,514.6872580645161,1160394.691926535
Cameroon,2006,555.5348387096774,1259948.0898433113
Cameroon,2007,599.4579032258065,1405950.9130589212
Cameroon,2008,630.3579032258065,1482093.1976412884
Cameroon,2009,684.3117741935483,1617981.3718335377
Cameroon,2010,760.7438709677419,1769750.726688266
Cameroon,2011,759.8101612903225,1818593.4933563045
Cameroon,2012,815.1933870967742,1953178.5543681437
Cameroon,2013,821.4337096774193,2009032.3747668099
Cameroon,2014,880.1925806451613,2027550.8073001795
Cameroon,2015,941.04,2179173.5628418084
Cameroon,2016,948.3572580645161,2147017.5759732504
Cameroon,2017,940.8420967741936,2147992.839531789
Cameroon,2018,975.9159677419354,2238309.732175561
Cameroon,2019,944.4319354838709,2225048.1880870904
Cameroon,2020,945.4077419354838,2176864.200685645
Cameroon,2021,959.3532258064516,2158019.1749421754
Cameroon,2022,990.9624193548387,2204276.4925249293
Canada,2005,428.5741920264213,1776002.0549802256
Canada,2006,420.65628686010854,1718872.5390897733
Canada,2007,409.9360698277896,1512827.3006814069
Canada,2008,483.7239390841656,1964241.544317599
Canada,2009,464.82598097035464,1866890.827467441
Canada,2010,449.98728735812955,1719843.66096021
Canada,2011,477.6090797095751,1760084.3040623781
Canada,2012,496.7524835522005,1930729.45483984
Canada,2013,617.1997850646117,2544339.4927365505
Canada,2014,538.2385520694085,2075098.902570232
Canada,2015,569.2682760609158,2006477.475338848
Canada,2016,606.7496264842337,2358003.321733456
Canada,2017,621.899373541978,2205898.7146822177
Canada,2018,621.753374747713,2261276.4596176646
Canada,2019,613.4574454142748,2329201.245695367
Canada,2020,627.6142434012214,2531347.29475536
Canada,2021,493.02083824801446,1657525.551364499
Canada,2022,631.2428507771749,2396342.9231707165
Central African Republic,2005,143.77277777777778,532645.0339123149
Central African Republic,2006,139.93777777777777,541416.4684302867
Central African Republic,2007,141.42944444444444,567187.831721967
Central African Republic,2008,144.18277777777777,569458.7680989949
Central African Republic,2009,146.87,589495.3570201593
Central African Republic,2010,108.875,975804.8151559961
Central African Republic,2011,110.31611111111111,1004351.0202210813
Central African Republic,2012,112.20944444444444,1014057.7811967067
Central African Republic,2013,105.00055555555555,771940.1639629273
Central African Republic,2014,111.69722222222222,901087.4444065761
Central African Republic,2015,109.68055555555556,946013.1147786389
Central African Republic,2016,116.10388888888889,1073598.8480238104
Central African Republic,2017,116.20333333333333,1073895.7498322935
Central African Republic,2018,118.04555555555555,1124896.638329967
Central African Republic,2019,119.98555555555555,1190636.0146411164
Central African Republic,2020,176.13555555555556,1290736.0379914313
Central African Republic,2021,179.3838888888889,1319904.9572421685
Central African Republic,2022,182.46444444444444,1351947.748964149
Chad,2005,173.18547169811322,813842.1686607627
Chad,2006,190.15056603773584,862389.971084241
Chad,2007,182.02396226415095,855659.3847885975
Chad,2008,184.10358490566037,883454.8276500326
Chad,2009,159.91132075471697,756733.4623095414
Chad,2010,294.5943396226415,1537292.4679774102
Chad,2011,185.7811320754717,835492.5728094284
Chad,2012,328.2543396226415,1657767.9524909079
Chad,2013,291.02358490566036,1324106.392737988
Chad,2014,308.01358490566037,1349804.926105179
Chad,2015,266.2458490566038,1203596.2018441327
Chad,2016,301.698679245283,1388721.2171527413
Chad,2017,295.49301886792455,1356515.8297668288
Chad,2018,321.4896226415094,1460370.8135002994
Chad,2019,326.9488679245283,1446075.0584033115
Chad,2020,317.81735849056605,1410282.4252014924
Chad,2021,294.33849056603776,1313722.8030084206
Chad,2022,308.23698113207547,1392238.2854806166
Chile,2005,6154.932831046983,5641492.585852749
Chile,2006,6373.801265192978,5265079.1408465225
Chile,2007,6021.862250337622,4438036.350008832
Chile,2008,6068.829341104556,4759077.389500201
Chile,2009,6301.998720591371,4636037.4532131
Chile,2010,6476.150401592153,5388565.087095162
Chile,2011,6810.051176345156,5778249.749223068
Chile,2012,6913.909304143863,5149426.449438899
Chile,2013,7107.97071575805,5699202.5385215655
Chile,2014,6569.604094107613,5289613.349759199
Chile,2015,6897.719809510271,5591944.789493319
Chile,2016,6687.653706731111,5976013.974510833
Chile,2017,6644.515601677447,5534100.6164641995
Chile,2018,7220.365342241808,5931422.34027257
Chile,2019,7069.0688748311895,5685248.851675018
Chile,2020,6620.740635439619,5279240.578849261
Chile,2021,7226.031700902694,5418423.968837041
Chile,2022,6959.91612765655,5065787.827476474
China; Hong Kong SAR,2005,13697.5,6365017.274531
China; Hong Kong SAR,2006,13894.0,6654573.131481349
China; Hong Kong SAR,2007,14107.5,6647204.919717385
China; Hong Kong SAR,2008,13931.0,6560340.524674308
China; Hong Kong SAR,2009,13875.0,6431282.082236678
China; Hong Kong SAR,2010,13887.0,6497933.404251068
China; Hong Kong SAR,2011,13919.5,6524840.588124402
China; Hong Kong SAR,2012,14653.0,6891162.260058941
China; Hong Kong SAR,2013,14388.5,6804530.64704957
China; Hong Kong SAR,2014,13999.0,6690360.075975234
China; Hong Kong SAR,2015,13836.0,6579243.804456348
China; Hong Kong SAR,2016,14074.0,6683238.182679173
China; Hong Kong SAR,2017,14103.5,6721098.940643679
China; Hong Kong SAR,2018,14154.0,6745796.856106732
China; Hong Kong SAR,2019,14190.0,6765049.900360099
China; Hong Kong SAR,2020,14104.0,6752966.927187141
China; Hong Kong SAR,2021,14130.5,6772052.63620294
China; Hong Kong SAR,2022,14054.5,6783730.69659987
China; mainland,2005,4461.445966921554,7971725.158366445
China; mainland,2006,4566.932528860405,8111058.016600632
China; mainland,2007,4754.735015508116,8234678.074239847
China; mainland,2008,5111.109676455425,8589452.660653153
China; mainland,2009,5189.116125027784,8705095.161078587
China; mainland,2010,5320.997140013889,8875538.222277902
China; mainland,2011,5569.340257186625,9187862.385731572
China; mainland,2012,5775.04407108555,9401917.93357423
China; mainland,2013,5925.642759051934,9495587.97117479
China; mainland,2014,6024.993096744264,9655317.05587022
China; mainland,2015,6270.944680803968,10007102.202524496
China; mainland,2016,6251.185284859597,9970751.127400449
China; mainland,2017,6372.969663488187,10097083.16821365
China; mainland,2018,6440.578711410708,10074016.643328853
China; mainland,2019,6584.554571689181,10127217.714823175
China; mainland,2020,6641.531692722576,10244491.547741245
China; mainland,2021,6773.977040795152,10411626.144498479
China; mainland,2022,6833.750068018051,10386739.374848532
Colombia,2005,3273.46173459381,4604580.391578027
Colombia,2006,3314.069744635782,4530864.503256793
Colombia,2007,3432.815282626603,4815056.12282441
Colombia,2008,3470.615463068293,5016161.158200029
Colombia,2009,3370.848860471502,4796763.570039758
Colombia,2010,3396.581806770486,4367721.91460267
Colombia,2011,3595.5411289373556,4349208.935670626
Colombia,2012,3663.4401600439337,4445392.214498585
Colombia,2013,3909.2562664260777,4704833.468499816
Colombia,2014,3978.3893617855883,4547065.146439439
Colombia,2015,4275.969089553995,4919038.224703982
Colombia,2016,4332.331620444828,5465414.507520778
Colombia,2017,4388.98756521398,5146165.89913123
Colombia,2018,4183.580590750402,5230852.895713652
Colombia,2019,5020.543286392343,5527103.943722581
Colombia,2020,4747.544423959518,5652923.360373929
Colombia,2021,4999.249990193386,5683729.199145641
Colombia,2022,5118.116737928059,5577528.586749666
Congo,2005,718.0418181818181,467333.38474537164
Congo,2006,722.7527272727273,474973.9570125686
Congo,2007,733.0909090909091,477702.80844096775
Congo,2008,767.1672727272727,515754.4114515795
Congo,2009,795.0909090909091,540430.8824063914
Congo,2010,813.9527272727273,553869.3526717358
Congo,2011,825.5490909090909,560882.3893856489
Congo,2012,839.1218181818182,573546.6711361053
Congo,2013,850.4581818181819,598674.5632096883
Congo,2014,846.54,604592.2587364727
Congo,2015,857.3963636363636,582101.9032168793
Congo,2016,869.76,597978.9816199385
Congo,2017,876.4327272727272,602968.0615661204
Congo,2018,881.9363636363636,611041.4054916147
Congo,2019,889.8945454545454,661886.6925792216
Congo,2020,889.2690909090909,640474.4543714727
Congo,2021,895.4909090909091,701271.8060145596
Congo,2022,890.6545454545454,657531.6791564219
Costa Rica,2005,15011.763058730332,13590972.208129138
Costa Rica,2006,17917.08300076466,15831907.599771453
Costa Rica,2007,16292.877426056073,15299985.484507518
Costa Rica,2008,16170.88505349619,14886497.0451871
Costa Rica,2009,15632.159699976188,13797035.246007062
Costa Rica,2010,19120.69640179641,16631520.122200998
Costa Rica,2011,20096.96446072419,17568549.056233313
Costa Rica,2012,21183.61739783909,17774023.450207923
Costa Rica,2013,21872.803401354846,18177429.16173157
Costa Rica,2014,22365.332123920176,18712233.750031073
Costa Rica,2015,21017.887507823092,17054999.18471266
Costa Rica,2016,22876.331122325042,18816115.49037765
Costa Rica,2017,24505.048063403246,19060247.260240104
Costa Rica,2018,24640.389054491803,19332024.3311328
Costa Rica,2019,21058.48980514966,16553849.352902876
Costa Rica,2020,21363.862639065563,17608971.1526318
Costa Rica,2021,22421.371192113606,17987716.44081282
Costa Rica,2022,20778.150866313976,16881768.38469577
Croatia,2005,1041.6255760368663,2849264.8141643596
Croatia,2006,1069.8629032258063,3236739.512702529
Croatia,2007,999.8675115207374,3064185.212627721
Croatia,2008,1201.4942396313363,3704737.3297940344
Croatia,2009,1184.2350230414747,3734304.9808547804
Croatia,2010,1060.294930875576,3096955.835284576
Croatia,2011,1049.6209677419354,3197157.363694429
Croatia,2012,958.5172811059908,3398127.818671495
Croatia,2013,1111.5771889400921,3758033.7292189645
Croatia,2014,968.6463133640553,3019750.316651039
Croatia,2015,1011.8513824884793,3189043.7226129225
Croatia,2016,1171.3859447004609,3919216.8211027933
Croatia,2017,1010.4285714285714,2851300.198357964
Cyprus,2005,2657.905680098658,2316814.014612963
Cyprus,2006,2528.4219496021897,2105069.8267809735
Cyprus,2007,2396.8232398417135,2153223.918162296
Cyprus,2008,1934.531685352389,1682385.3935644047
Cyprus,2009,1964.1413950484964,1841605.3191063567
Cyprus,2010,1863.8178134383943,1845328.0762965905
Cyprus,2011,2013.215044348152,2202365.3053423027
Cyprus,2012,1814.6522085185643,1870839.253783297
Cyprus,2013,1716.3925197168176,1737500.3645577899
Cyprus,2014,1757.118642162878,1655995.6100502561
Cyprus,2015,1880.1961311205405,2191877.6877615694
Cyprus,2016,1610.0100844663457,1606110.3621536468
Cyprus,2017,1676.1568272450197,1692747.2992208905
Czechia,2005,993.7031449809767,3817963.7459010053
Czechia,2006,869.8117796944549,3150905.388477409
Czechia,2007,958.1606765662709,3577526.942530497
Czechia,2008,1067.4526081933989,4133744.2395912665
Czechia,2009,1025.6263578150724,3909353.539208396
Czechia,2010,903.5660125913331,3646378.7143392963
Czechia,2011,1050.3411671306942,4329744.656137138
Czechia,2012,890.3558881833841,3211226.9273774046
Czechia,2013,1010.3681213940156,4064596.8964416026
Czechia,2014,1160.3018053493358,4697763.682668847
Czechia,2015,1046.1970085680014,4489905.393605498
Czechia,2016,1126.6592876531727,4704834.726050831
Czechia,2017,1007.5324568311864,4105938.687626755
Côte d'Ivoire,2005,1217.153902479106,2344073.4306577896
Côte d'Ivoire,2006,1294.7583678625508,2501273.698394269
Côte d'Ivoire,2007,1218.4949366227597,2324765.792781274
Côte d'Ivoire,2008,1314.13788316938,2563229.5176565167
Côte d'Ivoire,2009,1217.1407857035974,2382821.903960372
Côte d'Ivoire,2010,1321.411239290231,2691896.2361935
Côte d'Ivoire,2011,1362.0511738712498,2755305.375903412
Côte d'Ivoire,2012,1459.2269093272912,3064843.9679178973
Côte d'Ivoire,2013,1509.417105695206,3223937.2418943592
Côte d'Ivoire,2014,1629.5471982911047,3498717.0741866934
Côte d'Ivoire,2015,1771.9356261137677,3861878.9055140777
Côte d'Ivoire,2016,1772.0370208704762,3690950.0451046554
Côte d'Ivoire,2017,1978.7611505344241,4107652.4722516597
Côte d'Ivoire,2018,2018.569523188762,4188435.8917069924
Côte d'Ivoire,2019,2143.7591516835787,4221872.414460186
Côte d'Ivoire,2020,2174.9019161880933,4190012.016592239
Côte d'Ivoire,2021,2250.5492753845574,4316069.3099056315
Côte d'Ivoire,2022,2370.0345639526813,4495849.50587133
Denmark,2005,1089.6418604651162,4548251.246172885
Denmark,2006,1022.5754756871036,4411037.9863356175
Denmark,2007,1049.5885835095137,4228452.4494528165
Denmark,2008,1133.216490486258,4686344.483965797
Denmark,2009,1205.983086680761,5490903.565015583
Denmark,2010,1072.139534883721,4724502.418589349
Denmark,2011,1099.9162790697674,4548920.787739319
Denmark,2012,1133.3923890063425,4342634.468263519
Denmark,2013,1135.1247357293869,4072783.5594923785
Denmark,2014,1211.6367864693445,4959769.961426095
Denmark,2015,1237.5205073995771,4906119.051798227
Denmark,2016,1156.1310782241014,4205564.272296067
Denmark,2017,1288.1260042283297,4854870.431355922
Dominican Republic,2005,1149.8312545599085,2597855.840000538
Dominican Republic,2006,1315.9551475634833,2929743.4952702173
Dominican Republic,2007,1306.5183979211276,2967817.4820596795
Dominican Republic,2008,1191.0504194834036,2773943.0348099777
Dominican Republic,2009,1375.5692103291415,3152888.61929509
Dominican Republic,2010,1478.6396691726457,3509230.1589721544
Dominican Republic,2011,1646.0353917055604,3822528.3847163264
Dominican Republic,2012,1715.8763576728984,3629437.6326882187
Dominican Republic,2013,1794.8373969533689,3968673.7861161525
Dominican Republic,2014,1917.9998928014757,4365598.150538762
Dominican Republic,2015,1943.6916691681365,4384220.972848224
Dominican Republic,2016,2014.6702102987038,4643488.734882876
Dominican Republic,2017,2115.5300838925814,4851430.296728616
Dominican Republic,2018,2206.5463453758134,5195581.3282742975
Dominican Republic,2019,2205.984731691625,5238058.3052501
Dominican Republic,2020,2238.1596616462025,5271226.840866477
Dominican Republic,2021,2243.7747736456017,5399405.275016296
Dominican Republic,2022,2413.0818274212393,5966524.160418698
Ecuador,2005,3432.871595330739,7682984.351085568
Ecuador,2006,3392.018482490272,7627089.208142833
Ecuador,2007,3597.6838521400778,8054709.035142949
Ecuador,2008,3671.7023346303504,7797297.907891346
Ecuador,2009,4000.1780155642023,8683519.372393498
Ecuador,2010,4192.560311284046,8599549.227599073
Ecuador,2011,3961.588521400778,8079825.536816668
Ecuador,2012,3993.5505836575876,7940923.631677094
Ecuador,2013,3635.422178988327,7313133.311383122
Ecuador,2014,4259.081712062257,8002080.5983921345
Ecuador,2015,4731.613813229572,8734685.884662095
Ecuador,2016,4019.351167315175,7833453.199299535
Ecuador,2017,4254.591439688716,8267995.918642397
Ecuador,2018,4069.4503891050585,7841840.421205809
Ecuador,2019,4163.903696498054,7822955.328596829
Ecuador,2020,4282.286964980544,8047403.101690338
Ecuador,2021,4572.655642023346,8688547.852986392
Ecuador,2022,4465.400778210117,8675302.935095157
Egypt,2005,4202.735739606832,13733889.799510332
Egypt,2006,4318.196583951015,14287241.247791259
Egypt,2007,4296.7009345794395,13946888.987596301
Egypt,2008,4583.110538188849,14910785.302285677
Egypt,2009,4563.108604576217,14297144.985261146
Egypt,2010,4138.963583628746,12517383.04202502
Egypt,2011,4400.637447631325,14312028.480049994
Egypt,2012,4732.471156944892,15006065.356734596
Egypt,2013,4725.551724137931,15010835.92297166
Egypt,2014,4769.201740251369,14927572.228688072
Egypt,2015,4844.560747663551,15291308.545380443
Egypt,2016,4740.1778923622305,15069651.920908172
Egypt,2017,4720.024814695456,14654478.137717051
Egypt,2018,4227.586851434096,13113661.928181143
Egypt,2019,4651.487914921044,14594693.190935232
Egypt,2020,4772.621656461489,15308869.548352746
Egypt,2021,4916.044473090557,15393051.762969062
Egypt,2022,4928.897196261682,15722068.734531455
El Salvador,2005,886.6962552011096,1354687.895939582
El Salvador,2006,936.9445214979196,1524372.0359936804
El Salvador,2007,915.3037447988904,1394779.380144611
El Salvador,2008,1043.492371705964,1616633.694702039
El Salvador,2009,992.1553398058253,1578314.5596706301
El Salvador,2010,847.1123439667128,1425921.5636697279
El Salvador,2011,849.6851595006934,1298852.5771181611
El Salvador,2012,994.0568654646324,1566830.9702742104
El Salvador,2013,974.5672676837726,1517865.7911705144
El Salvador,2014,945.6671289875173,1518536.3901163714
El Salvador,2015,858.882108183079,1303771.9601940182
El Salvador,2016,1013.2704576976422,1495966.423037361
El Salvador,2017,1028.8169209431346,1419818.0505161008
El Salvador,2018,908.005547850208,1310156.7104223645
El Salvador,2019,988.6823855755895,1372514.2593193015
El Salvador,2020,965.2676837725381,1290254.7201270666
El Salvador,2021,995.3079056865465,1341144.5537785534
El Salvador,2022,934.2815533980582,1292607.2174476895
Equatorial Guinea,2005,1229.5471698113208,1842390.5430614802
Equatorial Guinea,2006,1203.6037735849056,1858033.527467223
Equatorial Guinea,2007,1288.754716981132,1983506.8877095527
Equatorial Guinea,2008,1292.0,2019359.0844507199
Equatorial Guinea,2009,1274.0566037735848,2025414.210764607
Equatorial Guinea,2010,1318.377358490566,2103322.7211124483
Equatorial Guinea,2011,1335.7735849056603,2153518.874222326
Equatorial Guinea,2012,1351.698113207547,2189544.975869204
Equatorial Guinea,2013,1351.9245283018868,2187767.434668677
Equatorial Guinea,2014,1374.4528301886792,2215492.8394519836
Equatorial Guinea,2015,1488.8301886792453,2420301.3879587725
Equatorial Guinea,2016,1428.9056603773586,2304348.5268404917
Equatorial Guinea,2017,1470.8867924528302,2370469.330376902
Equatorial Guinea,2018,1494.3962264150944,2399792.629360329
Equatorial Guinea,2019,1519.188679245283,2434356.8962520803
Equatorial Guinea,2020,1523.622641509434,2421261.733048351
Equatorial Guinea,2021,1486.433962264151,2391289.3550533094
Equatorial Guinea,2022,1513.566037735849,2425384.012353331
Eritrea,2005,872.8115942028985,976295.1766920276
Eritrea,2006,849.2144927536232,985419.8138887145
Eritrea,2007,1031.2115942028986,1296749.8237611111
Eritrea,2008,269.8855072463768,403098.49067744735
Eritrea,2009,517.0478260869565,548019.2003470715
Eritrea,2010,533.7855072463768,568565.7610490558
Eritrea,2011,685.2869565217392,771692.4462439873
Eritrea,2012,674.2347826086957,750280.1764905174
Eritrea,2013,665.9057971014493,748683.8872778125
Eritrea,2014,673.4623188405797,755794.4510501471
Eritrea,2015,687.5927536231884,749116.1059056873
Eritrea,2016,680.3188405797101,752172.4617453817
Eritrea,2017,685.7449275362319,755769.6980350568
Eritrea,2018,685.3942028985507,754198.4084087781
Eritrea,2019,684.3565217391305,756225.7066968629
Eritrea,2020,685.2144927536232,756365.4713261812
Eritrea,2021,683.4115942028985,756529.5612718323
Eritrea,2022,682.591304347826,757648.0563191939
Estonia,2005,412.7299578059072,1023384.6681411316
Estonia,2006,336.1040787623066,825514.1127271549
Estonia,2007,449.3305203938115,1291450.5963100437
Estonia,2008,385.82981715893106,1224848.9008106103
Estonia,2009,415.56680731364276,1223057.7483010774
Estonia,2010,384.47116736990154,1150960.1375383004
Estonia,2011,418.7904360056259,1277670.4701755287
Estonia,2012,453.1870604781997,1636145.247167366
Estonia,2013,460.0070323488045,1424629.8762575497
Estonia,2014,499.44444444444446,2040465.3189185208
Estonia,2015,601.6596343178621,2741974.057752942
Estonia,2016,372.9774964838256,1759907.0356954285
Estonia,2017,500.3825597749648,2407858.5431896937
Ethiopia,2005,307.6413788999152,1059791.9135637777
Ethiopia,2006,300.22020769303754,1067492.0557279892
Ethiopia,2007,313.16120539717997,1188871.9565256818
Ethiopia,2008,320.600608342502,1244677.9158011342
Ethiopia,2009,385.19120642401094,1483269.578437102
Ethiopia,2010,445.2656382584068,1642638.7904270587
Ethiopia,2011,455.67400968733364,1705556.8917893076
Ethiopia,2012,482.7160680518235,1825778.9202103103
Ethiopia,2013,522.2495501821588,2029799.4833201168
Ethiopia,2014,561.7592517840884,2220934.9705512836
Ethiopia,2015,610.7443963928719,2377298.336807439
Ethiopia,2016,639.4914576683424,2391518.6659226776
Ethiopia,2017,689.9204462056399,2496784.9167997963
Ethiopia,2018,717.2470782267189,2460051.6361853457
Ethiopia,2019,752.6964070426461,2575178.615869088
Ethiopia,2020,764.4156953438701,2631523.493108529
Ethiopia,2021,757.0733047593008,2470486.2119941874
Ethiopia,2022,723.4279424379505,2544537.752757474
Fiji,2005,2678.75,2163383.0673497524
Fiji,2006,2738.046875,2061279.651503524
Fiji,2007,2323.1380208333335,2004797.7995871974
Fiji,2008,2445.6770833333335,2044307.8234666705
Fiji,2009,2180.9895833333335,2186520.875723055
Fiji,2010,1930.8854166666667,1037231.3091669315
Fiji,2011,2167.9557291666665,1206504.0835615497
Fiji,2012,1669.6744791666667,915593.057383971
Fiji,2013,2204.6875,1450748.0560712654
Fiji,2014,2078.9453125,1314359.5957115705
Fiji,2015,2043.4635416666667,1322057.4932493542
Fiji,2016,1490.625,1175510.1972449787
Fiji,2017,1771.6927083333333,1294720.4553114462
Fiji,2018,1951.8098958333333,1370564.6080407575
Fiji,2019,2099.8177083333335,1403601.9263583259
Fiji,2020,2338.8671875,1627609.473775884
Fiji,2021,2274.5703125,1748989.8587456772
Fiji,2022,2591.1458333333335,1964816.3545747185
Finland,2005,533.1724598930481,1153638.221333605
Finland,2006,498.0414438502674,1017091.943066345
Finland,2007,523.6372549019608,1195247.1789914377
Finland,2008,520.5744206773619,1163411.16612115
Finland,2009,549.7277183600713,1244363.493004803
Finland,2010,454.6599821746881,1028722.629420082
Finland,2011,513.8645276292335,1311531.7324399047
Finland,2012,472.2352941176471,1192246.5422570223
Finland,2013,521.1323529411765,1227479.5872941427
Finland,2014,531.1466131907308,1399281.336112114
Finland,2015,493.42557932263816,1292082.5466980014
Finland,2016,488.44251336898395,1165736.970891954
Finland,2017,482.8119429590018,1138379.1344512228
France,2005,2390.366587953096,5367226.020944428
France,2006,2331.6887629187718,5127896.325533739
France,2007,2223.5015100673722,4794187.368551848
France,2008,2313.2049205035537,5525393.115626671
France,2009,2386.7283191214565,5505585.251381369
France,2010,2251.741527403057,5489515.191749526
France,2011,2373.609923188289,5251998.721545537
France,2012,2186.584360035945,5401557.325731239
France,2013,2182.2140467095396,5478311.715695795
France,2014,2406.52677640174,5651755.284983827
France,2015,2367.9159413384477,5953149.929832507
France,2016,2172.743209963332,4348492.283044562
France,2017,2287.6915336932784,5554192.426142039
Gambia,2005,199.79090909090908,1375775.9297693148
Gambia,2006,210.39318181818183,1455484.6627589813
Gambia,2007,152.58636363636364,956588.6230839519
Gambia,2008,229.5590909090909,1479788.6575921418
Gambia,2009,298.5477272727273,1835486.2809440228
Gambia,2010,346.96590909090907,2098795.0668073962
Gambia,2011,185.87045454545455,1189099.0229774262
Gambia,2012,223.11818181818182,1526603.768226754
Gambia,2013,222.2659090909091,1385180.9530728927
Gambia,2014,173.0818181818182,1101302.2205537115
Gambia,2015,228.59318181818182,1369117.7798268062
Gambia,2016,168.09545454545454,1051559.4948235867
Gambia,2017,118.24318181818182,794678.952427467
Gambia,2018,94.30681818181819,531827.5880161877
Gambia,2019,93.84545454545454,577321.5996594873
Gambia,2020,106.69545454545455,642664.4655543822
Gambia,2021,112.06136363636364,652624.3734168109
Gambia,2022,107.61818181818182,724537.6039391983
Georgia,2005,2834.7763157894738,3962100.605017639
Georgia,2006,1212.3256578947369,1840086.4819112886
Georgia,2007,1589.578947368421,2405035.2901581204
Georgia,2008,1342.7105263157894,2153926.0047349255
Georgia,2009,1242.4868421052631,2035033.0049115107
Georgia,2010,948.7631578947369,1675892.5142738943
Georgia,2011,1265.3980263157894,2385618.7048736317
Georgia,2012,1188.9868421052631,2187093.1961438316
Georgia,2013,1520.1217105263158,2759220.879517118
Georgia,2014,1186.4440789473683,2093981.780212465
Georgia,2015,1137.1019736842106,2370418.8308296506
Georgia,2016,1244.8322368421052,2472740.028384799
Georgia,2017,1008.9901315789474,1913686.43361832
Georgia,2018,1316.296052631579,2314026.1659489917
Georgia,2019,1297.9736842105262,2279604.9716267674
Georgia,2020,1491.766447368421,2570829.2888707663
Georgia,2021,1452.6315789473683,2810356.9686212623
Georgia,2022,1366.9506578947369,2692434.1454519466
Germany,2005,1563.8722712096567,5251687.823573103
Germany,2006,1480.240475986645,4877486.776456304
Germany,2007,1513.2769454669976,4668849.621998809
Germany,2008,1624.9653283109324,5652251.575540259
Germany,2009,1687.3906343634962,5577987.552921043
Germany,2010,1490.7156065405359,5096288.471087782
Germany,2011,1493.2071740433182,5000730.357973634
Germany,2012,1558.2798561766972,5052676.871014208
Germany,2013,1557.1600034243643,5467108.666357563
Germany,2014,1755.9926376166425,6027443.93157326
Germany,2015,1588.9762862768598,5675211.70938597
Germany,2016,1552.515966098793,5315166.082616914
Germany,2017,1564.716548240733,5316036.169159527
Ghana,2005,1240.7590394700524,2305972.84189209
Ghana,2006,1272.1149068982356,2382217.1750382977
Ghana,2007,1246.148538185524,2122285.214705997
Ghana,2008,1406.206288880868,2506038.449996297
Ghana,2009,1554.392025308393,2754311.873980056
Ghana,2010,1557.086562347396,2731038.4353099456
Ghana,2011,1591.029533535744,2857771.474406227
Ghana,2012,1684.947026476146,3074290.9041173616
Ghana,2013,1723.0066455763392,3051926.4650783106
Ghana,2014,1761.9085330898745,3129915.6533132996
Ghana,2015,1786.5712647826917,3178270.283999285
Ghana,2016,1804.5797150682604,3201673.158499229
Ghana,2017,1928.898915051275,3438013.8758346085
Ghana,2018,1989.207838807618,3587284.1801685286
Ghana,2019,2101.891547591244,3699405.5052508693
Ghana,2020,2159.2214272065225,3771707.706264121
Ghana,2021,2363.383723645937,4139878.1621873095
Ghana,2022,2352.4656574449564,4021541.6300618434
Greece,2005,6768.017096497864,4755646.57942162
Greece,2006,6180.34701175309,4417103.297063427
Greece,2007,5910.0285731464,4231647.801667455
Greece,2008,6004.926730638119,4787280.148291541
Greece,2009,6170.5493223529,4865380.710928379
Greece,2010,6271.087531702792,4601160.848506838
Greece,2011,6133.599111217663,4570479.048694234
Greece,2012,6439.956497936682,4542198.94902555
Greece,2013,5098.664908330217,4384845.141741529
Greece,2014,6027.5191761494525,4030190.756336889
Greece,2015,6495.922877059388,4146922.14814907
Greece,2016,6132.367079312282,4092364.4791116402
Greece,2017,6245.935382747394,3997215.0271164333
Grenada,2005,4134.333333333333,3851460.4187013796
Grenada,2006,5657.666666666667,4658649.2704277625
Grenada,2007,5726.0,4968804.215559969
Grenada,2008,5782.0,5099047.033053337
Grenada,2009,5797.0,5086339.660779824
Grenada,2010,6526.333333333333,5759585.2308365
Grenada,2011,7697.333333333333,6321598.9114874825
Grenada,2012,8505.666666666666,6494253.4720435655
Grenada,2013,9788.666666666666,6820712.529055986
Grenada,2014,12021.0,8130250.566064375
Grenada,2015,16252.333333333334,8607423.681467755
Grenada,2016,15797.333333333334,8785073.074411727
Grenada,2017,12740.0,8218773.93470184
Grenada,2018,13363.666666666666,8146788.960025189
Grenada,2019,11588.333333333334,7085260.350705534
Grenada,2020,9566.0,6878027.530017404
Grenada,2021,10230.333333333334,7109506.286540842
Grenada,2022,8258.666666666666,6111398.440993384
Guinea,2005,117.25855491191717,846667.1823461058
Guinea,2006,121.25699426892025,890655.835403718
Guinea,2007,125.77692571662664,933905.698435539
Guinea,2008,131.20934332495958,995661.3759557046
Guinea,2009,129.8188644138897,937333.5362937764
Guinea,2010,138.47656643874234,1027430.303395635
Guinea,2011,145.20696436104052,1083690.2902970577
Guinea,2012,153.40084008725867,1140558.2640361483
Guinea,2013,159.5132473824147,1194409.2962629956
Guinea,2014,157.87460556848222,1201260.9679360655
Guinea,2015,163.77151613200533,1260170.8270011304
Guinea,2016,168.62577584239972,1316300.6837837887
Guinea,2017,173.38853694052307,1399934.9631869441
Guinea,2018,179.82560597830934,1475368.886822113
Guinea,2019,182.92755893202286,1511315.6041659135
Guinea,2020,190.9224376763619,1583649.3153539991
Guinea,2021,208.494671164154,1766428.8029780197
Guinea,2022,225.3652486270625,1943248.7101205862
Guinea-Bissau,2005,421.49720438752513,1802271.7239820175
Guinea-Bissau,2006,446.4965407218912,1881873.0789509749
Guinea-Bissau,2007,375.89515852759774,1818972.739644868
Guinea-Bissau,2008,440.0798421360679,2164721.671599403
Guinea-Bissau,2009,493.76975985417056,2124218.887202377
Guinea-Bissau,2010,545.2221762923466,2297307.4380118195
Guinea-Bissau,2011,474.5929833476811,2130869.6974274996
Guinea-Bissau,2012,533.2104603816899,2341581.6068825847
Guinea-Bissau,2013,567.6806213427283,2462444.157166871
Guinea-Bissau,2014,381.2398790990834,2080266.8992966486
Guinea-Bissau,2015,457.0671541132732,2337658.2605818743
Guinea-Bissau,2016,489.3175115446217,2459914.8059070697
Guinea-Bissau,2017,462.63436068773456,2447396.2979286355
Guinea-Bissau,2018,487.58818852149204,2558284.6725576045
Guinea-Bissau,2019,520.584379712816,2739460.6899612253
Guinea-Bissau,2020,549.598577100881,2884441.5629677232
Guinea-Bissau,2021,596.4470502274793,3055405.205495288
Guinea-Bissau,2022,638.2010995359398,3112109.2053559944
Guyana,2005,348.63917525773195,9032539.232420895
Guyana,2006,286.9072164948454,10077370.700007612
Guyana,2007,270.1340206185567,9716079.26452385
Guyana,2008,254.35051546391753,10646992.098485507
Guyana,2009,358.2886597938144,11622794.037279397
Guyana,2010,467.29896907216494,11724339.606413916
Guyana,2011,375.1546391752577,12816855.618434256
Guyana,2012,403.83505154639175,13418366.316296173
Guyana,2013,495.96907216494844,16928368.132297065
Guyana,2014,977.360824742268,20265465.854188047
Guyana,2015,2075.082474226804,22850302.457355015
Guyana,2016,1724.2680412371135,18323562.902532656
Guyana,2017,2338.3917525773195,21643289.066957064
Guyana,2018,2877.546391752577,21940865.16375334
Guyana,2019,2751.1649484536083,23540433.91546445
Guyana,2020,2726.742268041237,23793354.225462142
Guyana,2021,2655.175257731959,19977562.377217636
Guyana,2022,2768.855670103093,21758746.919578064
Honduras,2005,1085.9027504911592,1473121.785132984
Honduras,2006,1088.3094302554027,1323713.9405783317
Honduras,2007,1168.2475442043221,1460118.3097605768
Honduras,2008,1152.4037328094303,1449911.8674903132
Honduras,2009,1184.9135559921415,1457953.4245860982
Honduras,2010,1192.0039292730844,1495964.7915499224
Honduras,2011,1241.7966601178782,1580031.4665699461
Honduras,2012,1279.7170923379174,1645691.1987562664
Honduras,2013,1258.3025540275048,1612502.6942984278
Honduras,2014,1093.066797642436,1430406.3918218873
Honduras,2015,1157.1777996070728,1551291.3194544937
Honduras,2016,1196.2760314341847,1646134.7965271957
Honduras,2017,1252.3300589390963,1645044.5919766848
Honduras,2018,1288.3212180746561,1689687.2277767863
Honduras,2019,1209.0235756385068,1621421.6274751942
Honduras,2020,1226.9322200392928,1598458.4926172004
Honduras,2021,1111.0127701375245,1477086.2204736222
Honduras,2022,1197.8752455795677,1544136.133855377
Hungary,2005,1067.947879262005,3717123.757048844
Hungary,2006,1021.3677265791971,3286834.893734381
Hungary,2007,814.6665646754326,2682468.573831928
Hungary,2008,1169.722743908457,3949830.079897839
Hungary,2009,998.041333958472,3180050.0210333616
Hungary,2010,829.154950343219,2751398.687863172
Hungary,2011,971.2505372034342,3034098.0457172897
Hungary,2012,796.9734181726661,2724846.3084447957
Hungary,2013,986.2574855573415,3426478.34656147
Hungary,2014,1138.7349435239628,3792287.922639257
Hungary,2015,1033.850391890056,3566824.12608906
Hungary,2016,1194.1229401370174,3854693.0993126393
Hungary,2017,1114.1624561097856,3484893.5209267177
Iceland,2005,208.8099173553719,59755.093177481554
Iceland,2006,220.3801652892562,61753.28156200961
Iceland,2007,216.43801652892563,57833.826865620154
Iceland,2008,220.5785123966942,56778.548079156615
Iceland,2009,197.6694214876033,45903.2500524123
Iceland,2010,219.71900826446281,56711.72906987725
Iceland,2011,183.04132231404958,37347.873434334455
Iceland,2012,218.3305785123967,47916.894758751245
Iceland,2013,159.05785123966942,31187.59533939975
Iceland,2014,195.97520661157026,41552.45466243141
Iceland,2015,204.9917355371901,44020.42008708295
Iceland,2016,221.11570247933884,47470.18639695698
Iceland,2017,208.63636363636363,43629.75952994328
Iceland,2018,159.19834710743802,30939.081678609356
Iceland,2019,204.099173553719,40880.19983031062
Iceland,2020,191.46280991735537,37397.54778874828
Iceland,2021,186.58677685950414,33919.23880957383
Iceland,2022,208.28925619834712,37780.895089164274
India,2005,868.7691713779345,3500512.994150345
India,2006,915.6669615067912,3540792.9618348298
India,2007,974.3126379829037,3831398.050519201
India,2008,1004.7175026499866,3887363.6201758115
India,2009,971.0210978581089,3698604.7335405676
India,2010,1016.2011247251716,4002574.1613377654
India,2011,1120.6371926194215,4259083.3485868685
India,2012,1134.991476499119,4292466.976462131
India,2013,1145.9681143728387,4435853.335005811
India,2014,1177.479701849694,4468352.284368059
India,2015,1136.223806401172,4293554.271615147
India,2016,1178.5062654068047,4456898.53645322
India,2017,1205.4431148115243,4731079.951466302
India,2018,1261.4019810396787,4921903.170384964
India,2019,1282.8774533092176,4895885.888101877
India,2020,1339.2016634962147,5179424.105181445
India,2021,1402.5311905540243,5382787.394521122
India,2022,1425.3493595513578,5510991.882213759
Indonesia,2005,3496.168595195059,7465028.025845592
Indonesia,2006,3586.3157438355256,7506690.550744111
Indonesia,2007,3599.751457903133,7595296.744594432
Indonesia,2008,3853.240216178427,7998355.762997073
Indonesia,2009,3983.1430222613258,8223695.908182483
Indonesia,2010,4111.468639287972,8172424.613865084
Indonesia,2011,4108.966235715282,8029831.438586669
Indonesia,2012,4319.391271492624,8330327.827019378
Indonesia,2013,4380.383619030032,8299056.333631753
Indonesia,2014,4425.097522041255,8216955.058042244
Indonesia,2015,4619.332344106021,8472422.731441151
Indonesia,2016,4367.6622990070855,7738037.3608958945
Indonesia,2017,4654.268091098512,7873103.926034187
Indonesia,2018,4842.256182806598,8251328.256949443
Indonesia,2019,4738.7889930007495,7747632.115630625
Indonesia,2020,4718.143095084081,7751612.342892072
Indonesia,2021,4891.7265645547295,7802928.027391655
Indonesia,2022,4906.20530292495,7958187.244890684
Iran (Islamic Republic of),2005,1438.3902796356456,3098081.0232780725
Iran (Islamic Republic of),2006,1429.649340722339,3111942.6441327576
Iran (Islamic Republic of),2007,1526.3318682718646,3352317.7133561643
Iran (Islamic Republic of),2008,1062.3929549652844,1994731.9262065343
Iran (Islamic Republic of),2009,1230.2789349640104,2656324.733736509
Iran (Islamic Republic of),2010,1327.115676157717,2767069.731774906
Iran (Islamic Republic of),2011,1249.2458755334735,2326014.6389059518
Iran (Islamic Republic of),2012,1295.6163449901267,2425336.5768066165
Iran (Islamic Republic of),2013,1358.1512198229186,2515264.7515609046
Iran (Islamic Republic of),2014,1323.320721065036,2664280.9350831946
Iran (Islamic Republic of),2015,1332.860628065482,2759056.5334557923
Iran (Islamic Republic of),2016,1396.9717816421428,3195020.3505132846
Iran (Islamic Republic of),2017,1324.2757500477737,2854493.8476126944
Iran (Islamic Republic of),2018,1321.215300337601,2921623.391848124
Iran (Islamic Republic of),2019,1435.2932670870757,3170046.596005086
Iran (Islamic Republic of),2020,1422.2394420026753,3146270.425251115
Iran (Islamic Republic of),2021,1211.749219695522,2771132.79745095
Iran (Islamic Republic of),2022,1273.4274157589655,2899482.2307597646
Iraq,2005,845.3497685651037,1460225.6204486024
Iraq,2006,852.69591467096,1437974.7531749934
Iraq,2007,806.5037230831153,1459699.4170715592
Iraq,2008,617.7200643992755,1005138.4071804441
Iraq,2009,651.9706178305494,1137611.3025472597
Iraq,2010,809.0895552425035,1566588.773705831
Iraq,2011,874.8877037633326,1696591.732503204
Iraq,2012,894.722881867579,1849175.3374569188
Iraq,2013,1094.0674179915477,2442979.503257757
Iraq,2014,1040.2026564701148,2648395.459998974
Iraq,2015,513.3310525256591,1414661.8784085987
Iraq,2016,561.7713825719461,1623766.566290426
Iraq,2017,545.4441537532703,1638577.6863621043
Iraq,2018,477.4179915475951,1222177.8299775876
Iraq,2019,977.0012074864158,2458371.207675133
Iraq,2020,1244.212115113705,3223563.3793183006
Iraq,2021,904.3682833568122,2398439.8388887416
Iraq,2022,691.6226604950695,1619965.4143401184
Ireland,2005,1800.5193621867882,4237824.51556081
Ireland,2006,1626.3097949886105,4238203.151342606
Ireland,2007,1613.2186788154897,3878184.6603133627
Ireland,2008,1763.1753986332574,5034874.838508689
Ireland,2009,1573.73576309795,3673106.681906174
Ireland,2010,1639.9863325740318,3685785.2582779066
Ireland,2011,1915.9544419134397,4776567.533959393
Ireland,2012,1607.1776765375855,3636111.462762612
Ireland,2013,1911.890660592255,3162625.2199793914
Ireland,2014,1959.756264236902,3844156.129775979
Ireland,2015,1969.4077448747153,3783782.912181493
Ireland,2016,1799.0569476082005,3554728.461356937
Ireland,2017,1864.9430523917995,3773405.7291590543
Israel,2005,12323.025055268976,6787375.106168971
Israel,2006,11904.63890935888,6061989.939114567
Israel,2007,12072.822402358142,6498909.055026038
Israel,2008,11204.778924097274,5445504.50375304
Israel,2009,11782.22549742078,6225539.311584377
Israel,2010,11420.766396462786,5998177.950435081
Israel,2011,11354.314664701547,6214789.865159588
Israel,2012,11599.204126750185,7002338.684725005
Israel,2013,11699.985261606485,6812568.91835792
Israel,2014,11774.24834193073,6631170.215908691
Israel,2015,10960.663227708179,6439025.462286221
Israel,2016,11203.806190125277,6302721.492160129
Israel,2017,10991.805453205601,5688146.744940514
Israel,2018,10403.34193072955,5390780.428635513
Israel,2019,10756.860722181282,5619583.36694084
Israel,2020,10767.372881355932,5956510.485422912
Israel,2021,10906.499631540162,6234674.976528453
Israel,2022,11697.8297715549,6377371.136983005
Italy,2005,4831.340549203562,4878826.321873801
Italy,2006,4471.818738348646,4673875.422073885
Italy,2007,4402.041392752069,4658370.158448622
Italy,2008,4410.98813645665,5040306.5235616965
Italy,2009,4427.203871224368,4465703.717432336
Italy,2010,4222.356428004495,4474669.224433194
Italy,2011,4203.546147443206,4490864.228882711
Italy,2012,3872.6528436749813,4473489.489814276
Italy,2013,3913.7030157624904,4442508.434916004
Italy,2014,3665.038506018158,4400384.553698161
Italy,2015,4058.4339535578983,4519683.547221463
Italy,2016,3837.9917106089833,4680809.138203916
Italy,2017,3798.821705540155,4265823.54388421
Jamaica,2005,6641.975,3391811.618297897
Jamaica,2006,7004.991666666667,3699612.6197082545
Jamaica,2007,6961.241666666667,3635050.375154351
Jamaica,2008,6385.541666666667,3299526.322303256
Jamaica,2009,7152.816666666667,3608268.8033327884
Jamaica,2010,6992.683333333333,3031023.364221423
Jamaica,2011,7367.708333333333,3211109.149875069
Jamaica,2012,7343.783333333334,3318622.383014563
Jamaica,2013,7043.158333333334,3237775.050172724
Jamaica,2014,6784.7,3174282.847659625
Jamaica,2015,6836.908333333334,3141234.3253226844
Jamaica,2016,7326.075,3455771.3059866703
Jamaica,2017,7020.0,3394359.11135376
Jamaica,2018,7254.083333333333,3542448.554724282
Jamaica,2019,7279.333333333333,3594768.274347359
Jamaica,2020,7236.166666666667,3571393.695683748
Jamaica,2021,7814.058333333333,3857277.9254587567
Jamaica,2022,8450.258333333333,4167542.7777421386
Japan,2005,13191.587289812067,7430248.083201509
Japan,2006,12462.938674579624,7023297.457827165
Japan,2007,12662.937932739862,7210040.63186953
Japan,2008,12829.226261127596,7262438.98090739
Japan,2009,12223.66790306627,6895702.557645411
Japan,2010,11778.70771513353,6781475.417995301
Japan,2011,11697.105588526212,6875618.358439916
Japan,2012,11905.312809099902,7098130.297088322
Japan,2013,11864.64193867458,7122737.004260429
Japan,2014,11907.874381800199,7162292.301085913
Japan,2015,11571.577645895153,7045515.319203349
Japan,2016,11477.923343224531,6898045.424944192
Japan,2017,11460.451038575668,6903094.068259188
Japan,2018,11337.075173095946,6717209.908015945
Japan,2019,11240.654055390702,6844332.970569388
Japan,2020,10938.954253214639,6726611.684080431
Japan,2021,11015.610039564788,6829819.637784235
Japan,2022,10948.903808110781,6729311.6712057
Jordan,2005,3892.4117647058824,3008166.7922579665
Jordan,2006,3904.3382352941176,2860789.165763242
Jordan,2007,3511.9901960784314,2490276.2178387195
Jordan,2008,3359.406862745098,2511526.1591605735
Jordan,2009,3795.6372549019607,2746630.8104329174
Jordan,2010,4434.21568627451,3384837.5729963547
Jordan,2011,4586.916666666667,3486254.9365232787
Jordan,2012,4290.568627450981,3187896.632228727
Jordan,2013,4485.808823529412,3281341.435071954
Jordan,2014,4890.9607843137255,3553580.4729347727
Jordan,2015,5633.220588235294,3921916.690093239
Jordan,2016,5853.112745098039,4351367.971599164
Jordan,2017,4832.598039215686,3351470.745631199
Jordan,2018,4925.759803921569,3537554.7610101574
Jordan,2019,5049.1225490196075,3399482.7850873293
Jordan,2020,4676.524509803921,3400999.840972457
Jordan,2021,5087.524509803921,3868505.5389330033
Jordan,2022,4794.656862745098,3614197.545161161
Kazakhstan,2005,123.43097503513685,828279.9384042001
Kazakhstan,2006,132.2594768400085,971224.5458003723
Kazakhstan,2007,148.84252284316997,1171443.7111221263
Kazakhstan,2008,129.91577265695307,908668.0505862744
Kazakhstan,2009,162.5033620157939,1217598.8522255563
Kazakhstan,2010,113.57526365281753,740705.4476240863
Kazakhstan,2011,190.8090745777679,1614512.2641703775
Kazakhstan,2012,130.6601684546861,782498.6828325973
Kazakhstan,2013,160.6161167790709,1057202.7409983631
Kazakhstan,2014,163.88413094840865,1002603.1798887425
Kazakhstan,2015,171.68791730283758,1077713.7120221318
Kazakhstan,2016,183.81291351109044,1179472.0541097654
Kazakhstan,2017,187.90365254788554,1193907.415066953
Kazakhstan,2018,192.96929190386152,1146706.571969224
Kazakhstan,2019,184.97908640801896,931102.3281071618
Kazakhstan,2020,200.7627984104996,1112246.2892544377
Kazakhstan,2021,187.39070499533193,956168.6631026277
Kazakhstan,2022,215.07389693862763,1270549.7232292006
Kenya,2005,1128.3962149941854,995325.0490519806
Kenya,2006,1102.5124865449168,1061032.5284672598
Kenya,2007,1188.6934735535363,1030056.47151122
Kenya,2008,1153.3503818794209,973092.8094529286
Kenya,2009,1095.1138399292574,1011358.2084427099
Kenya,2010,1340.1497361590657,1189906.1411611205
Kenya,2011,1213.5399831870734,1098345.4397547245
Kenya,2012,1285.0551575294735,1294153.0296408478
Kenya,2013,1372.099815039112,1320460.6241132594
Kenya,2014,1355.356398351674,1208732.7630112616
Kenya,2015,1322.284663595741,1319820.643021769
Kenya,2016,1341.937690907858,1129689.6088948324
Kenya,2017,1304.963154607167,1163728.1571491484
Kenya,2018,1488.5326405554003,1357110.6773668404
Kenya,2019,1468.452904528569,1445808.409052876
Kenya,2020,1945.0390430181037,1526772.6908670086
Kenya,2021,1654.1162787881935,1348565.6987394597
Kenya,2022,1626.7031840868588,1347815.7208431372
Kuwait,2005,12782.5,13869165.323625987
Kuwait,2006,15503.5,16783890.612879746
Kuwait,2007,16688.5,17653540.762863666
Kuwait,2008,16217.375,17504305.792047456
Kuwait,2009,16782.625,17975099.68804976
Kuwait,2010,18025.125,19570470.8244808
Kuwait,2011,30203.0,37460897.724060014
Kuwait,2012,29331.0,36862038.0454589
Kuwait,2013,32729.875,38497615.75191763
Kuwait,2014,33801.875,38455418.5563078
Kuwait,2015,26877.0,32636309.072875053
Kuwait,2016,24395.625,30124399.566073835
Kuwait,2017,27044.0,31923172.767500762
Kuwait,2018,27678.75,32629999.26836437
Kuwait,2019,33731.75,36775146.545091614
Kuwait,2020,27735.375,33461937.42409773
Kuwait,2021,26578.0,29979626.13072516
Kuwait,2022,25051.125,30812029.66165665
Kyrgyzstan,2005,746.0184936857939,2272158.506603038
Kyrgyzstan,2006,767.655872852995,2193825.9046677793
Kyrgyzstan,2007,776.4611683127524,2081846.3440722094
Kyrgyzstan,2008,777.8122412807985,2127360.593308624
Kyrgyzstan,2009,872.2349840833032,2635083.8799096965
Kyrgyzstan,2010,791.5484089133502,2243496.291543631
Kyrgyzstan,2011,801.3013211441365,2251590.331751066
Kyrgyzstan,2012,780.7133945125292,1902445.3489409806
Kyrgyzstan,2013,853.464553768895,2342224.0616395185
Kyrgyzstan,2014,803.242419648861,1991806.0853499777
Kyrgyzstan,2015,977.7376135449341,2436045.159343324
Kyrgyzstan,2016,998.4040547736487,2364012.0936450204
Kyrgyzstan,2017,1015.5085763593326,2303429.481800204
Kyrgyzstan,2018,1038.4332839701956,2356749.516068929
Kyrgyzstan,2019,1059.5995755547522,2334523.608838018
Kyrgyzstan,2020,1049.0001049452535,2362620.844002222
Kyrgyzstan,2021,930.3513333877494,1898345.4106675354
Kyrgyzstan,2022,1025.9362477018933,2241269.8242266467
Lao People's Democratic Republic,2005,1171.512254901961,4563746.549359872
Lao People's Democratic Republic,2006,1207.6339869281046,4717175.7391978605
Lao People's Democratic Republic,2007,1317.2475490196077,4927759.057123083
Lao People's Democratic Republic,2008,1479.075980392157,5398919.87648427
Lao People's Democratic Republic,2009,1613.9428104575163,5916314.232365474
Lao People's Democratic Republic,2010,1658.8570261437908,5940520.2211945215
Lao People's Democratic Republic,2011,1791.5972222222222,6271429.927366296
Lao People's Democratic Republic,2012,1875.7769607843138,6955203.713529126
Lao People's Democratic Republic,2013,1831.1021241830065,7042886.758895183
Lao People's Democratic Republic,2014,2266.2450980392155,8358687.888778656
Lao People's Democratic Republic,2015,2494.6617647058824,9127811.073478796
Lao People's Democratic Republic,2016,2524.9436274509803,9260011.350959923
Lao People's Democratic Republic,2017,2295.149509803922,8799962.150518082
Lao People's Democratic Republic,2018,2240.3382352941176,8485396.963158522
Lao People's Democratic Republic,2019,2014.9591503267975,8231447.661045094
Lao People's Democratic Republic,2020,2013.8063725490197,8388762.383169442
Lao People's Democratic Republic,2021,1922.6135620915034,8220565.76996327
Lao People's Democratic Republic,2022,2007.1674836601308,8500174.978875404
Latvia,2005,374.5705882352941,1387238.66613543
Latvia,2006,331.24926470588235,1227142.720912444
Latvia,2007,384.59852941176473,1622961.6742681733
Latvia,2008,382.62426470588235,1891226.724087084
Latvia,2009,358.2029411764706,1893703.6336362383
Latvia,2010,333.6360294117647,1722344.6585001985
Latvia,2011,336.70441176470587,1671045.3841560895
Latvia,2012,450.1441176470588,2600563.9170420473
Latvia,2013,424.5816176470588,2409201.366408813
Latvia,2014,423.46911764705885,2524465.2257038257
Latvia,2015,554.7904411764706,3759884.962838386
Latvia,2016,518.3558823529412,3513535.231156671
Latvia,2017,516.6264705882353,3623977.9193290914
Lebanon,2005,12520.448716897965,8636743.424833238
Lebanon,2006,12763.195736951046,8529228.480043784
Lebanon,2007,12581.463307051885,8358619.64331559
Lebanon,2008,12868.363759911426,8826564.422096452
Lebanon,2009,11016.125018440727,7680409.664582082
Lebanon,2010,11830.30359024184,7008840.834710263
Lebanon,2011,10749.922884233962,7374074.187971926
Lebanon,2012,10597.621109006675,7662256.184011076
Lebanon,2013,11169.238930720985,8037537.1131737325
Lebanon,2014,12357.089956472435,8623479.893730758
Lebanon,2015,17862.81291491635,9049329.83192323
Lebanon,2016,15351.096534037484,9965641.463450408
Lebanon,2017,14811.368130549916,9733215.96265675
Lebanon,2018,14876.286939197014,9380540.474779945
Lebanon,2019,12915.01321026601,8989888.932201777
Lebanon,2020,14600.152890388323,9313273.89741974
Lebanon,2021,12756.393157782584,8864456.262278391
Lebanon,2022,14452.12787358677,8938555.471461086
Lithuania,2005,398.54494138080764,1634963.5219180204
Lithuania,2006,270.818063395571,961837.5652218866
Lithuania,2007,381.8349978289188,1607353.1170172552
Lithuania,2008,427.6938775510204,1973974.5348984757
Lithuania,2009,471.71949630916197,2359052.1559391725
Lithuania,2010,375.9105514546244,1830972.2948193976
Lithuania,2011,448.3881893182805,2021567.4503637748
Lithuania,2012,585.3881893182805,3105700.185030045
Lithuania,2013,539.1437255753365,2967956.582301292
Lithuania,2014,587.0334346504559,3354196.5690185977
Lithuania,2015,648.3391228831958,4550867.086393528
Lithuania,2016,562.1723838471559,4189354.7204794046
Lithuania,2017,574.8015631784629,4238655.626985374
Luxembourg,2005,1239.148159019013,3136912.6575774434
Luxembourg,2006,1326.6966702540522,3267248.819174646
Luxembourg,2007,1153.0998271532467,3030239.706239715
Luxembourg,2008,1236.1804128754525,4017123.697806212
Luxembourg,2009,1230.8808661905227,3846387.9938826007
Luxembourg,2010,1074.862211786192,3546584.761235105
Luxembourg,2011,1086.1135570557349,3261816.1936361184
Luxembourg,2012,948.635162899912,3336736.5364577807
Luxembourg,2013,1053.5172683690441,3767488.3413017495
Luxembourg,2014,1148.012262335714,3491939.257931898
Luxembourg,2015,1072.4651860548545,3799657.005673829
Luxembourg,2016,871.0008805400646,3050309.0490660015
Luxembourg,2017,882.9044777092913,3335280.489381712
Madagascar,2005,461.6856666666667,2760160.5298933135
Madagascar,2006,474.9073333333333,2833883.6006313316
Madagascar,2007,487.49833333333333,2911531.834625698
Madagascar,2008,518.3696666666667,3117786.3377487212
Madagascar,2009,583.8813333333334,3512445.472691513
Madagascar,2010,602.7516666666667,3646311.99210328
Madagascar,2011,570.4056666666667,3415416.4224484907
Madagascar,2012,597.233,3593615.5800966453
Madagascar,2013,505.143,2993920.743806205
Madagascar,2014,542.258,3256273.765067263
Madagascar,2015,514.5293333333333,3089993.3755311486
Madagascar,2016,525.9646666666666,3158843.295718322
Madagascar,2017,501.041,3012032.746400603
Madagascar,2018,542.52,3293216.372503886
Madagascar,2019,532.0956666666667,3205438.4853779622
Madagascar,2020,568.6143333333333,3426589.26308186
Madagascar,2021,606.3723333333334,3675080.3777340115
Madagascar,2022,635.872,3859556.0006718985
Malawi,2005,417.03125,649025.7228745815
Malawi,2006,623.60525,962001.4406487037
Malawi,2007,740.50425,1144692.8639602761
Malawi,2008,734.95175,1100292.134981191
Malawi,2009,857.59675,1277809.1830165423
Malawi,2010,871.057,1292134.9494466602
Malawi,2011,895.378,1368788.4778213478
Malawi,2012,949.401,1436366.3164253163
Malawi,2013,1046.89025,1592763.540327643
Malawi,2014,1111.6035,1969055.1330455453
Malawi,2015,1038.507,1787606.2425646472
Malawi,2016,999.5845,1699320.5013723243
Malawi,2017,1222.61475,2145676.6766370786
Malawi,2018,1185.8385,2093700.3714269884
Malawi,2019,1351.948,2295290.7138227974
Malawi,2020,1443.84225,2472077.5104148975
Malawi,2021,1561.27425,2630192.7461885666
Malawi,2022,1522.094,2576895.800626564
Malaysia,2005,17340.42713247482,7011271.15722216
Malaysia,2006,18360.54315950529,6640863.848847779
Malaysia,2007,18157.863062603596,7027052.44903097
Malaysia,2008,19501.113094479155,7001588.638382058
Malaysia,2009,18719.24518679077,7299012.6708197035
Malaysia,2010,18456.7754685707,7294310.898610034
Malaysia,2011,20325.375494071148,7543467.717417436
Malaysia,2012,20547.365803901568,7669839.575459176
Malaysia,2013,20407.694759658294,7691626.705784963
Malaysia,2014,20371.954609205663,8446635.164885657
Malaysia,2015,21014.82978452123,8240728.444913462
Malaysia,2016,18738.051765905904,8167849.162538886
Malaysia,2017,21475.923753665687,7812432.985609656
Malaysia,2018,20634.69335713375,7956771.294430105
Malaysia,2019,20682.811424199925,7296403.310980288
Malaysia,2020,20119.333163330357,7473393.996250289
Malaysia,2021,19125.970929491265,7790940.154743049
Malaysia,2022,19629.79854647456,7519960.7148054475
Maldives,2005,3087.0,3926307.549643981
Maldives,2006,5454.25,3781853.0161110745
Maldives,2007,4167.25,3167689.2612437606
Maldives,2008,4039.25,3100844.9817653582
Maldives,2009,2407.25,2898268.9961047545
Maldives,2010,1906.75,2662427.6886797193
Maldives,2011,1093.25,2312032.538665443
Maldives,2012,515.25,2012045.8124958596
Maldives,2013,277.0,1867578.3390146077
Maldives,2014,687.75,1978553.2627362346
Maldives,2015,908.75,2027658.3464544138
Maldives,2016,1043.75,2098525.931308181
Maldives,2017,1019.75,2073459.8301680603
Maldives,2018,871.0,2021155.7085869836
Maldives,2019,1256.0,2155954.0224639056
Maldives,2020,1324.25,2213549.4873243696
Maldives,2021,280.25,1837350.6600561393
Maldives,2022,254.5,1819079.5164791301
Mali,2005,185.91703632657953,861115.0320634581
Mali,2006,195.10850017983455,906789.2728776977
Mali,2007,239.26507612996045,986578.9265923152
Mali,2008,256.88826279822564,1243892.3378736551
Mali,2009,309.22107660951923,1378401.8206175745
Mali,2010,310.73492387003955,1285292.9729227195
Mali,2011,299.7025536506414,1524173.797281636
Mali,2012,337.52943292171204,1617934.8424297702
Mali,2013,365.241218079367,1702237.7884817682
Mali,2014,319.01102985253567,1666054.5583808825
Mali,2015,363.4594173360508,1835768.198026069
Mali,2016,458.4227310873996,1952166.4088272662
Mali,2017,472.93082364224915,1900160.2574256763
Mali,2018,472.0366862486512,2162602.7389818146
Mali,2019,501.34947847979856,2147007.8279903536
Mali,2020,548.7912720297327,2243672.466955488
Mali,2021,523.8757942692723,1840598.6017412015
Mali,2022,591.6477640570675,2149902.862424613
Malta,2005,6225.479452054795,7134036.896353133
Malta,2006,7130.684931506849,7611541.690396385
Malta,2007,6196.986301369863,7348752.052602751
Malta,2008,7219.315068493151,8498952.076797483
Malta,2009,6041.506849315068,7543537.637548224
Malta,2010,6577.808219178082,7814190.904811038
Malta,2011,6840.821917808219,7941933.4979665745
Malta,2012,6002.739726027397,7221935.945832994
Malta,2013,6027.945205479452,7241324.798737323
Malta,2014,6134.3835616438355,7247144.7986633405
Malta,2015,5522.465753424657,6537603.227291638
Malta,2016,5243.561643835616,6490041.122020813
Malta,2017,5412.876712328767,7047001.01591013
Mauritius,2005,3331.5733333333333,473304.1379750304
Mauritius,2006,3238.9466666666667,475390.76889984385
Mauritius,2007,2935.1066666666666,487726.9412880425
Mauritius,2008,3093.3333333333335,454673.88128998573
Mauritius,2009,3289.8133333333335,536258.5392253973
Mauritius,2010,3104.4933333333333,576938.4541931468
Mauritius,2011,3043.1466666666665,562066.587553031
Mauritius,2012,2908.5333333333333,607774.8124536249
Mauritius,2013,2803.4133333333334,577396.218137875
Mauritius,2014,2926.173333333333,567638.7565447466
Mauritius,2015,2822.96,498564.50596242084
Mauritius,2016,2732.266666666667,500363.90924517805
Mauritius,2017,2664.92,503444.6029503054
Mauritius,2018,2331.9066666666668,458172.2097668974
Mauritius,2019,2423.8,455069.6059412825
Mauritius,2020,1944.04,470583.6630317996
Mauritius,2021,2051.0,564962.0186430594
Mauritius,2022,1892.0133333333333,567313.4010541949
Mexico,2005,719.7789052321305,1841861.7658509768
Mexico,2006,758.3058038939721,1999353.8958256228
Mexico,2007,797.2620959875006,2069811.3672254542
Mexico,2008,825.0036184811692,2186566.3978657364
Mexico,2009,761.3345807550457,2059891.3027296572
Mexico,2010,799.8604805952274,2157725.6147913868
Mexico,2011,737.9614547330078,1947677.9713778317
Mexico,2012,834.4170132169975,2127251.7364508086
Mexico,2013,860.2558303892149,2131252.4489446143
Mexico,2014,912.9953619816093,2368431.0541744074
Mexico,2015,918.5843684629931,2118188.243928313
Mexico,2016,1012.7677574934522,2235623.803242028
Mexico,2017,1035.2467883064312,2225916.917589984
Mexico,2018,1048.1900687302168,2177496.788479747
Mexico,2019,1071.0654819190156,2144654.039015549
Mexico,2020,1064.0116035908957,2181528.1926075676
Mexico,2021,1075.554086577442,2198981.763772473
Mexico,2022,1090.231121638869,2235113.311147427
Mongolia,2005,79.70481124950088,182706.2929625653
Mongolia,2006,109.44323227658245,286704.5337338452
Mongolia,2007,108.1626931906197,258587.79608254976
Mongolia,2008,137.5809794462106,436174.82466720283
Mongolia,2009,183.77485253901423,739666.1347279139
Mongolia,2010,184.9233141646079,674751.3360984239
Mongolia,2011,226.5032229961728,844873.3137275723
Mongolia,2012,254.40218111493493,913080.5454154146
Mongolia,2013,212.1548875001804,734481.4901262788
Mongolia,2014,242.74612656606914,941899.8868450332
Mongolia,2015,159.95192730316631,449769.12456757494
Mongolia,2016,228.41615945860488,889462.2123015969
Mongolia,2017,146.25173351666734,471770.4558691153
Mongolia,2018,223.70947856955738,845724.2276663232
Mongolia,2019,235.6882919454179,816328.9152912465
Mongolia,2020,272.36121698446163,831902.3838430103
Mongolia,2021,279.8992537623489,1083419.9518359164
Mongolia,2022,272.6892239224644,819013.2950566725
Morocco,2005,647.9746050211609,1419678.1278106638
Morocco,2006,871.6055936616597,2414543.155024548
Morocco,2007,608.5278554345488,1024054.5200127823
Morocco,2008,733.7327600586309,1655590.9090772015
Morocco,2009,989.4211155057051,2417994.080771831
Morocco,2010,919.4542293091246,2071917.9575862535
Morocco,2011,969.1159150124531,2431942.8793624486
Morocco,2012,825.6078314684798,1836432.3372244253
Morocco,2013,1010.5770515142176,2685755.3711814876
Morocco,2014,945.679809977574,2235082.987081724
Morocco,2015,1125.4616964044408,3055867.8357618563
Morocco,2016,741.7572849829266,1480647.9014049072
Morocco,2017,1073.9364809558172,2789770.1451894077
Morocco,2018,1130.4175799198954,2891667.7871918776
Morocco,2019,967.6461850345672,2007596.6807510303
Morocco,2020,829.9354101463128,1494715.5301317328
Morocco,2021,1157.6419892558854,2973658.352257388
Morocco,2022,932.2509033173128,1621447.0587471672
Mozambique,2005,183.36619469026547,456031.22561837954
Mozambique,2006,243.83610619469027,567656.2600051886
Mozambique,2007,252.07787610619468,595540.24052828
Mozambique,2008,242.701592920354,550772.3612858935
Mozambique,2009,310.12265486725664,694875.8109440907
Mozambique,2010,360.87557522123893,799272.856371277
Mozambique,2011,387.64194690265487,848097.5384584679
Mozambique,2012,433.92035398230087,902037.0414502524
Mozambique,2013,387.869203539823,777373.9733662475
Mozambique,2014,349.470796460177,663802.9732590759
Mozambique,2015,340.3469026548673,567014.882128782
Mozambique,2016,347.9263716814159,678234.4832785637
Mozambique,2017,397.7807079646018,776010.8913314975
Mozambique,2018,442.3446017699115,796370.2218233009
Mozambique,2019,483.05929203539824,853869.6753490302
Mozambique,2020,534.2470796460177,836554.8509782741
Mozambique,2021,613.0950442477877,929882.9599423937
Mozambique,2022,694.569203539823,1027930.6313631969
Namibia,2005,83.30625,529557.9103564201
Namibia,2006,110.34375,645581.964995406
Namibia,2007,89.49625,484133.60105711344
Namibia,2008,88.42,464039.8629150358
Namibia,2009,87.29,463108.2642754495
Namibia,2010,91.6075,503361.4393205827
Namibia,2011,93.085,506241.9325895251
Namibia,2012,113.585,562583.0804886746
Namibia,2013,80.39,461702.0681277281
Namibia,2014,99.2325,514125.42499869363
Namibia,2015,100.69375,526377.6087820237
Namibia,2016,83.725,446134.47149438487
Namibia,2017,113.26375,563954.4367455543
Namibia,2018,114.48375,637419.7807539568
Namibia,2019,86.54125,427738.51776210655
Namibia,2020,127.81875,679609.8063613282
Namibia,2021,130.45625,597924.2999021079
Namibia,2022,136.97875,590431.4114956056
Nepal,2005,1639.0026610488967,8183108.415787268
Nepal,2006,1597.0162989244927,7650206.550572092
Nepal,2007,1716.5572679897994,8478178.687425235
Nepal,2008,1789.3319658498724,8881598.664405309
Nepal,2009,1749.549839228296,8290230.001442986
Nepal,2010,1871.6559485530547,9088131.74822722
Nepal,2011,2041.162545736778,10118941.108357461
Nepal,2012,2006.561703071294,9869791.466024539
Nepal,2013,2060.960749528773,10273243.917934928
Nepal,2014,2116.0001108770375,10324344.547605494
Nepal,2015,2032.9764940680784,9886646.722129043
Nepal,2016,2220.1679787116086,10795452.514541075
Nepal,2017,2186.24958421111,10874472.83701565
Nepal,2018,2397.51136489633,11487827.251522996
Nepal,2019,2438.851313892893,11609907.3965789
Nepal,2020,2517.520789444506,11950399.35018798
Nepal,2021,2506.963632331744,11502245.124521388
Nepal,2022,2605.9091917063975,12005642.574396161
Netherlands (Kingdom of the),2005,3397.546085232904,6886913.635242367
Netherlands (Kingdom of the),2006,3321.8374628344895,6595028.186763695
Netherlands (Kingdom of the),2007,3510.609514370664,6712266.605493402
Netherlands (Kingdom of the),2008,3534.7611496531217,7408061.673231265
Netherlands (Kingdom of the),2009,3743.416253716551,7690850.676055107
Netherlands (Kingdom of the),2010,3580.7740336967295,7414451.666787944
Netherlands (Kingdom of the),2011,3743.4806739345886,7393612.853349979
Netherlands (Kingdom of the),2012,3514.458870168484,7172400.521238003
Netherlands (Kingdom of the),2013,3650.5668979187312,7229952.736262363
Netherlands (Kingdom of the),2014,3886.3657086223984,7460012.082024777
Netherlands (Kingdom of the),2015,3754.954410307235,7269948.627625222
Netherlands (Kingdom of the),2016,3712.5827552031715,6621380.132358867
Netherlands (Kingdom of the),2017,3954.7443012884046,7203216.056883585
New Caledonia,2005,5252.261306532663,2514272.4809548026
New Caledonia,2006,4729.98324958124,2504182.4207812073
New Caledonia,2007,4049.748743718593,2389999.9718591818
New Caledonia,2008,4365.1591289782245,2415304.78918432
New Caledonia,2009,4110.217755443886,2199657.7575789327
New Caledonia,2010,4221.440536013401,2216692.8267787844
New Caledonia,2011,3316.0804020100504,2164446.38336841
New Caledonia,2012,4269.514237855947,2471821.9316648524
New Caledonia,2013,3104.355108877722,2106673.655952703
New Caledonia,2014,3641.708542713568,2263618.9086826933
New Caledonia,2015,4400.335008375209,3084047.567730046
New Caledonia,2016,5001.340033500837,3276146.354641367
New Caledonia,2017,5086.934673366834,3197269.5225042463
New Caledonia,2018,5123.115577889447,3336880.775511124
New Caledonia,2019,5034.170854271357,3305124.212363205
New Caledonia,2020,5302.680067001675,3377764.6514198924
New Caledonia,2021,4742.546063651591,3039533.819467311
New Caledonia,2022,3928.8107202680067,2619164.1308411756
New Zealand,2005,3428.2615384615383,3294593.0424250956
New Zealand,2006,3305.4673076923077,2960591.4617673196
New Zealand,2007,3646.001923076923,3348837.592138911
New Zealand,2008,3915.8096153846154,3445556.3606640394
New Zealand,2009,4013.876923076923,3715012.964921429
New Zealand,2010,4020.642307692308,3921155.1419420666
New Zealand,2011,4147.128846153846,3690055.380957512
New Zealand,2012,4032.0519230769232,4016830.5739921355
New Zealand,2013,4207.905769230769,3884650.48967597
New Zealand,2014,4633.632692307692,3917000.3984828126
New Zealand,2015,4326.086538461538,3838785.2775742817
New Zealand,2016,4704.246153846154,4148238.3165468373
New Zealand,2017,4271.965384615384,3773699.590851617
New Zealand,2018,4824.4807692307695,3790731.9219252123
New Zealand,2019,4987.475,4015573.5494935643
New Zealand,2020,5216.657692307693,4295347.275632354
New Zealand,2021,5132.376923076923,4178643.2135690814
New Zealand,2022,5305.423076923077,4012822.6058846237
Nicaragua,2005,336.00998003992015,1330725.2983698084
Nicaragua,2006,333.9707252162342,1217496.148489014
Nicaragua,2007,324.40585495675316,1204617.637555477
Nicaragua,2008,305.12175648702595,1228819.9879846158
Nicaragua,2009,351.22222222222223,1316341.874190674
Nicaragua,2010,366.0918163672655,1374685.9043928848
Nicaragua,2011,399.90219560878245,1494830.4063419353
Nicaragua,2012,415.93878908848967,1559239.2676751192
Nicaragua,2013,429.47371922821026,1433072.031628563
Nicaragua,2014,428.7544910179641,1365881.1877781032
Nicaragua,2015,417.01197604790417,1349457.7493479068
Nicaragua,2016,474.99334664005323,1548299.7850380274
Nicaragua,2017,510.6833000665336,1586983.8771947657
Nicaragua,2018,521.5522288755822,1582328.7543206
Nicaragua,2019,532.377245508982,1574750.2806250944
Nicaragua,2020,548.2009314703926,1659960.2293800933
Nicaragua,2021,559.2109115103127,1725931.25781666
Nicaragua,2022,573.1576846307386,1783503.691456208
Niger,2005,113.4725988700565,540165.1017475701
Niger,2006,123.65389830508475,600225.204181222
Niger,2007,119.99039548022598,613788.7799463869
Niger,2008,144.2668361581921,820396.3501075311
Niger,2009,108.32028248587571,579728.1254666451
Niger,2010,155.63423728813558,912496.3087470841
Niger,2011,114.34502824858757,702173.5298911753
Niger,2012,160.02084745762713,858768.728326671
Niger,2013,142.01305084745763,807797.4383633747
Niger,2014,158.47655367231638,856102.2858333698
Niger,2015,181.20621468926555,931869.4387536158
Niger,2016,194.1084745762712,1028974.21247596
Niger,2017,195.7390395480226,1030255.2123529498
Niger,2018,203.62559322033897,1126003.2310155898
Niger,2019,191.9580790960452,1041902.8327449732
Niger,2020,213.16926553672317,1135727.325784866
Niger,2021,166.20429378531074,760327.334766786
Niger,2022,235.39237288135593,1203270.4581660193
Nigeria,2005,808.5212627467997,2186229.241303454
Nigeria,2006,871.1833098285962,2362701.3563938215
Nigeria,2007,784.9080603167715,2165813.7279723687
Nigeria,2008,865.4865209372966,2358524.5867152186
Nigeria,2009,717.0608049468432,1828012.1612633748
Nigeria,2010,852.4398459535691,2177866.117235774
Nigeria,2011,765.6964634410936,1721716.6030923196
Nigeria,2012,813.5759655022781,2027272.8078671622
Nigeria,2013,833.5394337166414,1922697.7959162954
Nigeria,2014,1033.2706660880885,2097329.9015166727
Nigeria,2015,1042.2707203297896,2170585.347175856
Nigeria,2016,1088.4014699500976,2455149.370412177
Nigeria,2017,1102.5018442178346,2469323.614413355
Nigeria,2018,1187.6945378607072,2581345.3419260145
Nigeria,2019,1180.8048654805814,2564883.8508549375
Nigeria,2020,1221.78352137123,2595112.939241055
Nigeria,2021,1274.3645042308526,2695299.1155818347
Nigeria,2022,1300.0913972662183,2740715.628855684
North Macedonia,2005,1339.608173076923,2787842.8835114636
North Macedonia,2006,1339.6514423076924,2644795.5441768845
North Macedonia,2007,1224.1057692307693,2291005.89835935
North Macedonia,2008,1328.0,2740785.2639349354
North Macedonia,2009,1418.5528846153845,2689101.324886721
North Macedonia,2010,1502.9399038461538,2629366.3185183215
North Macedonia,2011,1456.7548076923076,2647242.7322146813
North Macedonia,2012,1361.829326923077,2399065.2349914024
North Macedonia,2013,1433.5432692307693,2693343.5930810296
North Macedonia,2014,1474.9086538461538,2808457.825940196
North Macedonia,2015,1548.3990384615386,2589121.864443121
North Macedonia,2016,1563.014423076923,3011573.4856915153
North Macedonia,2017,1272.298076923077,2191119.2102586413
North Macedonia,2018,1531.4326923076924,2712485.753065999
North Macedonia,2019,1447.2403846153845,2586725.507413789
North Macedonia,2020,1506.4014423076924,2695488.284549008
North Macedonia,2021,1404.8846153846155,2577877.268648311
North Macedonia,2022,1482.5841346153845,2630885.696143843
Norway,2005,1156.1917808219177,1413046.3842796097
Norway,2006,1140.9165628891656,1335540.1444798866
Norway,2007,1112.2777085927771,1448256.8510934454
Norway,2008,1276.7621419676213,1656597.521604638
Norway,2009,1105.088418430884,1145165.700222563
Norway,2010,1094.0846824408468,1286057.8825372364
Norway,2011,977.5940224159402,1075216.6887429957
Norway,2012,1035.148194271482,1047473.9952818761
Norway,2013,966.5803237858032,910296.5304573028
Norway,2014,1155.5367372353674,1430332.9521257924
Norway,2015,1198.5566625155666,1687631.0341477778
Norway,2016,1215.173100871731,1276692.002866724
Norway,2017,1228.7397260273972,1450651.939737952
Norway,2018,971.5292652552927,697982.9617231988
Norway,2019,1248.8754669987547,1549607.192897214
Norway,2020,1228.6214196762141,1301723.6349741558
Norway,2021,1163.13200498132,1138963.1541941622
Norway,2022,1213.0809464508095,1463969.0036400065
Oman,2005,801.388729484678,6088311.643963235
Oman,2006,717.2041776655573,6253727.168286278
Oman,2007,816.7106622288535,6339735.000562592
Oman,2008,864.5587053827614,6614638.776665944
Oman,2009,1100.1147710317916,7214863.333691576
Oman,2010,1349.3744978767359,7552143.16694558
Oman,2011,1322.793526913807,7556322.02510602
Oman,2012,1294.2155399977046,7711862.425244835
Oman,2013,1183.3008148743256,7956725.158787992
Oman,2014,1123.2181797314358,8041913.729977658
Oman,2015,1451.0731091472512,9472540.903047955
Oman,2016,1538.9418110868817,9591843.718625264
Oman,2017,2358.682428555033,10954870.29012989
Oman,2018,2388.442557098588,11185636.697107367
Oman,2019,2412.3608401239526,11387414.475595184
Oman,2020,3233.3180305290944,14331487.019175474
Oman,2021,3003.6841501205095,13225313.838469928
Oman,2022,3242.6948238264663,15028037.381357986
Pakistan,2005,487.2590218109716,2241039.2097571325
Pakistan,2006,474.5141440846001,2178140.8709236425
Pakistan,2007,533.277131526768,2369693.3926640623
Pakistan,2008,550.8110046265697,2350759.2947948026
Pakistan,2009,557.315961665565,2543595.8197807698
Pakistan,2010,519.7771976206213,2304017.7321173567
Pakistan,2011,581.4664573694646,2551795.8179108463
Pakistan,2012,551.169233311302,2365917.146591009
Pakistan,2013,608.5565432914739,2595435.3463453366
Pakistan,2014,610.1584269662922,2669725.1227222495
Pakistan,2015,615.2678453403834,2616150.709905931
Pakistan,2016,640.1192663582286,2660584.965426997
Pakistan,2017,664.2227032385988,2781977.8118129754
Pakistan,2018,641.216424322538,2681437.788812466
Pakistan,2019,661.6194646397885,2700703.2816555905
Pakistan,2020,719.8064111037673,2870500.315788353
Pakistan,2021,798.539656311963,3138409.39906385
Pakistan,2022,773.3057501652346,2885574.412930612
Palestine,2005,17590.19093078759,9135073.995772194
Palestine,2006,19752.315035799522,9603834.92447921
Palestine,2007,16414.630071599044,8905738.385247348
Palestine,2008,18053.24582338902,9173794.843585212
Palestine,2009,15611.694510739857,7566078.6116958205
Palestine,2010,12797.303102625297,5505302.175783531
Palestine,2011,13828.35322195704,6499191.350817861
Palestine,2012,15578.997613365154,7259889.6628865125
Palestine,2013,16066.778042959428,8706874.004531138
Palestine,2014,12368.639618138424,8109073.570128066
Palestine,2015,10723.579952267302,5912656.195388311
Palestine,2016,14865.27446300716,7523726.328034552
Palestine,2017,14794.988066825776,7802120.537485308
Palestine,2018,16529.164677804296,10281750.745627467
Palestine,2019,17102.601431980907,7821526.227835453
Palestine,2020,16403.150357995226,7897345.026810421
Palestine,2021,21581.169451073987,9911154.908888616
Palestine,2022,19922.36276849642,9276707.108568706
Panama,2005,1308.3256637168142,1855570.1315388535
Panama,2006,1421.0389380530974,1964951.0535876167
Panama,2007,1534.8035398230088,2020175.2196958223
Panama,2008,1538.2778761061948,1998898.1009951048
Panama,2009,1272.683185840708,1759176.2438998937
Panama,2010,1103.3646017699116,1744278.6540711806
Panama,2011,1071.1557522123894,1779399.0294082088
Panama,2012,1090.8637168141593,1656674.6109975604
Panama,2013,1157.4194690265488,1830287.4060497857
Panama,2014,1175.1840707964602,1775689.9428162081
Panama,2015,1114.4584070796461,1827850.1012884916
Panama,2016,1185.9557522123894,1981191.2845579754
Panama,2017,1153.8407079646017,2003040.4816487757
Panama,2018,1291.8548672566371,2133528.3435038356
Panama,2019,1401.3858407079647,2271995.63697283
Panama,2020,1516.883185840708,2414367.0552507015
Panama,2021,1587.024778761062,2587292.0510503314
Panama,2022,1471.716814159292,2641599.666062727
Paraguay,2005,505.4981363736023,641499.7066641117
Paraguay,2006,523.3860995395746,664932.0864261787
Paraguay,2007,731.432361324271,761416.5325829303
Paraguay,2008,752.7478623108967,773084.2609727696
Paraguay,2009,549.6726595044946,870312.1278279042
Paraguay,2010,914.0513045384783,1200500.4356898682
Paraguay,2011,978.539574654681,1287025.4647369517
Paraguay,2012,633.6983117737338,1249033.056525731
Paraguay,2013,1071.8851129138347,1399840.930987596
Paraguay,2014,1112.6244244683182,1158990.599068748
Paraguay,2015,1094.8631878973908,1463890.7367103102
Paraguay,2016,1117.978951984214,1471320.3572298181
Paraguay,2017,1225.7654023240518,1453382.6147882792
Paraguay,2018,1257.7456698092524,1333059.008990189
Paraguay,2019,1091.6755097566322,1700867.333064833
Paraguay,2020,1319.5621574216182,1762533.3214387752
Paraguay,2021,1208.7612365709274,1453393.7937110192
Paraguay,2022,769.9065994299496,1473105.7252179643
Peru,2005,1146.2792122663382,2654618.1784414668
Peru,2006,1190.2856015583789,2691380.912613142
Peru,2007,1228.8193922516436,2659876.5131172105
Peru,2008,1350.3626834312,3001568.54528778
Peru,2009,1428.5284084369484,3158814.433791059
Peru,2010,1374.6629709697581,3142603.3857623376
Peru,2011,1424.221582567104,3074393.210544427
Peru,2012,1557.0836898748505,3396137.518065519
Peru,2013,1602.725682805184,3453298.721421353
Peru,2014,1665.002139887113,3430527.716422844
Peru,2015,1673.362629072708,3579733.4374567443
Peru,2016,1766.4266641418465,3688737.429183453
Peru,2017,1708.6650243426513,3578475.593377737
Peru,2018,1849.0454470169311,3933829.289246675
Peru,2019,1859.3345142481774,3837795.8632525476
Peru,2020,1910.0887574644034,4020694.4630171643
Peru,2021,2019.2970094407685,4186601.475855157
Peru,2022,2073.7443124556744,4233337.368202519
Philippines,2005,2126.3860465116277,7685449.223456555
Philippines,2006,2262.327012522361,8017626.48233788
Philippines,2007,2391.2767441860465,8490249.879148804
Philippines,2008,2558.862969588551,8848527.085143404
Philippines,2009,2495.317352415027,8721018.912539808
Philippines,2010,2373.8289803220036,8522856.489487292
Philippines,2011,2594.179964221825,8862440.780946536
Philippines,2012,2702.0533094812163,9409575.94725256
Philippines,2013,2685.5339892665475,9470008.733579734
Philippines,2014,2608.42915921288,9718829.108845495
Philippines,2015,2516.126475849732,9466715.501511516
Philippines,2016,2451.014490161002,9183350.773009526
Philippines,2017,2700.327906976744,9835338.012360677
Philippines,2018,2633.4400715563506,9822381.580346094
Philippines,2019,2576.8731663685153,9747560.358815016
Philippines,2020,2654.9459749552775,9900958.259993443
Philippines,2021,2736.0042933810378,10156329.645190394
Philippines,2022,2684.575313059034,10040443.183812758
Poland,2005,794.079182288877,3455227.562338182
Poland,2006,711.5881092662024,2880712.058152099
Poland,2007,821.4567041599714,3444483.2725560013
Poland,2008,843.9867880735583,3607497.950860727
Poland,2009,894.1971076593466,3808340.562621636
Poland,2010,799.2838778789502,3477092.693108523
Poland,2011,822.9442063917157,3491691.053613602
Poland,2012,857.4577753972505,3443744.4202941786
Poland,2013,861.7420103552937,3527211.5002578427
Poland,2014,964.766291733619,4037176.86100779
Poland,2015,837.7649526870201,3692386.4445128744
Poland,2016,914.514729512587,3837143.9234311655
Poland,2017,943.3552044277808,4050342.2218862227
Portugal,2005,3273.608086078725,2418214.8316254164
Portugal,2006,3423.903126492295,2993474.4521478354
Portugal,2007,3248.0640871174814,2589398.5191329033
Portugal,2008,3234.3570776267525,2828014.764860702
Portugal,2009,3472.351096150951,2721403.5114579275
Portugal,2010,3579.1406708001223,2626160.1615263396
Portugal,2011,3393.431721837649,2478694.0652071713
Portugal,2012,3430.795455182716,2470987.9470917536
Portugal,2013,3579.785579665225,2778165.072811279
Portugal,2014,3796.6367247774847,2802443.714212678
Portugal,2015,4421.873712608766,2947825.290220408
Portugal,2016,3927.710677059405,2690046.2626760863
Portugal,2017,4442.006085006322,2940056.300789538
Puerto Rico,2005,3496.7529880478087,2669102.8227826515
Puerto Rico,2006,3837.410358565737,2921584.176996965
Puerto Rico,2007,3888.3266932270917,2972847.733180621
Puerto Rico,2008,3939.3824701195217,3025300.599493372
Puerto Rico,2009,3961.9521912350597,3075908.5859867563
Puerto Rico,2010,4076.6932270916336,3189281.8144784356
Puerto Rico,2011,4024.760956175299,3165245.360803723
Puerto Rico,2012,5603.187250996016,4414753.355826606
Puerto Rico,2013,3813.605577689243,3120906.582733598
Puerto Rico,2014,2843.3067729083664,2376511.8076407895
Puerto Rico,2015,3318.7051792828684,2727645.210287884
Puerto Rico,2016,3808.8844621513945,3075508.9016751857
Puerto Rico,2017,3898.187250996016,3144563.453267734
Puerto Rico,2018,3773.7450199203186,3085316.9580145786
Puerto Rico,2019,4138.565737051793,3296052.426122267
Puerto Rico,2020,4341.852589641434,3393586.098448608
Puerto Rico,2021,4522.091633466135,3485234.568460032
Puerto Rico,2022,5374.581673306773,4004849.3831536304
Qatar,2005,1275.6190476190477,1977501.2790242808
Qatar,2006,1464.952380952381,2273564.276721802
Qatar,2007,1623.0,2415200.9530072245
Qatar,2008,1567.2857142857142,2286434.7524956586
Qatar,2009,1582.142857142857,2156653.877180012
Qatar,2010,1622.142857142857,2284079.323244121
Qatar,2011,1683.857142857143,2222212.0678804135
Qatar,2012,1712.4761904761904,2294728.154524831
Qatar,2013,2094.095238095238,3123661.8198419986
Qatar,2014,2095.190476190476,2842388.0280821407
Qatar,2015,2183.3809523809523,2830435.6635580277
Qatar,2016,2228.4761904761904,2914174.221890295
Qatar,2017,2203.3809523809523,2884033.280440751
Qatar,2018,2857.1428571428573,3197119.430238028
Qatar,2019,3015.5714285714284,3072630.6149266697
Qatar,2020,3263.809523809524,3222744.05880211
Qatar,2021,3415.6190476190477,3675665.490794827
Qatar,2022,3228.714285714286,3957466.656427494
Republic of Korea,2005,14308.25,11712880.902671862
Republic of Korea,2006,13749.400412087913,11471787.102199985
Republic of Korea,2007,13287.019917582418,11037818.828178443
Republic of Korea,2008,13994.903846153846,11769827.478777582
Republic of Korea,2009,13739.031593406593,11792273.325802226
Republic of Korea,2010,12597.156593406593,10735968.857480964
Republic of Korea,2011,11830.078983516483,10497698.100631269
Republic of Korea,2012,11972.320741758242,10121332.406462863
Republic of Korea,2013,12360.056318681318,10459724.563370861
Republic of Korea,2014,12684.15521978022,10735820.733075175
Republic of Korea,2015,12258.708791208792,10525902.9262292
Republic of Korea,2016,11951.148351648351,10375140.143060645
Republic of Korea,2017,11610.568681318682,9960436.875646774
Republic of Korea,2018,11339.90728021978,9909721.208089434
Republic of Korea,2019,11509.574175824177,9682948.553784298
Republic of Korea,2020,10407.53434065934,9098710.569115985
Republic of Korea,2021,11229.811813186812,9895772.326619837
Republic of Korea,2022,11011.607142857143,9516509.208282001
Republic of Moldova,2005,433.59754142169965,1793423.8707909207
Republic of Moldova,2006,404.959914484233,1376058.2434483327
Republic of Moldova,2007,307.4334580438268,950227.6219649572
Republic of Moldova,2008,482.6547300908605,1989533.8827249063
Republic of Moldova,2009,381.7434526990914,1330271.4397038084
Republic of Moldova,2010,411.7830037413148,1384919.415614963
Republic of Moldova,2011,441.3506146445751,1490669.5983023278
Republic of Moldova,2012,285.6151790486371,908706.5386050268
Republic of Moldova,2013,461.04168893639763,1663388.8361424028
Republic of Moldova,2014,505.16729021913414,1820843.2136672433
Republic of Moldova,2015,398.2442544094067,1488083.9317470551
Republic of Moldova,2016,508.7760555852485,2010515.9686043945
Republic of Moldova,2017,577.6825227151256,2100455.602922586
Republic of Moldova,2018,604.9775521111706,2092640.0635626134
Republic of Moldova,2019,602.4222340994121,2112962.013898288
Republic of Moldova,2020,346.9877071084981,1109158.6857465724
Republic of Moldova,2021,695.6766435061464,2623724.878884204
Republic of Moldova,2022,407.0042757883485,1411916.265122782
Romania,2005,1085.5444272629952,2620512.496918287
Romania,2006,1075.4047817295111,2174430.8709701616
Romania,2007,739.2024503390032,1300565.907493311
Romania,2008,1046.8313310336625,2473380.369153006
Romania,2009,1016.6307838705841,2053500.200255374
Romania,2010,1043.68835494231,2202039.0259541427
Romania,2011,1227.8162245747592,2694173.486975315
Romania,2012,844.1254906625431,1885348.377063513
Romania,2013,1191.6016414892351,2673544.412300091
Romania,2014,1227.98025454978,2771266.00193789
Romania,2015,1091.7417628167004,2671790.722036857
Romania,2016,1155.3093850362793,2852270.670123814
Romania,2017,1388.7128583323422,3473933.30589156
Russian Federation,2005,232.92075561656898,999532.4949571693
Russian Federation,2006,237.42765661863228,963145.6722788246
Russian Federation,2007,238.68708332990818,1033273.5061302444
Russian Federation,2008,274.8730199179607,1293629.7574337246
Russian Federation,2009,266.2481072594103,1252258.1911825072
Russian Federation,2010,197.9849402789994,851947.803804678
Russian Federation,2011,292.39807150079326,1205035.271257842
Russian Federation,2012,256.11117230721175,877804.9534886419
Russian Federation,2013,289.4935922202402,1131819.5506851785
Russian Federation,2014,308.0139006485873,1264635.4488268478
Russian Federation,2015,318.8426292036926,1307961.2442982395
Russian Federation,2016,316.4283553502289,1469994.0938710747
Russian Federation,2017,333.5434898766122,1676648.2050535504
Russian Federation,2018,319.8720745752123,1426780.7747124021
Russian Federation,2019,344.415309620301,1469801.7772705634
Russian Federation,2020,342.9444385075093,1646757.5039197865
Russian Federation,2021,338.394939539166,1491763.3892334865
Russian Federation,2022,395.323471627387,1960850.1580689896
Rwanda,2005,2297.554679566653,3268106.569319822
Rwanda,2006,2291.7638350023426,3315292.788670651
Rwanda,2007,2261.8830080297066,3303437.320680608
Rwanda,2008,2285.8677337281324,3316407.544265088
Rwanda,2009,2658.282365791224,3720926.7357302937
Rwanda,2010,2688.8827345348127,3512090.521008647
Rwanda,2011,2979.846791093902,3775514.251880693
Rwanda,2012,3134.285130073999,4247584.988462481
Rwanda,2013,2573.770718100962,4465231.170461426
Rwanda,2014,1796.8347064157415,3468922.874722355
Rwanda,2015,1866.1315829660134,3576955.288989147
Rwanda,2016,1928.4547711054802,3701896.3814779245
Rwanda,2017,1907.5095485953836,3785032.462895705
Rwanda,2018,1969.0829983667954,3967148.850564853
Rwanda,2019,2061.961691734156,4122849.5666612242
Rwanda,2020,2148.257526933208,4129280.071652177
Rwanda,2021,2276.865696751968,4423067.413004042
Rwanda,2022,2318.682807179198,4422879.565403081
Saint Kitts and Nevis,2005,311.2,424375.7471706739
Saint Kitts and Nevis,2006,375.4,441979.28709315055
Saint Kitts and Nevis,2007,397.0,468912.3514629973
Saint Kitts and Nevis,2008,417.4,496938.4696255809
Saint Kitts and Nevis,2009,447.4,477931.51816323434
Saint Kitts and Nevis,2010,491.0,467146.46722086956
Saint Kitts and Nevis,2011,591.8,641983.6005736123
Saint Kitts and Nevis,2012,557.6,579688.603603844
Saint Kitts and Nevis,2013,661.0,580546.7440301476
Saint Kitts and Nevis,2014,472.8,552197.4514828892
Saint Kitts and Nevis,2015,339.0,538584.5979463696
Saint Kitts and Nevis,2016,296.8,581893.084241261
Saint Kitts and Nevis,2017,350.8,589419.6532005899
Saint Kitts and Nevis,2018,327.8,586126.856155148
Saint Kitts and Nevis,2019,419.0,649777.9134876211
Saint Kitts and Nevis,2020,268.4,631322.9534528858
Saint Kitts and Nevis,2021,364.0,639995.7001047533
Saint Kitts and Nevis,2022,308.0,625090.5749609871
Saint Lucia,2005,12349.063670411984,10594167.113785075
Saint Lucia,2006,13671.91011235955,11842965.58270119
Saint Lucia,2007,12783.895131086143,11161789.876901856
Saint Lucia,2008,16338.576779026218,13881071.78413534
Saint Lucia,2009,15089.513108614232,12925842.792769572
Saint Lucia,2010,9840.823970037452,9099252.38164004
Saint Lucia,2011,9983.14606741573,9266912.906798031
Saint Lucia,2012,7530.711610486891,7476149.52305361
Saint Lucia,2013,9036.704119850187,8340340.249127523
Saint Lucia,2014,9240.823970037452,8308755.643066939
Saint Lucia,2015,8884.269662921348,8150132.245165943
Saint Lucia,2016,8450.187265917602,7802893.827192834
Saint Lucia,2017,9116.479400749064,8223411.268726922
Saint Lucia,2018,10356.554307116105,8650382.836182926
Saint Lucia,2019,8596.629213483146,8191945.0946803605
Saint Lucia,2020,6097.003745318352,6505123.97092414
Saint Lucia,2021,5711.985018726592,5994757.358238931
Saint Lucia,2022,6291.760299625468,6608339.385947318
Saint Vincent and the Grenadines,2005,23323.0,23783182.33718323
Saint Vincent and the Grenadines,2006,24232.0,24311748.09849357
Saint Vincent and the Grenadines,2007,24669.0,24852776.31083763
Saint Vincent and the Grenadines,2008,24883.5,24684748.223119225
Saint Vincent and the Grenadines,2009,26072.5,25472816.675076447
Saint Vincent and the Grenadines,2010,25143.0,24618823.566055216
Saint Vincent and the Grenadines,2011,26643.5,25679985.915327225
Saint Vincent and the Grenadines,2012,27370.5,28023309.96401732
Saint Vincent and the Grenadines,2013,26575.5,27604146.920937084
Saint Vincent and the Grenadines,2014,28725.5,28779123.615988918
Saint Vincent and the Grenadines,2015,27650.0,27975321.62186554
Saint Vincent and the Grenadines,2016,26504.0,27322011.011401437
Saint Vincent and the Grenadines,2017,26933.5,27601769.705900602
Saint Vincent and the Grenadines,2018,27081.0,27872915.18341066
Saint Vincent and the Grenadines,2019,26940.0,28561879.664441098
Saint Vincent and the Grenadines,2020,26059.5,28117285.78838153
Saint Vincent and the Grenadines,2021,23324.0,25097098.224996764
Saint Vincent and the Grenadines,2022,22865.0,24920570.18286979
Samoa,2005,5594.117647058823,8275938.970985354
Samoa,2006,5520.915032679739,8272862.978919946
Samoa,2007,5865.639589169001,8057058.834960524
Samoa,2008,5810.177404295051,8418339.214830615
Samoa,2009,6014.192343604108,9124514.890300127
Samoa,2010,6138.562091503268,9147657.83401773
Samoa,2011,6451.633986928105,9484304.820797
Samoa,2012,6635.574229691877,9512963.970991023
Samoa,2013,6812.885154061624,9590554.966697425
Samoa,2014,6851.447245564893,9527309.542097973
Samoa,2015,6983.380018674136,5462557.027699185
Samoa,2016,6718.580765639589,5307703.416389334
Samoa,2017,6316.713352007469,5832861.4467146285
Samoa,2018,6087.581699346405,5733459.936085845
Samoa,2019,5214.3790849673205,5350448.962248904
Samoa,2020,5591.40989729225,5395431.573006757
Samoa,2021,5381.419234360411,5619053.240185658
Samoa,2022,5280.205415499533,5588636.817979899
Saudi Arabia,2005,1807.725124962942,2364262.778739745
Saudi Arabia,2006,1838.5925093071776,2378360.4260864407
Saudi Arabia,2007,1839.797610611188,2333639.3665927746
Saudi Arabia,2008,1826.079161804527,2036211.6895921435
Saudi Arabia,2009,1725.080944969664,1563716.168658539
Saudi Arabia,2010,1664.2137092954006,1581165.9455221056
Saudi Arabia,2011,1679.204598158183,1509189.8061930756
Saudi Arabia,2012,1652.7081109964183,1336089.0460996344
Saudi Arabia,2013,1686.3693247788826,1255951.3402128685
Saudi Arabia,2014,1095.6245261144636,1014197.5956326161
Saudi Arabia,2015,1464.2593014202064,1217240.8206594745
Saudi Arabia,2016,1566.8109737096102,1236929.6194112685
Saudi Arabia,2017,1652.1551170018106,1328936.7980329415
Saudi Arabia,2018,1715.2319965765096,1319238.7932367893
Saudi Arabia,2019,1936.1377931604234,1398684.7763747019
Saudi Arabia,2020,2064.6204236977605,1577770.5975599182
Saudi Arabia,2021,2102.278527654218,1585410.1910203937
Saudi Arabia,2022,2197.8499989942916,1725883.3708716107
Senegal,2005,169.68511749347257,1086903.1405245543
Senegal,2006,139.8018276762402,803944.5879772312
Senegal,2007,115.5845953002611,619732.0224570653
Senegal,2008,200.07859007832897,1280388.6938864132
Senegal,2009,206.02506527415144,1516769.8875042591
Senegal,2010,208.28146214099218,1651170.207913384
Senegal,2011,144.75169712793735,907223.146104037
Senegal,2012,178.0018276762402,1181606.1942417813
Senegal,2013,154.83968668407311,1052935.7661327596
Senegal,2014,166.0710182767624,1062336.1637383667
Senegal,2015,234.8527415143603,1709281.6736643813
Senegal,2016,238.55665796344647,1562420.5675161493
Senegal,2017,266.3514360313316,2087269.6374055834
Senegal,2018,403.002088772846,2367207.148463588
Senegal,2019,406.4603133159269,2277840.8309452087
Senegal,2020,538.022454308094,2931999.0710348655
Senegal,2021,524.1644908616188,2807977.8384158183
Senegal,2022,519.5480417754569,2714137.8484797706
Serbia,2006,1172.3315405301576,2946717.3248957586
Serbia,2007,1024.9938532462543,2595123.0491413954
Serbia,2008,1199.6500192086055,3121057.802547256
Serbia,2009,1257.6796004610064,3184135.16278462
Serbia,2010,1197.4110641567422,2888010.863485021
Serbia,2011,1226.9147137917787,3160665.722335627
Serbia,2012,899.7126392623895,2761174.0666144025
Serbia,2013,1230.4199001152517,3455681.9911911623
Serbia,2014,1224.1774875144065,3415395.586482675
Serbia,2015,1092.42489435267,3152227.895144914
Serbia,2016,1276.681137149443,3794276.5120870797
Serbia,2017,988.9024202842874,2819077.40370783
Serbia,2018,1261.384940453323,3717885.604352021
Serbia,2019,1287.374183634268,3514593.628179642
Serbia,2020,1361.2981175566654,3857333.658204495
Serbia,2021,1229.366500192086,3983312.1312915627
Serbia,2022,1104.3376872839033,3485264.086456569
Seychelles,2005,51640.0,23893125.73347241
Seychelles,2006,49860.0,23793022.698719777
Seychelles,2007,52846.666666666664,23571422.740750585
Seychelles,2008,44860.0,24078889.099553782
Seychelles,2009,37980.0,23521097.621211864
Seychelles,2010,36013.333333333336,23206548.55271195
Seychelles,2011,35820.0,23867215.246324062
Seychelles,2012,37340.0,22745465.268126015
Seychelles,2013,37206.666666666664,22930298.347751673
Seychelles,2014,37700.0,22912517.78576012
Seychelles,2015,36786.666666666664,26018050.86704972
Seychelles,2016,36860.0,25678936.353115074
Seychelles,2017,36686.666666666664,25756578.98777585
Seychelles,2018,36193.333333333336,25849455.6621616
Seychelles,2019,37233.333333333336,25803213.15941515
Seychelles,2020,37040.0,25923119.788201626
Seychelles,2021,36706.666666666664,26049821.012680423
Seychelles,2022,36933.333333333336,28789697.212036494
Sierra Leone,2005,489.967803030303,1365250.1329738626
Sierra Leone,2006,638.2683080808081,1775269.3117341253
Sierra Leone,2007,429.219696969697,1134459.1144033216
Sierra Leone,2008,474.87752525252523,1257584.262636239
Sierra Leone,2009,612.7001262626262,1556259.4884835638
Sierra Leone,2010,704.0694444444445,1779612.1343244468
Sierra Leone,2011,752.3522727272727,1925916.678455859
Sierra Leone,2012,755.9848484848485,1957969.0011227364
Sierra Leone,2013,806.5107323232323,2094049.4693455931
Sierra Leone,2014,754.0580808080808,2021539.0286137152
Sierra Leone,2015,632.6761363636364,1615597.0429287197
Sierra Leone,2016,574.8282828282828,1620465.4120842
Sierra Leone,2017,595.3566919191919,1665526.5421623853
Sierra Leone,2018,607.2436868686868,1694234.2465061534
Sierra Leone,2019,642.6313131313132,1763337.5111541785
Sierra Leone,2020,688.5770202020202,1847354.3263932422
Sierra Leone,2021,1132.5991161616162,3083123.798612159
Sierra Leone,2022,874.1212121212121,2366552.5132304872
Singapore,2005,4683.928571428572,8259613.472662425
Singapore,2006,4858.928571428572,9065213.65070623
Singapore,2007,5207.142857142857,8340133.064250808
Singapore,2008,4948.214285714285,8310940.796656029
Singapore,2009,5555.357142857143,8507890.996264009
Singapore,2010,5078.571428571428,9552463.418456199
Singapore,2011,5675.0,10000025.334522702
Singapore,2012,6183.928571428572,10506496.072539004
Singapore,2013,6241.071428571428,10675835.754142623
Singapore,2014,6067.857142857143,11074388.293307813
Singapore,2015,6128.571428571428,11229230.366547296
Singapore,2016,6555.357142857143,10997350.718084747
Singapore,2017,7166.071428571428,11066737.014647448
Singapore,2018,7362.5,11659647.563985419
Singapore,2019,7148.214285714285,11782546.34699461
Singapore,2020,6483.928571428572,11132287.644248126
Singapore,2021,6903.571428571428,11426553.480063302
Singapore,2022,6292.857142857143,9866046.100003928
Slovakia,2005,892.4322876817139,3053230.4485763325
Slovakia,2006,803.4628921193573,2526076.1899070446
Slovakia,2007,746.3305279265494,2521318.5672744233
Slovakia,2008,972.9640397857689,3365762.6979334964
Slovakia,2009,835.1002295332823,2825668.9655771297
Slovakia,2010,648.2815608263198,2213565.982081327
Slovakia,2011,847.3603672532518,3058042.4373415452
Slovakia,2012,672.5072685539403,2399690.3659097417
Slovakia,2013,779.2540168324407,3013333.5734512666
Slovakia,2014,997.5371078806427,3783218.8510564426
Slovakia,2015,823.0902830910481,3539159.7743557245
Slovakia,2016,1014.442999234889,4274883.5664411485
Slovakia,2017,836.8194338179036,3100041.4103341736
Slovenia,2005,2084.1858125104814,3668333.3794806893
Slovenia,2006,1910.7999329196714,3332684.1736722537
Slovenia,2007,1922.0806081949802,3402438.6371878614
Slovenia,2008,1820.4259600872044,3551423.384833243
Slovenia,2009,1857.4151713343394,3289583.991738049
Slovenia,2010,1846.4195874559784,3471752.8364284304
Slovenia,2011,1935.530214098049,3526961.034790675
Slovenia,2012,1573.8107216725361,3488389.653260239
Slovenia,2013,1631.3935938286097,2898246.7433166974
Slovenia,2014,1921.3315445245682,3721826.247731968
Slovenia,2015,2080.0268321314775,3662204.055566776
Slovenia,2016,1863.1728995472079,3592556.9169446393
Slovenia,2017,1680.6417351445023,3166275.712084868
South Africa,2005,712.5971666666667,1045955.9125345718
South Africa,2006,635.7201666666666,911473.7572221368
South Africa,2007,632.0534166666666,901058.586683917
South Africa,2008,763.5009166666666,1145359.270393925
South Africa,2009,737.1373333333333,1089043.6579398671
South Africa,2010,722.7176666666667,1028853.9504940446
South Africa,2011,721.6160833333333,1048204.2287605375
South Africa,2012,754.14825,1095112.544222239
South Africa,2013,788.0678333333333,1095387.7295274213
South Africa,2014,832.48225,1176586.9651527829
South Africa,2015,775.7710833333333,1013266.282539723
South Africa,2016,712.7933333333333,953353.8230394046
South Africa,2017,908.6823333333333,1232610.5929839239
South Africa,2018,859.28425,1158909.9502922946
South Africa,2019,812.763,1071269.4552676114
South Africa,2020,916.6163333333334,1301791.8106939143
South Africa,2021,953.1813333333333,1370400.5667303707
South Africa,2022,980.9093333333333,1318642.7817956044
Spain,2005,1845.5194530978524,2044563.5049062322
Spain,2006,2055.1947919217205,2402609.307816725
Spain,2007,2085.278150225868,2509006.7024755445
Spain,2008,2055.96500925696,2538220.8578348183
Spain,2009,2017.0227164099783,2263451.9288348737
Spain,2010,2112.714500743906,2517701.9041628647
Spain,2011,2173.453900687629,2728948.667924592
Spain,2012,1778.449049318699,2246439.656753898
Spain,2013,2451.2114070448574,2986106.9364137254
Spain,2014,2084.0780724647957,2679102.915652629
Spain,2015,2106.0625367766816,2708659.78578427
Spain,2016,2314.5632832916767,3027323.548328699
Spain,2017,2135.5788655146603,2393135.924193746
Sri Lanka,2005,1680.569970845481,5641943.562489368
Sri Lanka,2006,1686.1902332361517,5866118.500456104
Sri Lanka,2007,1654.7645772594751,5621434.419645609
Sri Lanka,2008,1869.353498542274,6707509.3686382845
Sri Lanka,2009,1770.2201166180757,6367508.591945951
Sri Lanka,2010,2138.9431486880467,7324291.569218407
Sri Lanka,2011,2050.3243440233236,6785831.5899061365
Sri Lanka,2012,2064.2113702623906,6830574.936912246
Sri Lanka,2013,2273.91472303207,7887314.51916985
Sri Lanka,2014,1975.4591836734694,6304983.384546031
Sri Lanka,2015,2254.1450437317785,8326428.671563672
Sri Lanka,2016,2136.5590379008745,7779573.547345942
Sri Lanka,2017,1708.4373177842565,4826272.745417938
Sri Lanka,2018,2019.2113702623906,7184299.849184275
Sri Lanka,2019,2147.548104956268,8061554.488961306
Sri Lanka,2020,2382.304664723032,9101511.763677731
Sri Lanka,2021,2530.933673469388,9226472.628435671
Sri Lanka,2022,1879.0225947521865,6922559.723115863
Sudan,2012,191.99985710883544,525792.4103242285
Sudan,2013,271.3376518218623,896927.9587063509
Sudan,2014,336.32383900928795,1120412.5633130672
Sudan,2015,243.06087163610383,669741.1878198368
Sudan,2016,329.4268635389378,1149220.1711674898
Sudan,2017,304.31245534651106,907208.0639526106
Sudan,2018,391.7906644439152,1358801.8460105737
Sudan,2019,354.2548702071922,1090953.1507217963
Sudan,2020,389.515217909026,1145073.0747075432
Sudan,2021,337.35918075732314,1062368.381751713
Sudan,2022,361.1446058585378,1279648.0480077108
Suriname,2005,1550.665533843104,6865024.920400905
Suriname,2006,1696.063438119513,7560801.435564905
Suriname,2007,1824.5445105258189,7558530.2733076885
Suriname,2008,1898.4612479939583,7852414.901657556
Suriname,2009,2069.2344000755215,9504829.247079859
Suriname,2010,2176.6260738223355,9531971.882572327
Suriname,2011,2143.5476257906166,9729861.786202349
Suriname,2012,2188.7472859435475,9458547.320544848
Suriname,2013,2436.533559898046,10938246.871947845
Suriname,2014,2434.9098461247995,11393726.511444507
Suriname,2015,2216.5581044085716,10968382.860421013
Suriname,2016,2181.6104974983477,11249366.43687593
Suriname,2017,2379.3637307656,11682199.829803383
Suriname,2018,2221.410365335599,10982778.971522415
Suriname,2019,2014.4057396393846,10730475.296832077
Suriname,2020,1817.9741338619842,9686754.469623912
Suriname,2021,1730.1047861795525,10023240.677527456
Suriname,2022,1343.6609081468894,7018458.322072454
Sweden,2005,589.6417260490895,2323375.057035263
Sweden,2006,514.8095803642121,2028632.7563515168
Sweden,2007,568.1100554235946,2306910.2177949976
Sweden,2008,584.0399841646872,2266069.6143089617
Sweden,2009,606.3725257323832,2341432.8702042745
Sweden,2010,529.001187648456,2116538.933037762
Sweden,2011,568.4255740300871,2209858.9953899044
Sweden,2012,600.778305621536,2243107.5948069915
Sweden,2013,590.0225653206651,1946839.715294843
Sweden,2014,654.29216152019,2900208.1888754508
Sweden,2015,670.7573238321456,3096432.3261777894
Sweden,2016,626.1967537608867,2720438.9472097703
Sweden,2017,671.519002375297,3046878.8352444153
Switzerland,2005,5437.417653811895,4303063.828309809
Switzerland,2006,5258.458875402382,4234449.665485114
Switzerland,2007,5768.722083018327,4442608.207337421
Switzerland,2008,5545.431635920306,4363125.635696961
Switzerland,2009,5948.112221126585,4483993.941791494
Switzerland,2010,5286.512391248796,4096839.3262628005
Switzerland,2011,6337.5467842386715,4612267.984769908
Switzerland,2012,5546.788779299981,4152662.821448717
Switzerland,2013,5081.916720334371,3781369.6975194043
Switzerland,2014,5902.973329610018,4398976.312321155
Switzerland,2015,5247.223342664324,4043098.018643554
Switzerland,2016,5192.016868939049,3320112.1006294154
Switzerland,2017,5085.223811358079,4120156.9188792864
Switzerland,2018,5873.285187536781,4197289.984154717
Switzerland,2019,5254.336993836601,3965544.187712156
Switzerland,2020,5496.796460529705,4279854.878482438
Switzerland,2021,4287.83396637261,3442403.4169985196
Switzerland,2022,5180.453401927093,3802249.8054488655
Tajikistan,2005,834.6068214116533,2395496.79193923
Tajikistan,2006,895.6466129796305,2457282.197161532
Tajikistan,2007,920.9509711037423,2550549.8851009686
Tajikistan,2008,1053.6854571293227,2697382.09025637
Tajikistan,2009,1256.5750828991,3807554.7464499986
Tajikistan,2010,1326.3678351492183,3818364.0925496127
Tajikistan,2011,1297.1020843202273,3253315.920033938
Tajikistan,2012,1453.6984841307437,3606185.816089236
Tajikistan,2013,1589.8697299857888,4064117.0066172713
Tajikistan,2014,1549.7678825201326,3804682.2142538386
Tajikistan,2015,1580.5139744197063,3972557.4101804607
Tajikistan,2016,1621.539554713406,4078080.3980127624
Tajikistan,2017,1661.907863571767,4072652.3946422306
Tajikistan,2018,1651.9824727617242,4009534.4117649877
Tajikistan,2019,1754.4161534817622,4258030.124983647
Tajikistan,2020,1749.0667929891047,4259352.919518205
Tajikistan,2021,1822.7984367598294,4488087.380341436
Tajikistan,2022,1872.3993368072004,4374787.097313292
Thailand,2005,1173.8069617055673,4256350.007237425
Thailand,2006,1206.6462690714359,4171579.85534833
Thailand,2007,1244.9824441750025,4515075.738733743
Thailand,2008,1321.3810371829848,4425575.842831843
Thailand,2009,1278.013034252804,4478846.895728203
Thailand,2010,1325.167285541073,4870307.1194386715
Thailand,2011,1442.2833308073155,5160591.369924208
Thailand,2012,1556.851192280489,5166120.225837785
Thailand,2013,1545.8807593210063,4993688.379699433
Thailand,2014,1541.5425760331414,4533488.102738375
Thailand,2015,1398.9865615843185,3929273.667456184
Thailand,2016,1397.649982317874,4421487.685099189
Thailand,2017,1497.0295291502475,4565709.290520713
Thailand,2018,1641.3856471658078,4477086.140032452
Thailand,2019,1605.433590987168,4019121.042729775
Thailand,2020,1520.7151788420733,4393560.787866758
Thailand,2021,1536.603074163888,4572640.252199486
Thailand,2022,1592.5850005052037,4643385.401454531
Timor-Leste,2005,2096.170403587444,2033996.4353159727
Timor-Leste,2006,2389.1928251121076,2050582.136697389
Timor-Leste,2007,1817.3094170403588,1972712.1046153607
Timor-Leste,2008,2414.026905829596,2366733.3651190153
Timor-Leste,2009,3385.5336322869957,3204617.568671451
Timor-Leste,2010,3420.053811659193,3020054.3175547784
Timor-Leste,2011,1971.2286995515694,2481832.496349993
Timor-Leste,2012,2379.408071748879,2849520.6049672454
Timor-Leste,2013,2490.403587443946,2454562.176736658
Timor-Leste,2014,2525.973094170404,2500242.6206970336
Timor-Leste,2015,2839.0044843049327,2384223.079369841
Timor-Leste,2016,2105.8206278026905,2036502.6654300014
Timor-Leste,2017,1847.9910313901346,1991366.077189018
Timor-Leste,2018,1932.6726457399104,1956308.4598295027
Timor-Leste,2019,1686.1704035874438,1762754.09436012
Timor-Leste,2020,1735.9551569506727,1810120.556759215
Timor-Leste,2021,1389.7040358744396,1638889.2566949131
Timor-Leste,2022,2276.412556053812,2446216.4709854317
Togo,2005,247.10830188679245,565684.8749382566
Togo,2006,274.45924528301884,610017.1810989048
Togo,2007,277.6879245283019,619923.8915514378
Togo,2008,315.09811320754716,697865.5742952151
Togo,2009,335.11698113207547,760466.8059644932
Togo,2010,331.9935849056604,758641.3480240504
Togo,2011,368.591320754717,826233.2080979618
Togo,2012,329.2249056603774,777063.329442692
Togo,2013,281.7724528301887,733620.4080032913
Togo,2014,314.3056603773585,803682.6947179359
Togo,2015,297.98641509433963,778064.7309800981
Togo,2016,305.53622641509435,763990.1570984311
Togo,2017,314.54415094339623,803202.2445258534
Togo,2018,327.5452830188679,822167.1613307666
Togo,2019,340.5022641509434,835019.2110723093
Togo,2020,356.08377358490566,851440.2943135719
Togo,2021,369.7154716981132,868887.0284124409
Togo,2022,386.9464150943396,896811.7434561783
Trinidad and Tobago,2005,2529.8,2443894.38311158
Trinidad and Tobago,2006,3337.0,2530632.455407742
Trinidad and Tobago,2007,3268.76,2491191.928015666
Trinidad and Tobago,2008,1633.24,2463818.2599651213
Trinidad and Tobago,2009,1658.0,2254653.2697167858
Trinidad and Tobago,2010,1825.28,2205250.3167016217
Trinidad and Tobago,2011,1993.84,2178428.4697143165
Trinidad and Tobago,2012,2186.08,2179411.726677241
Trinidad and Tobago,2013,2097.64,2188258.9769602953
Trinidad and Tobago,2014,1978.64,2222536.686275789
Trinidad and Tobago,2015,2031.48,2215954.7251865864
Trinidad and Tobago,2016,1867.68,2247663.399221436
Trinidad and Tobago,2017,2004.08,2184132.6538370904
Trinidad and Tobago,2018,1664.36,2090431.368049502
Trinidad and Tobago,2019,1770.24,2134586.203701133
Trinidad and Tobago,2020,1997.44,2169493.5105475243
Trinidad and Tobago,2021,1952.32,2110972.1637470974
Trinidad and Tobago,2022,1974.96,2153431.3433742872
Tunisia,2005,721.2428919577579,1717469.9793761647
Tunisia,2006,731.2174619432769,1519620.8364027743
Tunisia,2007,709.9466676085191,1628075.4614616837
Tunisia,2008,710.8300074170876,1338001.5496306177
Tunisia,2009,764.3397026101085,1808070.0934179523
Tunisia,2010,666.1360505774733,1276630.6037152638
Tunisia,2011,741.0175537738847,1805212.124164494
Tunisia,2012,827.1709108889909,1824526.1826377513
Tunisia,2013,750.7724366898598,1471202.8859457509
Tunisia,2014,721.7147600042383,1784179.0945987005
Tunisia,2015,909.7813725143927,1577162.2296266467
Tunisia,2016,721.955991947162,1476796.1089863405
Tunisia,2017,727.5138628898386,1589306.6593351718
Tunisia,2018,977.8207890368382,1743432.3845436731
Tunisia,2019,904.5088828453361,1929963.4492370014
Tunisia,2020,1091.4523363825804,1791748.3880833762
Tunisia,2021,879.1699925829124,1790401.2907945234
Tunisia,2022,958.6779924416346,1773931.0233012056
Turkmenistan,2005,914.7484397493948,3849369.416140734
Turkmenistan,2006,1021.7743929901319,4395584.7715684185
Turkmenistan,2007,511.95157492822045,1669627.239947859
Turkmenistan,2008,467.29543325103145,1537292.8423924074
Turkmenistan,2009,575.698669564658,2049292.3573739522
Turkmenistan,2010,595.2841123862987,2140466.021808641
Turkmenistan,2011,524.4250345828742,1758430.5154271054
Turkmenistan,2012,586.5837297629866,1941059.9803129926
Turkmenistan,2013,634.1477482929732,2158948.2033134773
Turkmenistan,2014,604.8559784138524,1959443.4546523273
Turkmenistan,2015,659.5055905628966,2216537.351101611
Turkmenistan,2016,690.5139377025712,2399952.6681537507
Turkmenistan,2017,685.6727123026565,2379888.617713514
Turkmenistan,2018,581.7915135235123,1782064.3603461883
Turkmenistan,2019,725.1162899412092,2501621.047528592
Turkmenistan,2020,728.0222818262974,2352674.748950945
Turkmenistan,2021,720.9668476905879,2136048.9644302507
Turkmenistan,2022,765.122216279687,2139802.3939823452
Türkiye,2005,1541.913054199339,3104461.942461736
Türkiye,2006,1531.7959264190956,2976623.7336593634
Türkiye,2007,1394.607732899344,2662517.9765362157
Türkiye,2008,1483.9945258174287,2758291.6301700096
Türkiye,2009,1569.9848103762884,3049245.667613248
Türkiye,2010,1552.5228584110075,2991040.8898416418
Türkiye,2011,1643.6856536963062,3206389.7080900767
Türkiye,2012,1653.7935592050105,3105556.6076824847
Türkiye,2013,1718.1713271193964,3301290.1530291038
Türkiye,2014,1624.8555999408197,2956152.435778103
Türkiye,2015,1754.611579622232,3383222.5449705087
Türkiye,2016,1758.2412092518616,3208700.0043910015
Türkiye,2017,1849.8896286432905,3357105.9875627365
Türkiye,2018,1768.9822952113232,3202834.5243877247
Türkiye,2019,1814.0125758248262,3205657.712507983
Türkiye,2020,1900.102431326133,3406541.010809425
Türkiye,2021,1858.341865167431,3159394.8045708025
Türkiye,2022,2060.0613502983674,3461373.5405786308
Ukraine,2005,368.43084072409187,1639163.1859316677
Ukraine,2006,371.89144696877656,1338513.0853058074
Ukraine,2007,333.7880269712064,1310328.7260386173
Ukraine,2008,478.9473332523387,2116511.360992867
Ukraine,2009,441.8913254768558,1804437.9592607815
Ukraine,2010,421.9920422791884,1552905.3192318596
Ukraine,2011,559.844277730531,2107239.8894923986
Ukraine,2012,509.02997813145424,1686333.5519213744
Ukraine,2013,615.831946300571,2161856.0203668512
Ukraine,2014,623.3753796622525,2247324.9257746516
Ukraine,2015,595.7431357064755,2286539.2183278673
Ukraine,2016,648.6143238974608,2353145.2365781707
Ukraine,2017,624.41975458632,2342841.595911687
Ukraine,2018,698.9283805126959,2365273.2224031966
Ukraine,2019,713.0330761754343,2533767.686483759
Ukraine,2020,629.6817519134978,2273895.054628191
Ukraine,2021,770.9409245535172,2847995.035419616
Ukraine,2022,571.0916049082736,1930378.3445738736
United Kingdom of Great Britain and Northern Ireland,2005,1492.3297873107888,5638286.746604895
United Kingdom of Great Britain and Northern Ireland,2006,1451.006699282935,5560952.187293159
United Kingdom of Great Britain and Northern Ireland,2007,1393.7162180810153,5028786.885852194
United Kingdom of Great Britain and Northern Ireland,2008,1586.2536731688958,6331394.749111894
United Kingdom of Great Britain and Northern Ireland,2009,1522.437710090965,5399935.6594062
United Kingdom of Great Britain and Northern Ireland,2010,1508.1820190825092,5596024.489663702
United Kingdom of Great Britain and Northern Ireland,2011,1561.6622462999271,5683211.549384834
United Kingdom of Great Britain and Northern Ireland,2012,1372.4078839496046,4855505.679664282
United Kingdom of Great Britain and Northern Ireland,2013,1456.0201913678059,4592650.444436863
United Kingdom of Great Britain and Northern Ireland,2014,1663.8208342728806,6111744.471642597
United Kingdom of Great Britain and Northern Ireland,2015,1656.5175165456822,6043321.652753975
United Kingdom of Great Britain and Northern Ireland,2016,1495.5516591879043,5370870.816621252
United Kingdom of Great Britain and Northern Ireland,2017,1643.564009785013,5587376.0371462675
United Kingdom of Great Britain and Northern Ireland,2018,1505.7391412890759,5070225.260996853
United Kingdom of Great Britain and Northern Ireland,2019,1657.038059321227,5982092.971753771
United Kingdom of Great Britain and Northern Ireland,2020,1389.3956799516377,3912341.1769859875
United Kingdom of Great Britain and Northern Ireland,2021,1434.633428350315,5276323.976009802
United Kingdom of Great Britain and Northern Ireland,2022,1519.7995873912562,5750801.481122256
United Republic of Tanzania,2005,197.4928346602481,857725.7261288094
United Republic of Tanzania,2006,241.27109794482504,959307.591335419
United Republic of Tanzania,2007,247.84047398629883,1063304.784937762
United Republic of Tanzania,2008,242.23136456211813,964941.7492484711
United Republic of Tanzania,2009,239.64117755971117,1018427.8675071041
United Republic of Tanzania,2010,322.575597111646,1365854.0467295635
United Republic of Tanzania,2011,345.8805406406221,1424678.1156679238
United Republic of Tanzania,2012,320.68646546935753,1444834.3471755125
United Republic of Tanzania,2013,351.54719496389555,1644298.9891047687
United Republic of Tanzania,2014,408.3408998333642,1836243.433450089
United Republic of Tanzania,2015,414.9019811146084,1886084.5554795307
United Republic of Tanzania,2016,424.7925939640807,1772679.8057865025
United Republic of Tanzania,2017,394.9262729124236,1705212.06451942
United Republic of Tanzania,2018,424.357341233105,1755031.6830012298
United Republic of Tanzania,2019,425.25443436400667,1773593.121145694
United Republic of Tanzania,2020,425.30494352897614,1900658.8344989922
United Republic of Tanzania,2021,419.1445287909646,1920777.5179050404
United Republic of Tanzania,2022,389.71553416034067,1875497.1736541982
United States of America,2005,899.8018547669686,1911644.388959305
United States of America,2006,874.9434925883761,1712631.3701501884
United States of America,2007,923.4401278781025,2022501.760336975
United States of America,2008,931.7053684706098,2119828.359562198
United States of America,2009,991.0796934875461,2065940.0268151853
United States of America,2010,955.8966176354788,2025744.5737415387
United States of America,2011,918.5414888453264,1861583.4706223952
United States of America,2012,908.8873652754597,1913898.41540576
United States of America,2013,992.3559504225335,2073044.8566532389
United States of America,2014,1047.873496576519,2096221.957453416
United States of America,2015,1028.2350644535122,2103686.688068158
United States of America,2016,1114.3230001319098,2348978.0421256754
United States of America,2017,1042.0149168198518,1986433.9672589083
United States of America,2018,1040.201960834441,2030142.117712961
United States of America,2019,949.8390388123798,1969234.1825463262
United States of America,2020,997.155304353633,2004832.3830106568
United States of America,2021,1019.9489481259103,1978799.476316213
United States of America,2022,969.3310174929417,1800060.6107356276
Uruguay,2005,669.0539188943444,1809670.9076309674
Uruguay,2006,681.0110929259865,1773461.360391154
Uruguay,2007,691.478905255501,1889785.1709209722
Uruguay,2008,680.2923258774323,2083801.1477845546
Uruguay,2009,791.5680123658847,2754594.4291111575
Uruguay,2010,953.0005455537371,2970238.0678544315
Uruguay,2011,907.4099836333879,2865365.830599169
Uruguay,2012,1090.7842334969994,3549941.7984061516
Uruguay,2013,1048.8393344244407,2461102.3449020516
Uruguay,2014,1171.0820149118022,2986257.367358958
Uruguay,2015,1119.5999272595018,2639356.1332184654
Uruguay,2016,964.944080741953,2587734.736715345
Uruguay,2017,1146.4848154209856,2278917.7141989754
Uruguay,2018,710.7292234951809,1721702.4915088175
Uruguay,2019,1072.3308783415166,2072651.6464810753
Uruguay,2020,905.4791780323695,2068959.8704559042
Uruguay,2021,945.9438079650846,2327140.6231504297
Uruguay,2022,1185.1545735588288,2699300.7339357594
Vanuatu,2005,692.45,6607236.069724094
Vanuatu,2006,726.15,6692054.109047618
Vanuatu,2007,684.85,6735913.04395545
Vanuatu,2008,781.25,6839699.937709727
Vanuatu,2009,806.95,6909501.679457941
Vanuatu,2010,843.05,9263788.20507133
Vanuatu,2011,737.1,8768127.208353018
Vanuatu,2012,868.55,8918909.484997453
Vanuatu,2013,890.5,9612873.56506176
Vanuatu,2014,845.8,11362654.759070415
Vanuatu,2015,824.55,10565242.71931798
Vanuatu,2016,903.9,10617589.98807443
Vanuatu,2017,751.4,8862182.185172424
Vanuatu,2018,770.45,8908786.263155216
Vanuatu,2019,794.2,9014038.050889881
Vanuatu,2020,749.85,8902347.849069087
Vanuatu,2021,865.65,9036174.936132828
Vanuatu,2022,877.7,13982208.35537526
Venezuela (Bolivarian Republic of),2005,41901.391153846154,2126808.462238493
Venezuela (Bolivarian Republic of),2006,41536.54769230769,2277424.658000381
Venezuela (Bolivarian Republic of),2007,43696.40576923077,2168657.0631312374
Venezuela (Bolivarian Republic of),2008,42634.66346153846,2175518.5672423206
Venezuela (Bolivarian Republic of),2009,41814.45230769231,2198917.198357088
Venezuela (Bolivarian Republic of),2010,43285.58423076923,2070039.4553356012
Venezuela (Bolivarian Republic of),2011,44328.64076923077,2170710.060546534
Venezuela (Bolivarian Republic of),2012,40762.06615384616,1935364.3499033256
Venezuela (Bolivarian Republic of),2013,43954.57153846154,2065257.8031684917
Venezuela (Bolivarian Republic of),2014,44989.22153846154,2157026.1594533613
Viet Nam,2005,2421.024659358429,11600206.801217237
Viet Nam,2006,2462.396559103988,11640311.727159481
Viet Nam,2007,2523.6986659691343,11773652.265268913
Viet Nam,2008,2666.1577354766605,12581451.337267803
Viet Nam,2009,2678.126857774713,12631927.449763257
Viet Nam,2010,2783.767804912848,12977243.719679415
Viet Nam,2011,2904.6766877511714,13654351.8747492
Viet Nam,2012,3023.5363707702186,14287747.709305087
Viet Nam,2013,3071.769552707298,14414084.543747105
Viet Nam,2014,3127.7059603357666,14720933.50022312
Viet Nam,2015,3122.7827087247047,14829108.622247493
Viet Nam,2016,3040.2291453641833,14265916.395374887
Viet Nam,2017,3080.8681901410127,14214591.516111277
Viet Nam,2018,3153.382338953226,14667111.830321778
Viet Nam,2019,3174.585641928043,14584351.049188325
Viet Nam,2020,3151.0281668370867,14434843.81770825
Viet Nam,2021,3263.849041685492,14827903.89432995
Viet Nam,2022,3259.803551470763,14489236.672594486
Yemen,2005,1214.4188255613126,1502289.77337183
Yemen,2006,1484.3264248704663,1940738.7159431991
Yemen,2007,1734.5371329879101,2325750.6902515115
Yemen,2008,1561.437823834197,1902804.77171012
Yemen,2009,1544.493091537133,2257479.757228621
Yemen,2010,1866.3816925734025,2801137.758039303
Yemen,2011,1614.570811744387,2450786.3806069507
Yemen,2012,1765.8065630397236,2655617.7450254066
Yemen,2013,1667.699481865285,2575595.2817293806
Yemen,2014,1522.0267702936096,2423133.3338320474
Yemen,2015,1301.4145077720207,1970450.6079855561
Yemen,2016,1156.8298791019,1791521.8913739263
Yemen,2017,1154.4412780656303,1788375.356696854
Yemen,2018,1095.6753022452504,1712621.3238819847
Yemen,2019,1262.6442141623488,2100670.787671428
Yemen,2020,1285.5509499136442,2533603.7478100304
Yemen,2021,1510.7020725388602,2752903.2248528865
Yemen,2022,1461.4697754749568,2156938.469930837
Zambia,2005,72.11157894736841,295832.4055521843
Zambia,2006,100.43184210526316,356983.2036399582
Zambia,2007,91.16868421052632,327163.35464128817
Zambia,2008,89.845,344237.7230258043
Zambia,2009,143.6071052631579,523412.99963480583
Zambia,2010,191.3905263157895,646033.0698834537
Zambia,2011,188.67526315789473,726727.2335374258
Zambia,2012,184.6071052631579,628935.7047291149
Zambia,2013,173.47342105263158,607025.5385400668
Zambia,2014,205.75342105263158,673035.8179459067
Zambia,2015,165.91973684210527,588674.2637532788
Zambia,2016,186.60342105263157,604621.7184263706
Zambia,2017,224.7642105263158,707253.3791330277
Zambia,2018,166.98947368421054,553877.9353653858
Zambia,2019,140.425,486680.0876417482
Zambia,2020,217.38263157894738,673001.145004076
Zambia,2021,244.35473684210527,746411.6915956229
Zambia,2022,195.73631578947368,659420.7752021389
Zimbabwe,2010,715.3575494346009,428764.7985993996
Zimbabwe,2011,771.5441396652384,383998.82967822556
Zimbabwe,2012,925.3481929208324,418016.1450653772
Zimbabwe,2013,934.4955239241035,428497.14615879225
Zimbabwe,2014,994.3998963090236,477387.1950180187
Zimbabwe,2015,879.5695023666381,394642.6870852488
Zimbabwe,2016,898.441220277237,392010.73989153246
Zimbabwe,2017,1277.7778731246585,597797.3520220629
Zimbabwe,2018,1357.9682478471027,585586.47592584
Zimbabwe,2019,1267.9522527031274,514108.24980345194
Zimbabwe,2020,1484.6262979747053,758668.4399574689
Zimbabwe,2021,1468.3724737667774,858822.4255790844
Zimbabwe,2022,1423.5735345945138,758230.7856688133
Austria,2018,1505.9083891014975,3725513.4512775084
Austria,2019,1430.6243936214576,4091237.3342695627
Austria,2020,1487.096658025804,4316737.448256505
Austria,2021,1438.2088538681428,4005486.548261615
Austria,2022,1435.5548601977814,4167405.940769607
Belgium,2018,3379.900170722801,6437431.395475433
Belgium,2019,3761.261031640255,7576994.068345251
Belgium,2020,3529.5548787608604,7148407.928022508
Belgium,2021,3773.5473732601013,7003881.195609133
Belgium,2022,3485.052950019556,7295821.158493148
Bulgaria,2018,645.8522034676113,3912535.6408324842
Bulgaria,2019,689.4549052788573,4120916.342096148
Bulgaria,2020,543.2275458547848,3171524.969928164
Bulgaria,2021,705.631641594126,4591929.547016329
Bulgaria,2022,608.1567738882276,3992407.820552944
Croatia,2018,913.8006912442396,3283655.037682822
Croatia,2019,914.63133640553,3429049.5306310034
Croatia,2020,983.9216589861751,3690179.256719913
Croatia,2021,928.241935483871,3701955.606854196
Croatia,2022,811.4435483870968,3359754.1314737825
Cyprus,2018,1567.6389781482794,1540262.2858401032
Cyprus,2019,1544.1392085481943,1678303.3262658769
Cyprus,2020,1584.395335602253,1798446.0006931168
Cyprus,2021,1580.1653770742378,1642803.6696294004
Cyprus,2022,1497.7935759803745,1680335.5878359296
Czechia,2018,720.7821173278992,3826258.300881893
Czechia,2019,758.212651865327,4155380.3645530753
Czechia,2020,808.7459532951231,4312759.961757973
Czechia,2021,824.499777361905,4373099.927110024
Czechia,2022,820.6139106817162,4499293.140800941
Denmark,2018,867.9661733615222,2801836.2615284123
Denmark,2019,1138.1336152219874,4710725.384044542
Denmark,2020,1181.8405919661734,4295275.486063529
Denmark,2021,1065.9479915433403,4174215.259949896
Denmark,2022,1145.4038054968287,4352464.791890871
Estonia,2018,278.74824191279885,1538731.2139628576
Estonia,2019,449.4036568213783,2867205.9351342134
Estonia,2020,456.3192686357243,2812348.310965187
Estonia,2021,365.3966244725738,2375739.7971932255
Estonia,2022,422.37412095639945,2831429.985669312
Finland,2018,429.71256684491976,823685.3528502557
Finland,2019,549.2950089126559,1336559.6846273902
Finland,2020,494.5231729055258,1123353.6663335217
Finland,2021,431.8614081996435,1004163.5820349667
Finland,2022,491.4144385026738,1273555.1232457412
France,2018,2160.648350819912,5059440.9492330365
France,2019,2171.080118012366,5718582.055149901
France,2020,2133.6988052603056,4545676.287447954
France,2021,2144.850604577269,5341558.9249589285
France,2022,2152.282888834212,4961901.999771431
Germany,2018,1298.3895214450818,4385597.090971275
Germany,2019,1410.6790514510744,5022482.152125154
Germany,2020,1402.5855663042548,4958819.812921904
Germany,2021,1406.9997431726736,4824065.357833483
Germany,2022,1391.0494820648917,4949694.893462753
Greece,2018,2720.8841658432075,3667078.798842077
Greece,2019,2532.0313519613187,3536839.71385931
Greece,2020,2668.9975155724696,3768912.469498512
Greece,2021,2538.472520073711,3761644.432271083
Greece,2022,2530.824573217539,3337461.2105301865
Hungary,2018,850.6001355646891,3525758.0372085413
Hungary,2019,858.8199212045325,3626734.572101961
Hungary,2020,831.3097966843358,3459855.7815748346
Hungary,2021,774.4578076019021,3366382.2517083837
Hungary,2022,567.7805348121097,2526518.159826677
Ireland,2018,1659.0751708428245,2632196.079952421
Ireland,2019,2010.740318906606,3325514.0170344403
Ireland,2020,1782.7608200455581,2221793.9313085233
Ireland,2021,2079.519362186788,3535587.247764119
Ireland,2022,2111.507972665148,3828777.9061501333
Italy,2018,3203.268215847126,4232801.8905546265
Italy,2019,3158.091839383486,4136364.865698819
Italy,2020,3272.2831904175846,4235426.516660558
Italy,2021,3232.938719400176,4247838.059298847
Italy,2022,3125.602355685536,3950730.671184929
Latvia,2018,300.5323529411765,2301347.032917649
Latvia,2019,445.81617647058823,3741468.306159729
Latvia,2020,483.75882352941176,4154274.8775027087
Latvia,2021,410.4441176470588,3690739.042001278
Latvia,2022,444.2308823529412,3948086.165592376
Lithuania,2018,414.5966131133304,2882427.171186122
Lithuania,2019,498.5870603560573,3766147.8449705816
Lithuania,2020,596.6812852800695,4640655.510879246
Lithuania,2021,500.70343030829355,3947623.48266978
Lithuania,2022,527.9761181068172,4194340.533528797
Luxembourg,2018,1022.0624205067998,3502003.299409822
Luxembourg,2019,861.7552098620487,3574442.037932249
Luxembourg,2020,874.1316896585462,3200051.5937630995
Luxembourg,2021,877.5397058343932,3334411.271016382
Luxembourg,2022,927.2902194827642,3722304.873981553
Malta,2018,5042.191780821918,2698749.7437702077
Malta,2019,4560.684931506849,2472084.3722047284
Malta,2020,4399.726027397261,2269708.41991323
Malta,2021,4038.7671232876714,2190690.549033957
Malta,2022,3900.821917808219,2191117.253477254
Netherlands (Kingdom of the),2018,5181.8721506442025,6063433.8532085605
Netherlands (Kingdom of the),2019,5587.978196233895,7052596.321176848
Netherlands (Kingdom of the),2020,5520.851337958375,6675333.457366257
Netherlands (Kingdom of the),2021,5572.348860257681,6645556.470273076
Netherlands (Kingdom of the),2022,5384.306243805749,6938389.814225521
Poland,2018,786.0247277271916,3371631.6097065834
Poland,2019,781.3539546509552,3550347.84716848
Poland,2020,916.6237279057311,4263833.358905861
Poland,2021,906.85984645599,4064980.318619878
Poland,2022,905.962506695233,4222482.497396398
Portugal,2018,3830.8082670845847,2635831.374471217
Portugal,2019,4227.05947008766,2894687.499624154
Portugal,2020,4154.414476672632,2717783.753863148
Portugal,2021,4912.240629085951,3241981.286757432
Portugal,2022,4308.545538546354,2676197.814251914
Romania,2018,1315.5581063399547,3650147.0257744496
Romania,2019,1211.4842393243725,3581805.5675167046
Romania,2020,888.1106221006304,2262448.337940865
Romania,2021,1120.131794932794,3402723.3747348636
Romania,2022,804.7179731176401,2635675.228325868
Slovakia,2018,689.69013006886,3461565.7091578967
Slovakia,2019,702.0665646518745,3475569.521084479
Slovakia,2020,754.6319816373374,3820643.570876206
Slovakia,2021,731.1224177505738,3608647.372415371
Slovakia,2022,603.6778882938027,3422848.833293727
Slovenia,2018,1792.6882441723965,3147516.917520149
Slovenia,2019,1680.6640952540668,3243610.8811286422
Slovenia,2020,1897.3950472357315,3701595.8281985535
Slovenia,2021,1491.922410419811,3287510.0845122193
Slovenia,2022,1467.7455419531557,3043057.8196808626
Spain,2018,2290.0683714665574,3240409.4441965045
Spain,2019,2153.22845446389,2638500.5746407853
Spain,2020,2300.4025048807252,3144578.577484691
Spain,2021,2268.708431205153,3175039.1388866873
Spain,2022,1965.712759817879,2449048.277504456
Sweden,2018,423.6971496437055,1584366.6321719605
Sweden,2019,637.2125890736341,3206593.7627087655
Sweden,2020,635.4354711005542,3035328.7731284085
Sweden,2021,570.1927949326999,2788969.803137425
Sweden,2022,618.2842438638163,3012447.8409349355
