Country,Year,Production_tons,ArableLand_ha,ProductionPerArableHa_tons
Afghanistan,2005,8125448.38,7846000.0,1.0356166683660464
Afghanistan,2006,7447393.55,7846000.0,0.9491962210043334
Afghanistan,2007,8666529.25,7846000.0,1.1045793079276065
Afghanistan,2008,6751515.13,7846000.0,0.8605040950802957
Afghanistan,2009,9641303.01,7846000.0,1.228817615345399
Afghanistan,2010,8849180.57,7846000.0,1.1278588541932195
Afghanistan,2011,7262945.57,7846000.0,0.9256876841702779
Afghanistan,2012,9312817.01,7846000.0,1.186950931684935
Afghanistan,2013,9529948.94,7846000.0,1.2146251516696405
Afghanistan,2014,10335990.879999999,7846000.0,1.3173580015294417
Afghanistan,2015,9478134.98,7846000.0,1.2080212821820036
Afghanistan,2016,10461985.91,7846000.0,1.3334165065001276
Afghanistan,2017,9496208.42,7846000.0,1.2103248049961763
Afghanistan,2018,8406627.120000001,7846000.0,1.0714538771348459
Afghanistan,2019,10871850.98,7846000.0,1.3856552357889371
Afghanistan,2020,11841232.530000001,7846000.0,1.5092062872801428
Afghanistan,2021,11215899.370000001,7846000.0,1.4295054002039258
Afghanistan,2022,10799843.29,7846000.0,1.3764776051491205
Albania,2005,1699611.78,590700.0,2.8772842051802945
Albania,2006,1744754.84,590700.0,2.9537071948535636
Albania,2007,1720794.93,590700.0,2.9131453021838496
Albania,2008,1969314.8599999999,590700.0,3.3338663619434565
Albania,2009,2068028.2,590700.0,3.5009788386659895
Albania,2010,2295229.49,590700.0,3.8856094294904353
Albania,2011,2418396.95,590700.0,4.094120450313188
Albania,2012,2510009.29,590700.0,4.249211596411038
Albania,2013,2500013.61,590700.0,4.232289842559675
Albania,2014,2541028.89,590700.0,4.301724885728796
Albania,2015,2639688.65,590700.0,4.468746656509226
Albania,2016,2762876.12,590700.0,4.677291552395463
Albania,2017,2798056.1,590700.0,4.736847976976469
Albania,2018,2791672.59,590700.0,4.726041289994921
Albania,2019,2865887.66,590700.0,4.851680480785509
Albania,2020,2954679.09,590700.0,5.001996089385474
Albania,2021,3005766.48,590700.0,5.0884822752666325
Albania,2022,3097940.01,590700.0,5.24452346368715
Algeria,2005,12243885.55,7531000.0,1.6257981078210066
Algeria,2006,13014483.42,7531000.0,1.728121553578542
Algeria,2007,11592206.719999999,7531000.0,1.5392652662329038
Algeria,2008,10650882.11,7531000.0,1.414271957243394
Algeria,2009,16220835.55,7531000.0,2.1538753883946358
Algeria,2010,16563634.99,7531000.0,2.199393837471783
Algeria,2011,18225136.6,7531000.0,2.4200154826716243
Algeria,2012,19885226.59,7531000.0,2.640449686628602
Algeria,2013,21710250.57,7531000.0,2.882784566458638
Algeria,2014,20368684.84,7531000.0,2.7046454441641217
Algeria,2015,21387561.29,7531000.0,2.8399364347364227
Algeria,2016,21739145.69,7531000.0,2.8866213902536186
Algeria,2017,21899442.490000002,7531000.0,2.9079063192139163
Algeria,2018,25358104.41,7531000.0,3.367162981011818
Algeria,2019,26161060.02,7531000.0,3.473783032797769
Algeria,2020,25411435.95,7531000.0,3.3742445823927762
Algeria,2021,22555472.33,7531000.0,2.9950169074492097
Algeria,2022,24425894.78,7531000.0,3.24338
Angola,2005,13301236.46,5385000.0,2.4700531959145775
Angola,2006,13645973.549999999,5385000.0,2.534071225626741
Angola,2007,15513530.32,5385000.0,2.880878425255339
Angola,2008,16127370.44,5385000.0,2.9948691624883934
Angola,2009,20602790.27,5385000.0,3.8259591959145776
Angola,2010,21964527.65,5385000.0,4.0788352181987
Angola,2011,23581140.61,5385000.0,4.379041896007428
Angola,2012,18355197.85,5385000.0,3.4085789879294337
Angola,2013,26672298.54,5385000.0,4.953073080779944
Angola,2014,19549311.46,5385000.0,3.630327104921077
Angola,2015,20329113.54,5385000.0,3.7751371476323117
Angola,2016,21255348.17,5385000.0,3.9471398644382547
Angola,2017,21520657.12,5385000.0,3.996408007428041
Angola,2018,22391832.84,5385000.0,4.158186228412256
Angola,2019,22959645.67,5385000.0,4.263629650882081
Angola,2020,24272388.03,5385000.0,4.507407247910864
Angola,2021,24761383.36,5385000.0,4.5982141801299905
Angola,2022,26065000.509999998,5385000.0,4.840297216341689
Antigua and Barbuda,2005,8652.89,4000.0,2.1632225
Antigua and Barbuda,2006,9276.86,4000.0,2.3192150000000002
Antigua and Barbuda,2007,10006.0,4000.0,2.5015
Antigua and Barbuda,2008,10366.35,4000.0,2.5915875
Antigua and Barbuda,2009,10480.53,4000.0,2.6201325
Antigua and Barbuda,2010,10614.28,4000.0,2.65357
Antigua and Barbuda,2011,10627.59,4000.0,2.6568975
Antigua and Barbuda,2012,10262.94,4000.0,2.565735
Antigua and Barbuda,2013,10430.57,4000.0,2.6076425
Antigua and Barbuda,2014,10400.54,4000.0,2.6001350000000003
Antigua and Barbuda,2015,10340.490000000002,4000.0,2.5851225
Antigua and Barbuda,2016,10238.31,4000.0,2.5595775
Antigua and Barbuda,2017,10078.22,4000.0,2.519555
Antigua and Barbuda,2018,9908.69,4000.0,2.4771725
Antigua and Barbuda,2019,9794.33,4000.0,2.4485825
Antigua and Barbuda,2020,9726.279999999999,4000.0,2.43157
Antigua and Barbuda,2021,9788.03,4000.0,2.4470075000000002
Antigua and Barbuda,2022,9973.33,4000.0,2.4933325
Argentina,2005,120886508.18,40387343.1,2.9931780330457043
Argentina,2006,121166037.7,40387343.1,3.0000992489154354
Argentina,2007,135173012.91,40387343.1,3.346915209928726
Argentina,2008,130973436.56,40387343.1,3.242932723643314
Argentina,2009,102717849.63,40387343.1,2.5433178254798343
Argentina,2010,136635719.82,40387343.1,3.383132172910874
Argentina,2011,140190134.42,40387343.1,3.471140304349458
Argentina,2012,121229135.24,40387343.1,3.0016615586678688
Argentina,2013,145063751.95,40387343.1,3.5918122068792386
Argentina,2014,149870273.84,40387343.1,3.7108228057715436
Argentina,2015,153897662.14000002,40387343.1,3.8105418759274614
Argentina,2016,165587529.07,40387343.1,4.099985697499373
Argentina,2017,171448356.67,40387343.1,4.245101150761264
Argentina,2018,150155198.18,40387343.1,3.7178775986380743
Argentina,2019,180556477.53,40387343.1,4.4706203397172715
Argentina,2020,171464600.5,40387343.1,4.245503351766658
Argentina,2021,178168214.69,40387343.1,4.411486396836042
Argentina,2022,164634503.82,40387343.1,4.076388570854021
Armenia,2005,2238138.0,441600.0,5.068247282608696
Armenia,2006,2173861.0,441600.0,4.922692481884058
Armenia,2007,2596206.0,441600.0,5.879089673913043
Armenia,2008,2605932.0,441600.0,5.901114130434783
Armenia,2009,2557565.6,441600.0,5.791588768115942
Armenia,2010,2051634.0,441600.0,4.645910326086956
Armenia,2011,2494343.0,441600.0,5.648421648550725
Armenia,2012,2788305.0,441600.0,6.3140964673913045
Armenia,2013,2930455.0,441600.0,6.635994112318841
Armenia,2014,3122323.0,441600.0,7.070477807971015
Armenia,2015,3290534.34,441600.0,7.451391168478261
Armenia,2016,2918671.45,441600.0,6.609310348731884
Armenia,2017,2589869.02,441600.0,5.864739628623188
Armenia,2018,2070871.67,441600.0,4.689473890398551
Armenia,2019,1889275.68,441600.0,4.278251086956522
Armenia,2020,2024063.22,441600.0,4.583476494565217
Armenia,2021,1887300.72,441600.0,4.273778804347826
Armenia,2022,1959124.8,441600.0,4.436423913043479
Australia,2005,90679037.0,30989678.2,2.926104505338168
Australia,2006,67544130.41,30989678.2,2.179568628434483
Australia,2007,70892504.61,30989678.2,2.2876166752192995
Australia,2008,78681428.7,30989678.2,2.5389559772840755
Australia,2009,77858850.19,30989678.2,2.5124123486380703
Australia,2010,83297814.91,30989678.2,2.6879212611507532
Australia,2011,82955177.22,30989678.2,2.6768647510512067
Australia,2012,77894973.8,30989678.2,2.5135780145016153
Australia,2013,83036752.71000001,30989678.2,2.679497094939179
Australia,2014,81248293.39,30989678.2,2.621785643130686
Australia,2015,82131196.92,30989678.2,2.650275888311741
Australia,2016,102306774.47,30989678.2,3.3013177423055655
Australia,2017,87234670.46,30989678.2,2.8149589000895143
Australia,2018,77885524.42,30989678.2,2.513273094265303
Australia,2019,72382151.00999999,30989678.2,2.3356857900512176
Australia,2020,94899470.75999999,30989678.2,3.062292875309689
Australia,2021,107734347.41999999,30989678.2,3.4764590559704485
Australia,2022,113841214.59,30989678.2,3.673520384926101
Austria,2005,10685235.7,1321781.6,8.083964627741828
Austria,2006,9698430.08,1321781.6,7.337392259053992
Austria,2007,10186678.129999999,1321781.6,7.706778585811755
Austria,2008,11778972.21,1321781.6,8.911436057212477
Austria,2009,11110084.25,1321781.6,8.405385768723063
Austria,2010,10264302.92,1321781.6,7.765505980715725
Austria,2011,11958735.6,1321781.6,9.047436883672763
Austria,2012,10297600.72,1321781.6,7.790697585743363
Austria,2013,10325100.98,1321781.6,7.811503034994586
Austria,2014,12534763.41,1321781.6,9.483233394987492
Austria,2015,9874676.89,1321781.6,7.470732600605123
Austria,2016,11492079.01,1321781.6,8.694385676120774
Austria,2017,10162964.89,1321781.6,7.68883822410601
Austria,2018,9549252.6,1321781.6,7.224531344663898
Austria,2019,9786510.0,1321781.6,7.40402953105112
Austria,2020,10363240.0,1321781.6,7.840357287467158
Austria,2021,10835830.0,1321781.6,8.197897443874236
Austria,2022,10396300.0,1321781.6,7.865368983801862
Azerbaijan,2005,5737789.0,2091700.0,2.7431223406798297
Azerbaijan,2006,5800619.0,2091700.0,2.773160109002247
Azerbaijan,2007,5854111.5,2091700.0,2.7987338050389634
Azerbaijan,2008,6279913.5,2091700.0,3.0023012382272793
Azerbaijan,2009,6601715.62,2091700.0,3.156148405603098
Azerbaijan,2010,5747446.62,2091700.0,2.747739455944925
Azerbaijan,2011,6316525.92,2091700.0,3.0198049051011138
Azerbaijan,2012,6609471.72,2091700.0,3.159856442128412
Azerbaijan,2013,6819008.82,2091700.0,3.2600319453076447
Azerbaijan,2014,6032008.64,2091700.0,2.8837828751733037
Azerbaijan,2015,6831609.98,2091700.0,3.266056308266004
Azerbaijan,2016,7108835.87,2091700.0,3.3985924702395183
Azerbaijan,2017,7407568.5600000005,2091700.0,3.5414106038150788
Azerbaijan,2018,7800057.640000001,2091700.0,3.7290517951905153
Azerbaijan,2019,8471310.11,2091700.0,4.049964196586508
Azerbaijan,2020,8338950.43,2091700.0,3.986685676722283
Azerbaijan,2021,8511497.0,2091700.0,4.069176746187312
Azerbaijan,2022,8460999.47,2091700.0,4.045034885499833
Bahamas,2005,107080.47,8000.0,13.38505875
Bahamas,2006,117832.52,8000.0,14.729065
Bahamas,2007,123651.05,8000.0,15.45638125
Bahamas,2008,124137.05,8000.0,15.51713125
Bahamas,2009,119075.15999999999,8000.0,14.884394999999998
Bahamas,2010,136901.49,8000.0,17.11268625
Bahamas,2011,138967.13999999998,8000.0,17.370892499999997
Bahamas,2012,138878.08,8000.0,17.359759999999998
Bahamas,2013,139684.42,8000.0,17.460552500000002
Bahamas,2014,145843.99,8000.0,18.23049875
Bahamas,2015,148168.54,8000.0,18.5210675
Bahamas,2016,148391.24,8000.0,18.548904999999998
Bahamas,2017,148956.77,8000.0,18.619596249999997
Bahamas,2018,148923.05,8000.0,18.61538125
Bahamas,2019,150123.48,8000.0,18.765435
Bahamas,2020,151802.22,8000.0,18.9752775
Bahamas,2021,152303.81,8000.0,19.03797625
Bahamas,2022,152044.92,8000.0,19.005615000000002
Bahrain,2005,25768.88,2100.0,12.270895238095239
Bahrain,2006,37002.509999999995,2100.0,17.620242857142856
Bahrain,2007,35786.54,2100.0,17.041209523809524
Bahrain,2008,35114.93,2100.0,16.721395238095237
Bahrain,2009,35511.76,2100.0,16.910361904761906
Bahrain,2010,35002.0,2100.0,16.66761904761905
Bahrain,2011,33902.020000000004,2100.0,16.14381904761905
Bahrain,2012,34145.25,2100.0,16.259642857142858
Bahrain,2013,34098.39,2100.0,16.23732857142857
Bahrain,2014,36246.77,2100.0,17.260366666666666
Bahrain,2015,37976.73,2100.0,18.084157142857144
Bahrain,2016,40943.31,2100.0,19.496814285714283
Bahrain,2017,37911.29,2100.0,18.05299523809524
Bahrain,2018,38844.38,2100.0,18.49732380952381
Bahrain,2019,40341.97,2100.0,19.210461904761907
Bahrain,2020,41301.57,2100.0,19.667414285714287
Bahrain,2021,36962.56,2100.0,17.601219047619047
Bahrain,2022,38762.22,2100.0,18.4582
Bangladesh,2005,61078798.519999996,7880400.0,7.750723125729658
Bangladesh,2006,61035916.84,7880400.0,7.745281564387595
Bangladesh,2007,61792497.86000001,7880400.0,7.841289510684738
Bangladesh,2008,71248121.91,7880400.0,9.041180893101872
Bangladesh,2009,70303887.38999999,7880400.0,8.92136025963149
Bangladesh,2010,74749804.7,7880400.0,9.485534325668748
Bangladesh,2011,77685436.4,7880400.0,9.85805750977108
Bangladesh,2012,78083175.05,7880400.0,9.908529395715954
Bangladesh,2013,79583844.39,7880400.0,10.098960000761382
Bangladesh,2014,82049851.0,7880400.0,10.41188911730369
Bangladesh,2015,84235349.1,7880400.0,10.689222514085579
Bangladesh,2016,84463993.59,7880400.0,10.718236839500534
Bangladesh,2017,86524912.08000001,7880400.0,10.979761443581546
Bangladesh,2018,88405592.77,7880400.0,11.218414391401451
Bangladesh,2019,88519937.32,7880400.0,11.232924384549007
Bangladesh,2020,91558214.63,7880400.0,11.618473000101517
Bangladesh,2021,93662156.37,7880400.0,11.885457130348714
Bangladesh,2022,95636245.13,7880400.0,12.135963292472463
Barbados,2005,463588.47,7000.0,66.22692428571428
Barbados,2006,370484.73,7000.0,52.92639
Barbados,2007,374974.0,7000.0,53.56771428571429
Barbados,2008,329323.27,7000.0,47.04618142857143
Barbados,2009,376836.68,7000.0,53.83381142857143
Barbados,2010,278591.52,7000.0,39.798788571428574
Barbados,2011,304448.18,7000.0,43.49259714285714
Barbados,2012,278273.54000000004,7000.0,39.75336285714286
Barbados,2013,193780.71,7000.0,27.68295857142857
Barbados,2014,180346.44,7000.0,25.763777142857144
Barbados,2015,136737.09,7000.0,19.53387
Barbados,2016,104354.74,7000.0,14.907820000000001
Barbados,2017,150824.23,7000.0,21.54631857142857
Barbados,2018,169956.38,7000.0,24.279482857142856
Barbados,2019,108022.32,7000.0,15.43176
Barbados,2020,114034.25,7000.0,16.290607142857144
Barbados,2021,113222.06999999999,7000.0,16.17458142857143
Barbados,2022,122737.51000000001,7000.0,17.53393
Belarus,2005,20324707.85,5567800.0,3.650401927152556
Belarus,2006,21331376.09,5567800.0,3.83120372319408
Belarus,2007,22511355.13,5567800.0,4.04313285857969
Belarus,2008,25344962.53,5567800.0,4.552060514027085
Belarus,2009,23339718.79,5567800.0,4.191910411652717
Belarus,2010,22203390.990000002,5567800.0,3.9878212202306123
Belarus,2011,22547904.2,5567800.0,4.049697223319803
Belarus,2012,23922028.86,5567800.0,4.296495718237005
Belarus,2013,20703005.75,5567800.0,3.718345800854916
Belarus,2014,23111773.0,5567800.0,4.150970401235677
Belarus,2015,19766186.05,5567800.0,3.550089092639822
Belarus,2016,19555448.61,5567800.0,3.5122397733395596
Belarus,2017,21085873.23,5567800.0,3.787110390100219
Belarus,2018,18513237.72,5567800.0,3.325054369769029
Belarus,2019,19661996.28,5567800.0,3.5313761773052197
Belarus,2020,19821180.85,5567800.0,3.5599663870828695
Belarus,2021,17673042.03,5567800.0,3.174151734976113
Belarus,2022,19532390.17,5567800.0,3.5080983817665867
Belgium,2005,14715295.06,863153.6,17.04829251711399
Belgium,2006,13891345.91,863153.6,16.09371253274041
Belgium,2007,14687207.370000001,863153.6,17.01575173874036
Belgium,2008,13679379.6,863153.6,15.848140585870231
Belgium,2009,14876428.55,863153.6,17.234972489253362
Belgium,2010,14143574.07,863153.6,16.3859295379177
Belgium,2011,15454535.77,863153.6,17.904734186360344
Belgium,2012,14155082.41,863153.6,16.399262437183836
Belgium,2013,14365249.719999999,863153.6,16.64275016636668
Belgium,2014,15592711.879999999,863153.6,18.064817061528792
Belgium,2015,14106803.99,863153.6,16.343329843031416
Belgium,2016,12509712.31,863153.6,14.49303149520549
Belgium,2017,15812470.24,863153.6,18.319416428315886
Belgium,2018,13393280.0,863153.6,15.516682083003536
Belgium,2019,14797380.0,863153.6,17.14339139638646
Belgium,2020,14098960.0,863153.6,16.334242248424847
Belgium,2021,14055650.0,863153.6,16.28406577925412
Belgium,2022,14008870.0,863153.6,16.229869168129518
Belize,2005,1449516.68,100000.0,14.4951668
Belize,2006,1633884.52,100000.0,16.3388452
Belize,2007,1659852.4100000001,100000.0,16.598524100000002
Belize,2008,1450074.52,100000.0,14.5007452
Belize,2009,1402377.75,100000.0,14.0237775
Belize,2010,1571708.74,100000.0,15.7170874
Belize,2011,1278538.8,100000.0,12.785388000000001
Belize,2012,1595758.53,100000.0,15.9575853
Belize,2013,1544474.4,100000.0,15.444743999999998
Belize,2014,1675440.68,100000.0,16.754406799999998
Belize,2015,1628019.25,100000.0,16.2801925
Belize,2016,1845802.28,100000.0,18.458022800000002
Belize,2017,2075369.52,100000.0,20.7536952
Belize,2018,2057388.46,100000.0,20.5738846
Belize,2019,2113464.41,100000.0,21.134644100000003
Belize,2020,1902265.75,100000.0,19.0226575
Belize,2021,2255479.7,100000.0,22.554797
Belize,2022,2170808.24,100000.0,21.708082400000002
Benin,2005,7676848.91,3545952.3,2.164961133289921
Benin,2006,7031426.16,3545952.3,1.9829443729403806
Benin,2007,6770593.57,3545952.3,1.9093865334849542
Benin,2008,8652611.01,3545952.3,2.440137451933575
Benin,2009,9524521.99,3545952.3,2.686026540740551
Benin,2010,9388859.5,3545952.3,2.6477681326959757
Benin,2011,9964271.75,3545952.3,2.810041113638218
Benin,2012,10503255.120000001,3545952.3,2.962040724574891
Benin,2013,11331878.91,3545952.3,3.1957223197841667
Benin,2014,11843742.3,3545952.3,3.340073779334257
Benin,2015,10476383.44,3545952.3,2.9544625966908806
Benin,2016,11752232.5,3545952.3,3.314266946004886
Benin,2017,12311773.29,3545952.3,3.4720639896932624
Benin,2018,12509828.67,3545952.3,3.527917922076955
Benin,2019,13650288.59,3545952.3,3.8495409512417864
Benin,2020,13077648.66,3545952.3,3.6880497969473534
Benin,2021,13540814.989999998,3545952.3,3.8186681163195564
Benin,2022,13644665.280000001,3545952.3,3.8479551120865336
Bhutan,2005,431696.79000000004,100000.0,4.316967900000001
Bhutan,2006,448278.94,100000.0,4.4827894
Bhutan,2007,449740.98,100000.0,4.4974098
Bhutan,2008,380465.54000000004,100000.0,3.8046554000000006
Bhutan,2009,336491.6,100000.0,3.3649159999999996
Bhutan,2010,338527.91,100000.0,3.3852790999999995
Bhutan,2011,431969.37,100000.0,4.3196937
Bhutan,2012,379175.68,100000.0,3.7917568
Bhutan,2013,378950.79,100000.0,3.7895079
Bhutan,2014,379065.36,100000.0,3.7906535999999997
Bhutan,2015,363916.22,100000.0,3.6391622
Bhutan,2016,412931.83999999997,100000.0,4.1293184
Bhutan,2017,424799.24,100000.0,4.2479924
Bhutan,2018,312615.38,100000.0,3.1261538
Bhutan,2019,306256.33,100000.0,3.0625633000000003
Bhutan,2020,320943.02,100000.0,3.2094302000000003
Bhutan,2021,248553.84999999998,100000.0,2.4855384999999997
Bhutan,2022,216277.44,100000.0,2.1627744
Bolivia (Plurinational State of),2005,11209478.93,5562567.6,2.015162733483005
Bolivia (Plurinational State of),2006,12434230.030000001,5562567.6,2.235340030744076
Bolivia (Plurinational State of),2007,12551841.79,5562567.6,2.2564834609830178
Bolivia (Plurinational State of),2008,13238155.02,5562567.6,2.379864115269359
Bolivia (Plurinational State of),2009,15225774.96,5562567.6,2.737184705854182
Bolivia (Plurinational State of),2010,13358066.200000001,5562567.6,2.401420919361052
Bolivia (Plurinational State of),2011,13795827.29,5562567.6,2.480118585884691
Bolivia (Plurinational State of),2012,15680250.15,5562567.6,2.8188871178841945
Bolivia (Plurinational State of),2013,16806476.66,5562567.6,3.0213523445539794
Bolivia (Plurinational State of),2014,16405444.69,5562567.6,2.949257585651633
Bolivia (Plurinational State of),2015,16749894.64,5562567.6,3.011180419632114
Bolivia (Plurinational State of),2016,16796736.8,5562567.6,3.0196013797657044
Bolivia (Plurinational State of),2017,17200163.06,5562567.6,3.0921265675944323
Bolivia (Plurinational State of),2018,19594359.509999998,5562567.6,3.5225386762041326
Bolivia (Plurinational State of),2019,19365074.39,5562567.6,3.4813193802804308
Bolivia (Plurinational State of),2020,19835926.45,5562567.6,3.565965912935602
Bolivia (Plurinational State of),2021,21129532.87,5562567.6,3.7985215442595255
Bolivia (Plurinational State of),2022,19778346.810000002,5562567.6,3.5556146427775555
Bosnia and Herzegovina,2005,2877170.91,370000.0,7.776137594594595
Bosnia and Herzegovina,2006,2872907.03,370000.0,7.764613594594594
Bosnia and Herzegovina,2007,2505827.14,370000.0,6.772505783783784
Bosnia and Herzegovina,2008,2938591.21,370000.0,7.942138405405405
Bosnia and Herzegovina,2009,2967212.45,370000.0,8.019493108108108
Bosnia and Herzegovina,2010,2619042.59,370000.0,7.078493486486486
Bosnia and Herzegovina,2011,2661692.16,370000.0,7.193762594594595
Bosnia and Herzegovina,2012,2237545.15,370000.0,6.047419324324324
Bosnia and Herzegovina,2013,2857046.31,370000.0,7.721746783783784
Bosnia and Herzegovina,2014,2369758.77,370000.0,6.4047534324324324
Bosnia and Herzegovina,2015,2653243.47,370000.0,7.170928297297298
Bosnia and Herzegovina,2016,3329940.98,370000.0,8.999840486486486
Bosnia and Herzegovina,2017,2590721.13,370000.0,7.001949
Bosnia and Herzegovina,2018,3484817.03,370000.0,9.418424405405405
Bosnia and Herzegovina,2019,3289934.71,370000.0,8.891715432432433
Bosnia and Herzegovina,2020,3734625.51,370000.0,10.093582459459459
Bosnia and Herzegovina,2021,2974269.73,370000.0,8.038566837837838
Bosnia and Herzegovina,2022,3274101.45,370000.0,8.848922837837838
Botswana,2005,172917.35,260000.0,0.6650667307692308
Botswana,2006,178302.86,260000.0,0.6857802307692307
Botswana,2007,170647.71,260000.0,0.6563373461538461
Botswana,2008,180624.54,260000.0,0.6947097692307692
Botswana,2009,188456.34,260000.0,0.7248320769230769
Botswana,2010,204754.22999999998,260000.0,0.7875162692307691
Botswana,2011,240847.27,260000.0,0.9263356538461538
Botswana,2012,193722.0,260000.0,0.7450846153846153
Botswana,2013,174143.74,260000.0,0.6697836153846154
Botswana,2014,210794.58000000002,260000.0,0.8107483846153847
Botswana,2015,228703.96000000002,260000.0,0.8796306153846155
Botswana,2016,231467.97999999998,260000.0,0.8902614615384614
Botswana,2017,231813.26,260000.0,0.8915894615384615
Botswana,2018,304861.89,260000.0,1.1725457307692309
Botswana,2019,267611.77999999997,260000.0,1.0292760769230769
Botswana,2020,384506.44,260000.0,1.478870923076923
Botswana,2021,330773.68,260000.0,1.2722064615384616
Botswana,2022,385414.44,260000.0,1.4823632307692307
Brazil,2005,621045672.1899999,55642000.0,11.161454875633513
Brazil,2006,683381540.38,55642000.0,12.28175731246181
Brazil,2007,773435542.87,55642000.0,13.900211043276661
Brazil,2008,882683187.06,55642000.0,15.863613584342762
Brazil,2009,912753907.5899999,55642000.0,16.404045641601666
Brazil,2010,956855309.85,55642000.0,17.196637609180115
Brazil,2011,988168960.88,55642000.0,17.759407657524893
Brazil,2012,971973041.9,55642000.0,17.468334026454837
Brazil,2013,1042470754.46,55642000.0,18.735321420150246
Brazil,2014,1019295921.71,55642000.0,18.318822502965386
Brazil,2015,1048665317.9100001,55642000.0,18.846650334459582
Brazil,2016,1040240638.9100001,55642000.0,18.69524170428813
Brazil,2017,1081214830.79,55642000.0,19.4316313358614
Brazil,2018,1060311402.0500001,55642000.0,19.055954172208047
Brazil,2019,1082385529.13,55642000.0,19.45267116800259
Brazil,2020,1098346407.25,55642000.0,19.739520636389777
Brazil,2021,1055803257.38,55642000.0,18.974933636102225
Brazil,2022,1077880124.3999999,55642000.0,19.37169987419575
Brunei Darussalam,2005,23306.98,4000.0,5.826745
Brunei Darussalam,2006,20976.89,4000.0,5.2442225
Brunei Darussalam,2007,22265.56,4000.0,5.56639
Brunei Darussalam,2008,23316.97,4000.0,5.8292425
Brunei Darussalam,2009,24624.63,4000.0,6.1561575
Brunei Darussalam,2010,26893.809999999998,4000.0,6.7234525
Brunei Darussalam,2011,28613.59,4000.0,7.1533975
Brunei Darussalam,2012,29766.62,4000.0,7.441655
Brunei Darussalam,2013,31420.129999999997,4000.0,7.855032499999999
Brunei Darussalam,2014,33229.47,4000.0,8.3073675
Brunei Darussalam,2015,38321.74,4000.0,9.580435
Brunei Darussalam,2016,39303.11,4000.0,9.825777500000001
Brunei Darussalam,2017,39223.84,4000.0,9.805959999999999
Brunei Darussalam,2018,38201.92,4000.0,9.55048
Brunei Darussalam,2019,35717.14,4000.0,8.929285
Brunei Darussalam,2020,31803.41,4000.0,7.9508525
Brunei Darussalam,2021,29219.83,4000.0,7.3049575
Brunei Darussalam,2022,27960.94,4000.0,6.990234999999999
Bulgaria,2005,8193347.6,3486550.0,2.3499871219400266
Bulgaria,2006,8469119.32,3486550.0,2.429082996084955
Bulgaria,2007,5977629.75,3486550.0,1.7144827264774634
Bulgaria,2008,9997844.18,3486550.0,2.8675464800447434
Bulgaria,2009,9011226.39,3486550.0,2.5845682379429524
Bulgaria,2010,10485911.01,3486550.0,3.007532090461918
Bulgaria,2011,10694196.98,3486550.0,3.067271939309633
Bulgaria,2012,9640634.26,3486550.0,2.7650927879995986
Bulgaria,2013,12721337.42,3486550.0,3.6486892257389107
Bulgaria,2014,12984972.18,3486550.0,3.724304019732974
Bulgaria,2015,11944103.49,3486550.0,3.4257657254305833
Bulgaria,2016,12523097.58,3486550.0,3.5918307725401903
Bulgaria,2017,13524997.280000001,3486550.0,3.879192118283117
Bulgaria,2018,13936505.0,3486550.0,3.997219314221795
Bulgaria,2019,14746989.0,3486550.0,4.2296794825830695
Bulgaria,2020,11683983.0,3486550.0,3.351158881989359
Bulgaria,2021,15166882.0,3486550.0,4.350111715019145
Bulgaria,2022,13285570.0,3486550.0,3.8105204285038217
Burkina Faso,2005,6676242.62,7907388.7,0.844304342848354
Burkina Faso,2006,6818803.57,7907388.7,0.8623331707470002
Burkina Faso,2007,5789480.88,7907388.7,0.7321609066720092
Burkina Faso,2008,7988785.5,7907388.7,1.0102937648682933
Burkina Faso,2009,7074629.3,7907388.7,0.8946859157182951
Burkina Faso,2010,8511090.9,7907388.7,1.0763465946729038
Burkina Faso,2011,7482692.77,7907388.7,0.9462912541532199
Burkina Faso,2012,9160520.75,7907388.7,1.1584760908490561
Burkina Faso,2013,9684318.22,7907388.7,1.224717613793287
Burkina Faso,2014,9619689.13,7907388.7,1.2165443605927708
Burkina Faso,2015,9319482.89,7907388.7,1.178579078830411
Burkina Faso,2016,9963873.55,7907388.7,1.2600712988853071
Burkina Faso,2017,9188491.11,7907388.7,1.1620133344399775
Burkina Faso,2018,10500694.66,7907388.7,1.3279598434309925
Burkina Faso,2019,11029057.22,7907388.7,1.3947786859143525
Burkina Faso,2020,11598762.85,7907388.7,1.4668259383783675
Burkina Faso,2021,10534556.370000001,7907388.7,1.3322421307049193
Burkina Faso,2022,11777145.33,7907388.7,1.4893849002262909
Burundi,2005,4419622.0,1321206.8,3.3451402157482084
Burundi,2006,4476016.0,1321206.8,3.387823919767897
Burundi,2007,4527204.0,1321206.8,3.4265672868168706
Burundi,2008,4704179.0,1321206.8,3.560516794191492
Burundi,2009,4864637.0,1321206.8,3.6819648521336705
Burundi,2010,5041169.62,1321206.8,3.8155795292606727
Burundi,2011,4908690.89,1321206.8,3.7153085270224158
Burundi,2012,4662877.65,1321206.8,3.5292564721889113
Burundi,2013,7063070.71,1321206.8,5.345923673720117
Burundi,2014,6046309.97,1321206.8,4.576353959122826
Burundi,2015,6078215.5,1321206.8,4.600502737345887
Burundi,2016,6206180.47,1321206.8,4.697357347842896
Burundi,2017,5773497.1,1321206.8,4.369866322213903
Burundi,2018,6949572.69,1321206.8,5.260018863057623
Burundi,2019,7291366.68,1321206.8,5.5187171909802455
Burundi,2020,7385345.19,1321206.8,5.589848001085069
Burundi,2021,7887290.28,1321206.8,5.969762099317079
Burundi,2022,7940393.41,1321206.8,6.009954997204071
Cabo Verde,2005,113143.13,50000.0,2.2628626
Cabo Verde,2006,116517.98999999999,50000.0,2.3303597999999996
Cabo Verde,2007,122029.14,50000.0,2.4405828
Cabo Verde,2008,116854.76000000001,50000.0,2.3370952000000003
Cabo Verde,2009,110859.89,50000.0,2.2171978
Cabo Verde,2010,112916.91,50000.0,2.2583382
Cabo Verde,2011,126865.0,50000.0,2.5373
Cabo Verde,2012,132699.0,50000.0,2.65398
Cabo Verde,2013,136725.38,50000.0,2.7345076
Cabo Verde,2014,123189.14,50000.0,2.4637828
Cabo Verde,2015,122070.64,50000.0,2.4414128
Cabo Verde,2016,115730.36,50000.0,2.3146072
Cabo Verde,2017,107509.48999999999,50000.0,2.1501897999999997
Cabo Verde,2018,89857.24,50000.0,1.7971448
Cabo Verde,2019,85199.63,50000.0,1.7039926
Cabo Verde,2020,83529.18,50000.0,1.6705835999999998
Cabo Verde,2021,84261.24,50000.0,1.6852248
Cabo Verde,2022,81818.5,50000.0,1.63637
Cambodia,2005,8388609.08,4120139.7,2.0360011287966766
Cambodia,2006,10363757.42,4120139.7,2.5153898106901567
Cambodia,2007,11169858.81,4120139.7,2.7110388538524557
Cambodia,2008,13296653.129999999,4120139.7,3.2272335644347203
Cambodia,2009,13905519.2,4120139.7,3.3750115803112206
Cambodia,2010,15258676.75,4120139.7,3.7034367426910304
Cambodia,2011,19574778.04,4120139.7,4.750998622692332
Cambodia,2012,20084478.43,4120139.7,4.874708114872901
Cambodia,2013,20750446.64,4120139.7,5.036345403530856
Cambodia,2014,24928947.25,4120139.7,6.050510192651963
Cambodia,2015,25416356.61,4120139.7,6.168809424107634
Cambodia,2016,27118775.080000002,4120139.7,6.582003780114543
Cambodia,2017,28211088.57,4120139.7,6.847119424130206
Cambodia,2018,28788892.099999998,4120139.7,6.98735824418769
Cambodia,2019,28229275.169999998,4120139.7,6.851533497759796
Cambodia,2020,28675378.26,4120139.7,6.959807275466898
Cambodia,2021,29886653.87,4120139.7,7.2537962414235615
Cambodia,2022,30106387.93,4120139.7,7.307127942773397
Cameroon,2005,15421608.67,6200000.0,2.4873562370967743
Cameroon,2006,16179706.22,6200000.0,2.609630035483871
Cameroon,2007,16987752.96,6200000.0,2.73996015483871
Cameroon,2008,17626748.38,6200000.0,2.843023932258064
Cameroon,2009,19374279.04,6200000.0,3.124883716129032
Cameroon,2010,21623656.9,6200000.0,3.4876865967741932
Cameroon,2011,22007347.84,6200000.0,3.5495722322580643
Cameroon,2012,23321656.19,6200000.0,3.76155745
Cameroon,2013,24010837.71,6200000.0,3.8727157596774195
Cameroon,2014,24889218.95,6200000.0,4.014390153225806
Cameroon,2015,25906632.91,6200000.0,4.178489179032258
Cameroon,2016,26504481.83,6200000.0,4.274916424193548
Cameroon,2017,26923310.78,6200000.0,4.342469480645161
Cameroon,2018,28235077.1,6200000.0,4.554044693548387
Cameroon,2019,28128008.15,6200000.0,4.536775508064516
Cameroon,2020,28483824.7,6200000.0,4.594165274193548
Cameroon,2021,28341772.75,6200000.0,4.571253669354839
Cameroon,2022,29235078.009999998,6200000.0,4.715335162903226
Canada,2005,77293834.64,38151000.0,2.0259976053052347
Canada,2006,74951538.44,38151000.0,1.9646021975832875
Canada,2007,74109776.00999999,38151000.0,1.942538229928442
Canada,2008,85892338.53999999,38151000.0,2.2513784314958976
Canada,2009,80826546.01,38151000.0,2.1185957382506357
Canada,2010,78229509.5,38151000.0,2.0505231710833267
Canada,2011,81164755.55,38151000.0,2.127460762496396
Canada,2012,86115445.96000001,38151000.0,2.2572264412466256
Canada,2013,107436193.83,38151000.0,2.81607805378627
Canada,2014,90822022.19,38151000.0,2.3805934887683153
Canada,2015,95119386.78999999,38151000.0,2.4932344313386277
Canada,2016,103821031.41,38151000.0,2.7213187442006763
Canada,2017,103116428.78,38151000.0,2.702849958847737
Canada,2018,103842242.06,38151000.0,2.721874709968284
Canada,2019,104949070.82,38151000.0,2.7508864989122173
Canada,2020,109693691.91,38151000.0,2.87525076433121
Canada,2021,83315618.12,38151000.0,2.1838383822180285
Canada,2022,108809793.33,38151000.0,2.8520823393882204
Central African Republic,2005,1702809.5699999998,1800000.0,0.9460053166666665
Central African Republic,2006,1704611.3399999999,1800000.0,0.9470063
Central African Republic,2007,1761888.51,1800000.0,0.97882695
Central African Republic,2008,1787376.95,1800000.0,0.9929871944444444
Central African Republic,2009,1833587.0499999998,1800000.0,1.0186594722222222
Central African Republic,2010,2979374.59,1800000.0,1.6552081055555554
Central African Republic,2011,2889678.7600000002,1800000.0,1.605377088888889
Central African Republic,2012,2950386.68,1800000.0,1.6391037111111113
Central African Republic,2013,2209733.04,1800000.0,1.2276294666666667
Central African Republic,2014,2412894.55,1800000.0,1.3404969722222222
Central African Republic,2015,2447780.86,1800000.0,1.3598782555555555
Central African Republic,2016,3025138.61,1800000.0,1.680632561111111
Central African Republic,2017,3039190.69,1800000.0,1.6884392722222221
Central African Republic,2018,3210979.52,1800000.0,1.7838775111111111
Central African Republic,2019,3433230.42,1800000.0,1.9073502333333332
Central African Republic,2020,3144312.29,1800000.0,1.746840161111111
Central African Republic,2021,3231148.62,1800000.0,1.7950825666666668
Central African Republic,2022,3309952.36,1800000.0,1.838862422222222
Chad,2005,3966853.9,5300000.0,0.748463
Chad,2006,3723532.79,5300000.0,0.7025533566037736
Chad,2007,3587613.47,5300000.0,0.6769082018867925
Chad,2008,3498429.84,5300000.0,0.6600811018867925
Chad,2009,3109574.88,5300000.0,0.5867122415094339
Chad,2010,5606110.76,5300000.0,1.0577567471698113
Chad,2011,3660417.0,5300000.0,0.6906447169811321
Chad,2012,6182643.4399999995,5300000.0,1.1665364981132074
Chad,2013,5127845.69,5300000.0,0.9675180547169812
Chad,2014,4984622.51,5300000.0,0.9404948132075471
Chad,2015,4558441.53,5300000.0,0.8600833075471699
Chad,2016,5588374.74,5300000.0,1.0544103283018869
Chad,2017,5143826.83,5300000.0,0.9705333641509434
Chad,2018,5511745.49,5300000.0,1.0399519792452832
Chad,2019,5522056.03,5300000.0,1.0418973641509435
Chad,2020,5388535.1,5300000.0,1.0167047358490566
Chad,2021,5100476.8,5300000.0,0.9623541132075472
Chad,2022,5311158.46,5300000.0,1.0021053698113207
Chile,2005,15893512.34,1406900.0,11.29683157296183
Chile,2006,15593735.23,1406900.0,11.083755227805815
Chile,2007,13416202.82,1406900.0,9.536003141658966
Chile,2008,13575886.4,1406900.0,9.649503447295473
Chile,2009,13288803.84,1406900.0,9.445450167033904
Chile,2010,14541569.2,1406900.0,10.335893951240315
Chile,2011,16257907.73,1406900.0,11.55583746534935
Chile,2012,15399810.29,1406900.0,10.945916760253038
Chile,2013,16246235.83,1406900.0,11.547541282251759
Chile,2014,15114318.69,1406900.0,10.742994306631601
Chile,2015,15960658.33,1406900.0,11.34455777240742
Chile,2016,15727524.79,1406900.0,11.178850515317365
Chile,2017,15752728.14,1406900.0,11.196764617243586
Chile,2018,17126177.46,1406900.0,12.172988456891037
Chile,2019,15555723.67,1406900.0,11.056737273438054
Chile,2020,14553278.77,1406900.0,10.344216909517378
Chile,2021,14728886.61,1406900.0,10.469035901627691
Chile,2022,13922414.38,1406900.0,9.895809496055158
China; Hong Kong SAR,2005,40795.07,2000.0,20.397535
China; Hong Kong SAR,2006,41488.96,2000.0,20.74448
China; Hong Kong SAR,2007,41446.19,2000.0,20.723095
China; Hong Kong SAR,2008,41553.47,2000.0,20.776735000000002
China; Hong Kong SAR,2009,41432.03,2000.0,20.716015
China; Hong Kong SAR,2010,41204.65,2000.0,20.602325
China; Hong Kong SAR,2011,41613.979999999996,2000.0,20.80699
China; Hong Kong SAR,2012,44225.0,2000.0,22.1125
China; Hong Kong SAR,2013,43502.11,2000.0,21.751055
China; Hong Kong SAR,2014,42642.89,2000.0,21.321445
China; Hong Kong SAR,2015,41707.92,2000.0,20.85396
China; Hong Kong SAR,2016,42585.91,2000.0,21.292955000000003
China; Hong Kong SAR,2017,42887.590000000004,2000.0,21.443795
China; Hong Kong SAR,2018,43064.66,2000.0,21.53233
China; Hong Kong SAR,2019,43214.93,2000.0,21.607465
China; Hong Kong SAR,2020,43150.659999999996,2000.0,21.575329999999997
China; Hong Kong SAR,2021,43023.56,2000.0,21.511779999999998
China; Hong Kong SAR,2022,42368.03,2000.0,21.184015
China; mainland,2005,1309603463.44,108427100.0,12.078193214058109
China; mainland,2006,1336024426.5,108427100.0,12.32186811691911
China; mainland,2007,1377259002.0,108427100.0,12.702165805412116
China; mainland,2008,1459882334.17,108427100.0,13.464183162419728
China; mainland,2009,1463239252.32,108427100.0,13.495143301997379
China; mainland,2010,1500450713.37,108427100.0,13.838336664634578
China; mainland,2011,1564123723.01,108427100.0,14.425579241813162
China; mainland,2012,1610198395.19,108427100.0,14.850516108887907
China; mainland,2013,1639733167.51,108427100.0,15.12290900992464
China; mainland,2014,1655598753.04,108427100.0,15.269233918826567
China; mainland,2015,1717322923.34,108427100.0,15.838502766743737
China; mainland,2016,1709364573.48,108427100.0,15.765104604660642
China; mainland,2017,1733603603.8,108427100.0,15.988656007584819
China; mainland,2018,1749365989.64,108427100.0,16.13402912777341
China; mainland,2019,1779662691.43,108427100.0,16.41344914168137
China; mainland,2020,1785841823.65,108427100.0,16.470437959237128
China; mainland,2021,1814078716.34,108427100.0,16.730860793473216
China; mainland,2022,1818766420.04,108427100.0,16.774094484128046
Colombia,2005,62008958.42,2549300.0,24.32391574942141
Colombia,2006,59901400.980000004,2549300.0,23.497195692935318
Colombia,2007,59210238.6,2549300.0,23.226077197662104
Colombia,2008,56344015.18,2549300.0,22.101759377083905
Colombia,2009,60116683.95,2549300.0,23.581643568822816
Colombia,2010,55773479.739999995,2549300.0,21.877958553328362
Colombia,2011,58756069.75,2549300.0,23.04792286117758
Colombia,2012,58300252.15,2549300.0,22.86912177852744
Colombia,2013,61751137.099999994,2549300.0,24.22278158710234
Colombia,2014,64860605.91,2549300.0,25.442515949476327
Colombia,2015,64612260.53,2549300.0,25.345098862432824
Colombia,2016,64471150.080000006,2549300.0,25.28974623622171
Colombia,2017,52548516.45,2549300.0,20.612919801514142
Colombia,2018,63797899.1,2549300.0,25.02565374808771
Colombia,2019,65847811.6,2549300.0,25.829761738516456
Colombia,2020,66720854.55,2549300.0,26.172225532499116
Colombia,2021,65796156.99,2549300.0,25.809499466520222
Colombia,2022,67647629.58999999,2549300.0,26.535766520221234
Comoros,2005,226571.35,65000.0,3.485713076923077
Comoros,2006,249478.76,65000.0,3.8381347692307695
Comoros,2007,258864.86000000002,65000.0,3.9825363076923077
Comoros,2008,269997.98,65000.0,4.153815076923077
Comoros,2009,280198.85000000003,65000.0,4.310751538461539
Comoros,2010,288144.01,65000.0,4.432984769230769
Comoros,2011,292755.86,65000.0,4.503936307692308
Comoros,2012,296636.53,65000.0,4.563638923076923
Comoros,2013,300796.23,65000.0,4.627634307692308
Comoros,2014,296252.14,65000.0,4.557725230769231
Comoros,2015,302311.42,65000.0,4.650944923076922
Comoros,2016,311771.61,65000.0,4.796486307692308
Comoros,2017,318099.13,65000.0,4.8938327692307695
Comoros,2018,326039.82,65000.0,5.015997230769231
Comoros,2019,332241.57,65000.0,5.11140876923077
Comoros,2020,338856.35,65000.0,5.213174615384615
Comoros,2021,346047.18,65000.0,5.3238027692307694
Comoros,2022,362612.91,65000.0,5.578660153846154
Congo,2005,2132776.69,550000.0,3.8777757999999998
Congo,2006,2168357.15,550000.0,3.9424675454545453
Congo,2007,2232356.48,550000.0,4.058829963636364
Congo,2008,2337428.05,550000.0,4.249869181818181
Congo,2009,2430999.27,550000.0,4.419998672727273
Congo,2010,2381673.13,550000.0,4.330314781818181
Congo,2011,2427491.19,550000.0,4.413620345454546
Congo,2012,2554751.87,550000.0,4.6450034
Congo,2013,2614979.7399999998,550000.0,4.754508618181818
Congo,2014,2890949.63,550000.0,5.256272054545454
Congo,2015,2903993.53,550000.0,5.279988236363636
Congo,2016,2836268.2600000002,550000.0,5.156851381818182
Congo,2017,2858047.25,550000.0,5.196449545454546
Congo,2018,2902833.94,550000.0,5.277879890909091
Congo,2019,2923431.33,550000.0,5.315329690909091
Congo,2020,2942741.0700000003,550000.0,5.35043830909091
Congo,2021,2955869.21,550000.0,5.374307654545454
Congo,2022,2949139.6,550000.0,5.362072
Costa Rica,2005,9855893.67,167133.4,58.970221810840926
Costa Rica,2006,11474354.440000001,167133.4,68.65386834708085
Costa Rica,2007,11085043.49,167133.4,66.32452573812296
Costa Rica,2008,10496600.52,167133.4,62.80372756133723
Costa Rica,2009,10266704.04,167133.4,61.42820070674084
Costa Rica,2010,10926081.44,167133.4,65.37341692324813
Costa Rica,2011,11087521.58,167133.4,66.33935275654059
Costa Rica,2012,11988998.469999999,167133.4,71.73310942037917
Costa Rica,2013,12704867.65,167133.4,76.01632977011178
Costa Rica,2014,12668596.1,167133.4,75.79930821726836
Costa Rica,2015,11933383.100000001,167133.4,71.40034906248543
Costa Rica,2016,12751854.370000001,167133.4,76.29746280516044
Costa Rica,2017,13082356.129999999,167133.4,78.27493565020517
Costa Rica,2018,12906683.79,167133.4,77.22384508422613
Costa Rica,2019,11723636.58,167133.4,70.14538434567837
Costa Rica,2020,12278841.91,167133.4,73.46731359500855
Costa Rica,2021,12280280.32,167133.4,73.47591995376149
Costa Rica,2022,11808999.98,167133.4,70.65613444111112
Croatia,2005,5995984.9,868000.0,6.907816705069125
Croatia,2006,6420269.25,868000.0,7.396623559907834
Croatia,2007,5918363.08,868000.0,6.818390645161291
Croatia,2008,7254425.5,868000.0,8.35763306451613
Croatia,2009,6872104.67,868000.0,7.917171278801844
Croatia,2010,6272047.33,868000.0,7.225860979262673
Croatia,2011,6053196.1,868000.0,6.973728225806451
Croatia,2012,5240603.0,868000.0,6.037561059907834
Croatia,2013,6381958.39,868000.0,7.352486624423963
Croatia,2014,6382180.83,868000.0,7.352742891705069
Croatia,2015,5828848.7,868000.0,6.715263479262673
Croatia,2016,7211285.33,868000.0,8.307932407834102
Croatia,2017,5918109.9,868000.0,6.818098963133641
Croatia,2018,6295625.0,868000.0,7.253024193548387
Croatia,2019,6310660.0,868000.0,7.270345622119816
Croatia,2020,6964560.0,868000.0,8.023686635944701
Croatia,2021,6214610.0,868000.0,7.159688940092166
Croatia,2022,5320100.0,868000.0,6.129147465437788
Cuba,2005,20576413.83,2908600.0,7.074336048270645
Cuba,2006,18025860.72,2908600.0,6.197435439730454
Cuba,2007,19295724.03,2908600.0,6.634024626968301
Cuba,2008,22542674.46,2908600.0,7.750352217561714
Cuba,2009,22052401.11,2908600.0,7.581792309014646
Cuba,2010,18160164.23,2908600.0,6.243610063260675
Cuba,2011,18732204.11,2908600.0,6.440281960393317
Cuba,2012,21639018.05,2908600.0,7.439667898645396
Cuba,2013,23200987.45,2908600.0,7.976685501615897
Cuba,2014,24626347.009999998,2908600.0,8.46673554631094
Cuba,2015,26449822.96,2908600.0,9.093661197827133
Cuba,2016,25499273.19,2908600.0,8.766854565770474
Cuba,2017,27303768.82,2908600.0,9.387254631093997
Cuba,2018,19658530.45,2908600.0,6.758760383002131
Cuba,2019,23696991.72,2908600.0,8.147215746407205
Cuba,2020,19089508.25,2908600.0,6.563125988448051
Cuba,2021,15284411.92,2908600.0,5.254903362442412
Cuba,2022,11636458.37,2908600.0,4.0007076841091935
Cyprus,2005,622251.04,97873.3,6.357720031918817
Cyprus,2006,578535.1,97873.3,5.911061545896582
Cyprus,2007,562556.25,97873.3,5.747800983516444
Cyprus,2008,430970.15,97873.3,4.4033474910930765
Cyprus,2009,457809.08,97873.3,4.677568652533428
Cyprus,2010,453033.26,97873.3,4.628772709206699
Cyprus,2011,510893.48,97873.3,5.2199474218198425
Cyprus,2012,459663.86,97873.3,4.696519479776405
Cyprus,2013,420651.44,97873.3,4.2979182269321665
Cyprus,2014,411634.9,97873.3,4.205793612762623
Cyprus,2015,474585.7,97873.3,4.848980263258723
Cyprus,2016,380607.48,97873.3,3.888777429595201
Cyprus,2017,384842.72,97873.3,3.9320501096826197
Cyprus,2018,342402.0,97873.3,3.4984209176557854
Cyprus,2019,348683.0,97873.3,3.5625957232462784
Cyprus,2020,351105.0,97873.3,3.5873420023642812
Cyprus,2021,344457.0,97873.3,3.519417450928905
Cyprus,2022,333601.0,97873.3,3.4084985384165036
Czechia,2005,13743718.68,2524276.0,5.4446180528595125
Czechia,2006,11847343.51,2524276.0,4.6933629721948
Czechia,2007,12563514.5,2524276.0,4.977076397351161
Czechia,2008,13786105.16,2524276.0,5.461409592294979
Czechia,2009,13444669.24,2524276.0,5.326148662032202
Czechia,2010,12197418.51,2524276.0,4.832046301593011
Czechia,2011,14702015.66,2524276.0,5.824250462310777
Czechia,2012,12798118.75,2524276.0,5.07001562032044
Czechia,2013,13823453.71,2524276.0,5.476205339669672
Czechia,2014,16092972.01,2524276.0,6.3752822631122745
Czechia,2015,14077521.73,2524276.0,5.576855197292214
Czechia,2016,15484034.84,2524276.0,6.134049858256387
Czechia,2017,14410668.47,2524276.0,5.708832342422144
Czechia,2018,13332870.0,2524276.0,5.281859036016664
Czechia,2019,13640190.0,2524276.0,5.403604835604347
Czechia,2020,14376440.0,2524276.0,5.695272624705064
Czechia,2021,14789940.0,2524276.0,5.8590819704342945
Czechia,2022,14836940.0,2524276.0,5.877701170553458
Côte d'Ivoire,2005,17235577.57,4803009.7,3.588495265791364
Côte d'Ivoire,2006,17862045.35,4803009.7,3.7189276028320326
Côte d'Ivoire,2007,17720828.25,4803009.7,3.6895258092025087
Côte d'Ivoire,2008,18642159.93,4803009.7,3.8813496316694924
Côte d'Ivoire,2009,17718771.17,4803009.7,3.6890975194157947
Côte d'Ivoire,2010,18680818.79,4803009.7,3.8893985140192404
Côte d'Ivoire,2011,19059084.6,4803009.7,3.9681545094526878
Côte d'Ivoire,2012,20409520.39,4803009.7,4.249319003040948
Côte d'Ivoire,2013,21064339.240000002,4803009.7,4.385654111837417
Côte d'Ivoire,2014,23797812.439999998,4803009.7,4.954770847121129
Côte d'Ivoire,2015,26280267.61,4803009.7,5.471624929260501
Côte d'Ivoire,2016,25748641.61,4803009.7,5.360938915030714
Côte d'Ivoire,2017,27867321.68,4803009.7,5.802054007927571
Côte d'Ivoire,2018,28660425.81,4803009.7,5.967180497261956
Côte d'Ivoire,2019,29858847.29,4803009.7,6.216695188019295
Côte d'Ivoire,2020,30600321.9,4803009.7,6.371072267457631
Côte d'Ivoire,2021,31340573.130000003,4803009.7,6.5251946357718165
Côte d'Ivoire,2022,32205251.31,4803009.7,6.7052230417107
Democratic People's Republic of Korea,2005,13244123.5,2295000.0,5.77085991285403
Democratic People's Republic of Korea,2006,13125794.02,2295000.0,5.71930022657952
Democratic People's Republic of Korea,2007,12088680.299999999,2295000.0,5.267398823529411
Democratic People's Republic of Korea,2008,12650106.92,2295000.0,5.512029159041394
Democratic People's Republic of Korea,2009,12599091.01,2295000.0,5.489800004357298
Democratic People's Republic of Korea,2010,12586242.34,2295000.0,5.484201455337691
Democratic People's Republic of Korea,2011,12661607.75,2295000.0,5.517040413943355
Democratic People's Republic of Korea,2012,12985303.79,2295000.0,5.658084440087146
Democratic People's Republic of Korea,2013,13341405.85,2295000.0,5.813248736383442
Democratic People's Republic of Korea,2014,13110803.219999999,2295000.0,5.7127682875816985
Democratic People's Republic of Korea,2015,12537398.040000001,2295000.0,5.462918535947713
Democratic People's Republic of Korea,2016,12120416.46,2295000.0,5.2812272156862745
Democratic People's Republic of Korea,2017,11522328.44,2295000.0,5.020622413943355
Democratic People's Republic of Korea,2018,11155403.86,2295000.0,4.860742422657951
Democratic People's Republic of Korea,2019,12812113.69,2295000.0,5.582620344226579
Democratic People's Republic of Korea,2020,11724375.98,2295000.0,5.108660557734205
Democratic People's Republic of Korea,2021,11772170.21,2295000.0,5.1294859302832245
Democratic People's Republic of Korea,2022,11691414.56,2295000.0,5.0942982832244015
Democratic Republic of the Congo,2005,23937227.65,14897863.8,1.6067557048011136
Democratic Republic of the Congo,2006,24016085.43,14897863.8,1.6120489321428753
Democratic Republic of the Congo,2007,24322674.330000002,14897863.8,1.632628318833201
Democratic Republic of the Congo,2008,24561753.63,14897863.8,1.6486762102094126
Democratic Republic of the Congo,2009,25504724.16,14897863.8,1.7119718976085685
Democratic Republic of the Congo,2010,44518611.23,14897863.8,2.9882546805133225
Democratic Republic of the Congo,2011,46144097.33,14897863.8,3.097363350173734
Democratic Republic of the Congo,2012,47166964.07,14897863.8,3.166021968196541
Democratic Republic of the Congo,2013,49442087.63,14897863.8,3.3187367191529837
Democratic Republic of the Congo,2014,51866603.519999996,14897863.8,3.481479238654336
Democratic Republic of the Congo,2015,52189595.68,14897863.8,3.5031596731338084
Democratic Republic of the Congo,2016,54028948.410000004,14897863.8,3.626623866033733
Democratic Republic of the Congo,2017,55143846.21,14897863.8,3.701459950922628
Democratic Republic of the Congo,2018,56621143.73,14897863.8,3.800621652212983
Democratic Republic of the Congo,2019,58163057.32,14897863.8,3.9041206243273616
Democratic Republic of the Congo,2020,61360659.25,14897863.8,4.118755552725619
Democratic Republic of the Congo,2021,61582329.63,14897863.8,4.1336348926750155
Democratic Republic of the Congo,2022,62605943.41,14897863.8,4.20234365479969
Denmark,2005,14333920.33,2365000.0,6.0608542621564485
Denmark,2006,13084571.27,2365000.0,5.532588274841437
Denmark,2007,13019621.0,2365000.0,5.505125158562368
Denmark,2008,13955531.25,2365000.0,5.9008588794926
Denmark,2009,14695811.75,2365000.0,6.213873890063425
Denmark,2010,13590444.24,2365000.0,5.746488050739957
Denmark,2011,14063631.98,2365000.0,5.946567433403806
Denmark,2012,14752771.75,2365000.0,6.237958456659619
Denmark,2013,14123848.65,2365000.0,5.972029027484144
Denmark,2014,15298283.4,2365000.0,6.468618773784355
Denmark,2015,14740762.92,2365000.0,6.232880727272727
Denmark,2016,14398160.08,2365000.0,6.088016947145878
Denmark,2017,15855311.9,2365000.0,6.704148794926004
Denmark,2018,11724360.0,2365000.0,4.957446088794926
Denmark,2019,15383520.0,2365000.0,6.504659619450317
Denmark,2020,15771680.0,2365000.0,6.668786469344609
Denmark,2021,14644410.0,2365000.0,6.1921395348837205
Denmark,2022,15697220.0,2365000.0,6.637302325581396
Djibouti,2005,33032.340000000004,3000.0,11.01078
Djibouti,2006,31726.25,3000.0,10.575416666666667
Djibouti,2007,34254.200000000004,3000.0,11.418066666666668
Djibouti,2008,35605.530000000006,3000.0,11.868510000000002
Djibouti,2009,36911.3,3000.0,12.303766666666668
Djibouti,2010,37607.09,3000.0,12.535696666666665
Djibouti,2011,39022.409999999996,3000.0,13.007469999999998
Djibouti,2012,44276.579999999994,3000.0,14.758859999999999
Djibouti,2013,41395.35,3000.0,13.798449999999999
Djibouti,2014,42032.329999999994,3000.0,14.010776666666665
Djibouti,2015,43365.280000000006,3000.0,14.455093333333336
Djibouti,2016,42565.5,3000.0,14.1885
Djibouti,2017,48253.32,3000.0,16.08444
Djibouti,2018,51587.83,3000.0,17.195943333333332
Djibouti,2019,55410.399999999994,3000.0,18.470133333333333
Djibouti,2020,58194.75000000001,3000.0,19.39825
Djibouti,2021,53991.2,3000.0,17.997066666666665
Djibouti,2022,51638.94,3000.0,17.21298
Dominica,2005,101978.14,6000.0,16.996356666666667
Dominica,2006,108065.95,6000.0,18.010991666666666
Dominica,2007,103264.68,6000.0,17.21078
Dominica,2008,116658.62,6000.0,19.443103333333333
Dominica,2009,125694.13,6000.0,20.949021666666667
Dominica,2010,107217.03,6000.0,17.869505
Dominica,2011,117229.02,6000.0,19.53817
Dominica,2012,121049.76,6000.0,20.17496
Dominica,2013,127160.37,6000.0,21.193395
Dominica,2014,125976.2,6000.0,20.996033333333333
Dominica,2015,127581.76,6000.0,21.263626666666667
Dominica,2016,127885.74,6000.0,21.31429
Dominica,2017,127593.23,6000.0,21.265538333333332
Dominica,2018,127722.87,6000.0,21.287145
Dominica,2019,128412.66,6000.0,21.40211
Dominica,2020,129123.3,6000.0,21.52055
Dominica,2021,129033.69,6000.0,21.505615
Dominica,2022,130206.06999999999,6000.0,21.701011666666666
Dominican Republic,2005,8591515.98,975759.7,8.804950624626125
Dominican Republic,2006,8996578.79,975759.7,9.22007620318814
Dominican Republic,2007,9197665.12,975759.7,9.426158018208787
Dominican Republic,2008,8626083.450000001,975759.7,8.840376836633038
Dominican Republic,2009,9133762.75,975759.7,9.360668154259702
Dominican Republic,2010,9770359.66,975759.7,10.013079716245711
Dominican Republic,2011,10455552.5,975759.7,10.71529445210742
Dominican Republic,2012,10784391.44,975759.7,11.052302569987262
Dominican Republic,2013,11304050.79,975759.7,11.584871551879013
Dominican Republic,2014,12020374.53,975759.7,12.31899055679385
Dominican Republic,2015,11566335.389999999,975759.7,11.853671954273167
Dominican Republic,2016,11440300.97,975759.7,11.724506525530826
Dominican Republic,2017,13223412.69,975759.7,13.55191517952627
Dominican Republic,2018,13964630.049999999,975759.7,14.311546223931979
Dominican Republic,2019,13447626.02,975759.7,13.78169852679917
Dominican Republic,2020,13807142.6,975759.7,14.150146393625398
Dominican Republic,2021,14135162.290000001,975759.7,14.486314909295805
Dominican Republic,2022,15750497.87,975759.7,16.141779446312448
Ecuador,2005,19475732.52,1028000.0,18.945265097276263
Ecuador,2006,19588182.37,1028000.0,19.054652110894942
Ecuador,2007,21460500.37,1028000.0,20.875973122568094
Ecuador,2008,23023179.009999998,1028000.0,22.396088531128402
Ecuador,2009,23328743.41,1028000.0,22.693330165369648
Ecuador,2010,24187867.78,1028000.0,23.52905426070039
Ecuador,2011,22487369.66,1028000.0,21.874873210116732
Ecuador,2012,22135936.99,1028000.0,21.53301263618677
Ecuador,2013,20440675.62,1028000.0,19.883925700389106
Ecuador,2014,24371248.99,1028000.0,23.70744065175097
Ecuador,2015,27694366.97,1028000.0,26.940045690661478
Ecuador,2016,23437944.8,1028000.0,22.79955719844358
Ecuador,2017,24492729.09,1028000.0,23.825611955252917
Ecuador,2018,22060739.75,1028000.0,21.45986357003891
Ecuador,2019,23439167.26,1028000.0,22.800746361867706
Ecuador,2020,25046417.07,1028000.0,24.364218939688715
Ecuador,2021,26591581.549999997,1028000.0,25.867297227626455
Ecuador,2022,22587007.33,1028000.0,21.971797013618676
Egypt,2005,72920019.3,3103000.0,23.499845085401223
Egypt,2006,75323629.06,3103000.0,24.27445345149855
Egypt,2007,77709574.31,3103000.0,25.04336909764744
Egypt,2008,80254715.23,3103000.0,25.863588536899776
Egypt,2009,80446190.35,3103000.0,25.92529498872059
Egypt,2010,77788913.07,3103000.0,25.068937502417015
Egypt,2011,80731731.1,3103000.0,26.01731585562359
Egypt,2012,85799189.69,3103000.0,27.650399513374154
Egypt,2013,84762767.9,3103000.0,27.316393135675156
Egypt,2014,88429647.85,3103000.0,28.498114034805024
Egypt,2015,90035342.88,3103000.0,29.015579400580084
Egypt,2016,86937707.43,3103000.0,28.017308227521756
Egypt,2017,87045894.89,3103000.0,28.05217366741863
Egypt,2018,81958099.75,3103000.0,26.412536174669675
Egypt,2019,87714076.17,3103000.0,28.26750762810184
Egypt,2020,88474107.13,3103000.0,28.512441872381565
Egypt,2021,92636411.77,3103000.0,29.853822678053497
Egypt,2022,93504442.41,3103000.0,30.133561846600063
El Salvador,2005,6098575.04,721000.0,8.45849520110957
El Salvador,2006,6678504.359999999,721000.0,9.262835450762829
El Salvador,2007,6716607.64,721000.0,9.315683273231622
El Salvador,2008,7299663.38,721000.0,10.124359750346741
El Salvador,2009,7617685.38,721000.0,10.565444355062413
El Salvador,2010,6821851.87,721000.0,9.461653079056866
El Salvador,2011,7455758.02,721000.0,10.340857170596394
El Salvador,2012,8427377.84,721000.0,11.688457475728155
El Salvador,2013,8915241.020000001,721000.0,12.365105436893206
El Salvador,2014,8495249.41,721000.0,11.782592801664356
El Salvador,2015,8144678.18,721000.0,11.296363633841885
El Salvador,2016,9012920.63,721000.0,12.500583398058254
El Salvador,2017,8969965.56,721000.0,12.441006324549237
El Salvador,2018,8926353.36,721000.0,12.380517836338418
El Salvador,2019,9391688.280000001,721000.0,13.0259199445215
El Salvador,2020,9151003.14,721000.0,12.692098668515952
El Salvador,2021,9410289.51,721000.0,13.051719153952844
El Salvador,2022,9019304.85,721000.0,12.509438072122052
Equatorial Guinea,2005,250231.59,53000.0,4.721350754716981
Equatorial Guinea,2006,259229.16,53000.0,4.891116226415094
Equatorial Guinea,2007,269607.35,53000.0,5.086931132075471
Equatorial Guinea,2008,276741.26,53000.0,5.22153320754717
Equatorial Guinea,2009,283416.2,53000.0,5.347475471698114
Equatorial Guinea,2010,292146.78,53000.0,5.512203396226416
Equatorial Guinea,2011,300367.65,53000.0,5.667314150943397
Equatorial Guinea,2012,308048.95,53000.0,5.812244339622642
Equatorial Guinea,2013,309250.3,53000.0,5.834911320754717
Equatorial Guinea,2014,312630.49,53000.0,5.8986884905660375
Equatorial Guinea,2015,331820.41000000003,53000.0,6.260762452830189
Equatorial Guinea,2016,320916.0,53000.0,6.055018867924528
Equatorial Guinea,2017,329866.81,53000.0,6.223902075471698
Equatorial Guinea,2018,334892.84,53000.0,6.318732830188679
Equatorial Guinea,2019,340495.15,53000.0,6.4244367924528305
Equatorial Guinea,2020,342371.02,53000.0,6.459830566037736
Equatorial Guinea,2021,341474.15,53000.0,6.4429084905660385
Equatorial Guinea,2022,340234.28,53000.0,6.419514716981133
Eritrea,2005,570960.84,690000.0,0.8274794782608695
Eritrea,2006,581941.6699999999,690000.0,0.843393724637681
Eritrea,2007,659131.05,690000.0,0.9552623913043479
Eritrea,2008,276213.27,690000.0,0.4003090869565218
Eritrea,2009,398526.89,690000.0,0.5775752028985508
Eritrea,2010,402476.48,690000.0,0.5832992463768115
Eritrea,2011,484824.12,690000.0,0.702643652173913
Eritrea,2012,484150.79000000004,690000.0,0.701667811594203
Eritrea,2013,477260.45999999996,690000.0,0.6916818260869565
Eritrea,2014,482020.94,690000.0,0.6985810724637681
Eritrea,2015,473970.27,690000.0,0.6869134347826087
Eritrea,2016,478512.52,690000.0,0.6934964057971015
Eritrea,2017,481549.58,690000.0,0.6978979420289856
Eritrea,2018,479377.32,690000.0,0.6947497391304348
Eritrea,2019,481944.31,690000.0,0.6984700144927536
Eritrea,2020,482925.26,690000.0,0.6998916811594204
Eritrea,2021,481134.17,690000.0,0.6972958985507246
Eritrea,2022,479160.77,690000.0,0.6944358985507246
Estonia,2005,1141399.0,711000.0,1.6053431786216596
Estonia,2006,931385.0,711000.0,1.3099648382559774
Estonia,2007,1295876.0,711000.0,1.8226104078762306
Estonia,2008,1174073.0,711000.0,1.651298171589311
Estonia,2009,1236780.0,711000.0,1.739493670886076
Estonia,2010,1064850.0,711000.0,1.4976793248945148
Estonia,2011,1190707.0,711000.0,1.6746933895921237
Estonia,2012,1372058.0,711000.0,1.929758087201125
Estonia,2013,1395315.0,711000.0,1.9624683544303798
Estonia,2014,1616394.0,711000.0,2.2734092827004218
Estonia,2015,2027572.0,711000.0,2.85171870604782
Estonia,2016,1307640.0,711000.0,1.83915611814346
Estonia,2017,1709739.53,711000.0,2.404696947960619
Estonia,2018,1202054.0,711000.0,1.6906526019690578
Estonia,2019,2040190.0,711000.0,2.869465541490858
Estonia,2020,2079150.0,711000.0,2.9242616033755273
Estonia,2021,1677400.0,711000.0,2.359212376933896
Estonia,2022,1973560.0,711000.0,2.7757524613220816
Eswatini,2005,5464834.76,177000.0,30.87477265536723
Eswatini,2006,5249982.33,177000.0,29.66091711864407
Eswatini,2007,5218983.37,177000.0,29.48578175141243
Eswatini,2008,5252002.98,177000.0,29.672333220338984
Eswatini,2009,5271016.51,177000.0,29.77975429378531
Eswatini,2010,5415960.63,177000.0,30.598647627118645
Eswatini,2011,5592918.0,177000.0,31.598406779661016
Eswatini,2012,5682865.489999999,177000.0,32.10658468926553
Eswatini,2013,5791667.87,177000.0,32.72128740112994
Eswatini,2014,5805961.64,177000.0,32.80204316384181
Eswatini,2015,5840001.06,177000.0,32.99435627118644
Eswatini,2016,5841802.449999999,177000.0,33.004533615819206
Eswatini,2017,5947773.360000001,177000.0,33.60323932203391
Eswatini,2018,6056117.909999999,177000.0,34.21535542372881
Eswatini,2019,6043901.51,177000.0,34.14633621468926
Eswatini,2020,6099486.7700000005,177000.0,34.46037723163842
Eswatini,2021,5622400.86,177000.0,31.764976610169494
Eswatini,2022,5935893.81,177000.0,33.53612322033898
Ethiopia,2005,21280349.5,16399972.0,1.29758450197354
Ethiopia,2006,21368364.060000002,16399972.0,1.3029512525996998
Ethiopia,2007,22438220.79,16399972.0,1.3681865304404177
Ethiopia,2008,21568717.46,16399972.0,1.315167944189173
Ethiopia,2009,25353792.669999998,16399972.0,1.5459656071364023
Ethiopia,2010,29475006.490000002,16399972.0,1.7972595617846179
Ethiopia,2011,30337082.93,16399972.0,1.8498252881163455
Ethiopia,2012,32752781.55,16399972.0,1.9971242359438175
Ethiopia,2013,36461126.61,16399972.0,2.223243223220137
Ethiopia,2014,39586491.11,16399972.0,2.413814554683386
Ethiopia,2015,42833199.56,16399972.0,2.6117849201205954
Ethiopia,2016,44537044.47,16399972.0,2.7156780798162337
Ethiopia,2017,47952143.87,16399972.0,2.923916203637421
Ethiopia,2018,49659613.65,16399972.0,3.0280303923689624
Ethiopia,2019,51565688.87,16399972.0,3.144254689581177
Ethiopia,2020,53268947.53,16399972.0,3.2481121022645647
Ethiopia,2021,52342215.06,16399972.0,3.1916039283481705
Ethiopia,2022,49536015.39,16399972.0,3.0204939002334883
Faroe Islands,2005,1434.73,70.0,20.496142857142857
Faroe Islands,2006,1428.16,70.0,20.402285714285714
Faroe Islands,2007,1400.0,70.0,20.0
Faroe Islands,2008,1423.95,70.0,20.342142857142857
Faroe Islands,2009,1427.52,70.0,20.393142857142855
Faroe Islands,2010,1414.55,70.0,20.207857142857144
Faroe Islands,2011,1456.69,70.0,20.809857142857144
Faroe Islands,2012,1500.0,70.0,21.428571428571427
Faroe Islands,2013,1600.0,70.0,22.857142857142858
Faroe Islands,2014,1693.31,70.0,24.190142857142856
Faroe Islands,2015,1391.46,70.0,19.878
Faroe Islands,2016,1561.59,70.0,22.30842857142857
Faroe Islands,2017,1522.2,70.0,21.745714285714286
Faroe Islands,2018,1517.85,70.0,21.683571428571426
Faroe Islands,2019,1512.94,70.0,21.61342857142857
Faroe Islands,2020,1511.83,70.0,21.597571428571428
Faroe Islands,2021,1518.43,70.0,21.691857142857145
Faroe Islands,2022,1525.6,70.0,21.794285714285714
Fiji,2005,3232789.1999999997,76800.0,42.093609375
Fiji,2006,3584578.97,76800.0,46.67420533854167
Fiji,2007,2904017.33,76800.0,37.81272565104167
Fiji,2008,2724529.57,76800.0,35.475645442708334
Fiji,2009,2509613.41,76800.0,32.67725794270834
Fiji,2010,1941980.78,76800.0,25.28620807291667
Fiji,2011,2351967.11,76800.0,30.624571744791666
Fiji,2012,1705023.69,76800.0,22.200829296875
Fiji,2013,1882250.85,76800.0,24.508474609375
Fiji,2014,2086481.5,76800.0,27.167727864583334
Fiji,2015,2098800.86,76800.0,27.328136197916663
Fiji,2016,1600873.25,76800.0,20.844703776041666
Fiji,2017,1865430.77,76800.0,24.289463151041666
Fiji,2018,1945036.43,76800.0,25.325995182291667
Fiji,2019,2067675.25,76800.0,26.922854817708334
Fiji,2020,2012319.05,76800.0,26.20207096354167
Fiji,2021,1725228.51,76800.0,22.463912890625
Fiji,2022,1983778.41,76800.0,25.830448046875
Finland,2005,6371471.6899999995,2244000.0,2.8393367602495543
Finland,2006,5723728.0600000005,2244000.0,2.5506809536541892
Finland,2007,5893869.0,2244000.0,2.6265013368983956
Finland,2008,5728977.97,2244000.0,2.5530204857397503
Finland,2009,6004280.0,2244000.0,2.675704099821747
Finland,2010,4650867.54,2244000.0,2.072579117647059
Finland,2011,5441545.04,2244000.0,2.424930944741533
Finland,2012,4896074.83,2244000.0,2.1818515285204994
Finland,2013,5546676.06,2244000.0,2.4717807754010694
Finland,2014,5717044.78,2244000.0,2.5477026648841354
Finland,2015,5004380.18,2244000.0,2.2301159447415326
Finland,2016,4983726.36,2244000.0,2.22091192513369
Finland,2017,4837228.54,2244000.0,2.1556276916221035
Finland,2018,4101310.0,2244000.0,1.8276782531194296
Finland,2019,5554690.0,2244000.0,2.4753520499108737
Finland,2020,4865510.0,2244000.0,2.1682308377896615
Finland,2021,3987730.0,2244000.0,1.7770632798573975
Finland,2022,4953110.0,2244000.0,2.2072682709447413
France,2005,126426569.81,16899246.0,7.481195895367167
France,2006,121292246.44,16899246.0,7.177376223767617
France,2007,122145749.28999999,16899246.0,7.227881604303529
France,2008,129780670.96000001,16899246.0,7.679672274135782
France,2009,136418794.37,16899246.0,8.072478166777382
France,2010,127273595.88,16899246.0,7.531318017383734
France,2011,133254822.03,16899246.0,7.885252515408084
France,2012,129547644.85,16899246.0,7.665883131708953
France,2013,128932017.11,16899246.0,7.629453829478546
France,2014,141946467.07,16899246.0,8.399573985135195
France,2015,136661847.34,16899246.0,8.08686064100138
France,2016,118995310.73,16899246.0,7.041456804049128
France,2017,146827738.87,16899246.0,8.688419522977535
France,2018,132127666.0,16899246.0,7.818553916547519
France,2019,137740969.0,16899246.0,8.150716842633097
France,2020,114061714.0,16899246.0,6.749514978360573
France,2021,131871611.0,16899246.0,7.803402057109531
France,2022,122455108.0,16899246.0,7.246187670148124
French Polynesia,2005,123773.44,2500.0,49.509376
French Polynesia,2006,124963.36,2500.0,49.985344
French Polynesia,2007,125315.5,2500.0,50.1262
French Polynesia,2008,119368.88,2500.0,47.747552
French Polynesia,2009,107213.92,2500.0,42.885568
French Polynesia,2010,112192.32,2500.0,44.876928
French Polynesia,2011,114585.6,2500.0,45.83424
French Polynesia,2012,114828.97,2500.0,45.931588
French Polynesia,2013,112137.01,2500.0,44.854804
French Polynesia,2014,112767.83,2500.0,45.107132
French Polynesia,2015,108286.44,2500.0,43.314576
French Polynesia,2016,111827.12000000001,2500.0,44.730848
French Polynesia,2017,111441.83,2500.0,44.576732
French Polynesia,2018,112838.72,2500.0,45.135488
French Polynesia,2019,112529.37,2500.0,45.011748
French Polynesia,2020,111000.14,2500.0,44.400056
French Polynesia,2021,110967.73,2500.0,44.387091999999996
French Polynesia,2022,110357.18,2500.0,44.142872
Gabon,2005,1152182.88,325000.0,3.545178092307692
Gabon,2006,1174668.1,325000.0,3.614363384615385
Gabon,2007,1210992.74,325000.0,3.726131507692308
Gabon,2008,1272508.75,325000.0,3.9154115384615387
Gabon,2009,1317215.4500000002,325000.0,4.052970615384616
Gabon,2010,1371054.05,325000.0,4.218627846153846
Gabon,2011,1462799.55,325000.0,4.500921692307692
Gabon,2012,1485359.43,325000.0,4.570336707692308
Gabon,2013,1557756.1500000001,325000.0,4.793095846153847
Gabon,2014,1588633.86,325000.0,4.8881041846153845
Gabon,2015,1591194.76,325000.0,4.895983876923077
Gabon,2016,1610668.77,325000.0,4.955903907692308
Gabon,2017,1632180.36,325000.0,5.0220934153846155
Gabon,2018,1657454.36,325000.0,5.0998595692307696
Gabon,2019,1697136.76,325000.0,5.221959261538461
Gabon,2020,1740262.1400000001,325000.0,5.354652738461539
Gabon,2021,1895310.14,325000.0,5.831723507692307
Gabon,2022,2029042.01,325000.0,6.243206184615385
Gambia,2005,377830.02999999997,440000.0,0.8587046136363635
Gambia,2006,395543.02,440000.0,0.8989614090909092
Gambia,2007,289987.23,440000.0,0.6590618863636363
Gambia,2008,415228.85,440000.0,0.9437019318181817
Gambia,2009,503883.36,440000.0,1.1451894545454546
Gambia,2010,573054.83,440000.0,1.3023973409090908
Gambia,2011,340794.64,440000.0,0.7745332727272728
Gambia,2012,419269.0,440000.0,0.9528840909090909
Gambia,2013,397783.04,440000.0,0.9040523636363635
Gambia,2014,333989.78,440000.0,0.7590676818181818
Gambia,2015,400789.68,440000.0,0.9108856363636364
Gambia,2016,325917.79,440000.0,0.7407222499999999
Gambia,2017,264471.87,440000.0,0.6010724318181818
Gambia,2018,205594.58,440000.0,0.46726040909090905
Gambia,2019,215514.28,440000.0,0.48980518181818183
Gambia,2020,233947.88,440000.0,0.5316997272727273
Gambia,2021,246152.08,440000.0,0.5594365454545455
Gambia,2022,258802.33,440000.0,0.5881871136363636
Georgia,2005,2383261.12,304000.0,7.839674736842106
Georgia,2006,1102688.0,304000.0,3.627263157894737
Georgia,2007,1501457.43,304000.0,4.939004703947369
Georgia,2008,1304161.42,304000.0,4.290004671052631
Georgia,2009,1247377.5,304000.0,4.103215460526315
Georgia,2010,981409.96,304000.0,3.228322236842105
Georgia,2011,1338418.72,304000.0,4.402693157894737
Georgia,2012,1273230.25,304000.0,4.18825740131579
Georgia,2013,1640940.66,304000.0,5.397831118421053
Georgia,2014,1294119.49,304000.0,4.256972006578947
Georgia,2015,1219933.92,304000.0,4.01294052631579
Georgia,2016,1313518.2,304000.0,4.320783552631579
Georgia,2017,1041158.6,304000.0,3.4248638157894735
Georgia,2018,1341468.74,304000.0,4.412726118421053
Georgia,2019,1331124.32,304000.0,4.378698421052632
Georgia,2020,1503461.25,304000.0,4.945596217105263
Georgia,2021,1484606.63,304000.0,4.883574440789474
Georgia,2022,1363907.9,304000.0,4.486539144736842
Germany,2005,94341141.71000001,11681000.0,8.076461065833405
Germany,2006,85755570.28999999,11681000.0,7.341457947949661
Germany,2007,89377085.2,11681000.0,7.65149261193391
Germany,2008,96172702.52,11681000.0,8.23325935450732
Germany,2009,100426599.24000001,11681000.0,8.597431661672802
Germany,2010,89185499.29,11681000.0,7.635091112918415
Germany,2011,93684415.95,11681000.0,8.020239358787775
Germany,2012,95304382.97999999,11681000.0,8.158923292526325
Germany,2013,92099355.2,11681000.0,7.884543720571869
Germany,2014,106583499.55,11681000.0,9.12451841023885
Germany,2015,93427943.38,11681000.0,7.998282970636075
Germany,2016,94760784.03,11681000.0,8.112386270867221
Germany,2017,102239045.48,11681000.0,8.752593569043746
Germany,2018,83175512.5,11681000.0,7.120581499871586
Germany,2019,93878260.0,11681000.0,8.036834175156237
Germany,2020,93748310.0,11681000.0,8.025709271466484
Germany,2021,96115750.0,11681000.0,8.228383700025683
Germany,2022,93490660.0,11681000.0,8.0036520845818
Ghana,2005,25261970.39,4709900.0,5.363589543302406
Ghana,2006,25885539.9,4709900.0,5.495985031529331
Ghana,2007,25906720.259999998,4709900.0,5.500482018726512
Ghana,2008,29043670.7,4709900.0,6.166515361260323
Ghana,2009,31986436.33,4709900.0,6.791319630990042
Ghana,2010,33537986.05,4709900.0,7.120742701543557
Ghana,2011,34932096.7,4709900.0,7.416738508248583
Ghana,2012,36179300.31,4709900.0,7.6815431983693925
Ghana,2013,38132686.92,4709900.0,8.09628376823287
Ghana,2014,40461635.41,4709900.0,8.590763160576657
Ghana,2015,40198814.47,4709900.0,8.534961351621053
Ghana,2016,41073066.69,4709900.0,8.720581475190556
Ghana,2017,43688218.37,4709900.0,9.275827166181871
Ghana,2018,46615011.0,4709900.0,9.89724006879127
Ghana,2019,50026648.66,4709900.0,10.621594653814306
Ghana,2020,52435355.099999994,4709900.0,11.133008153039341
Ghana,2021,55114144.7,4709900.0,11.701765366568292
Ghana,2022,56400826.59,4709900.0,11.974952035075056
Greece,2005,20179520.15,1861153.1,10.842482625421841
Greece,2006,18368841.4,1861153.1,9.869602559832394
Greece,2007,16922287.849999998,1861153.1,9.092367441453364
Greece,2008,17785970.32,1861153.1,9.556425164592854
Greece,2009,18391698.08,1861153.1,9.881883483954113
Greece,2010,17400918.83,1861153.1,9.349536494337837
Greece,2011,17007100.34,1861153.1,9.13793730349212
Greece,2012,17116508.240000002,1861153.1,9.196722311560507
Greece,2013,16036473.65,1861153.1,8.616418310777334
Greece,2014,15255826.77,1861153.1,8.19697571897766
Greece,2015,16182963.43,1861153.1,8.695127461572076
Greece,2016,15056937.93,1861153.1,8.09011248456669
Greece,2017,15018066.08,1861153.1,8.069226588613263
Greece,2018,14363958.379999999,1861153.1,7.717773664079542
Greece,2019,14227109.0,1861153.1,7.644244312840249
Greece,2020,14493178.0,1861153.1,7.787203535270687
Greece,2021,14112159.0,1861153.1,7.582481527177962
Greece,2022,14297937.0,1861153.1,7.682300290072858
Grenada,2005,33764.2,3000.0,11.254733333333332
Grenada,2006,38205.32,3000.0,12.735106666666667
Grenada,2007,39116.42,3000.0,13.038806666666666
Grenada,2008,38618.6,3000.0,12.872866666666667
Grenada,2009,37429.0,3000.0,12.476333333333333
Grenada,2010,42582.17,3000.0,14.194056666666667
Grenada,2011,45013.42,3000.0,15.004473333333333
Grenada,2012,45270.2,3000.0,15.090066666666665
Grenada,2013,46570.43,3000.0,15.523476666666667
Grenada,2014,53496.01,3000.0,17.832003333333333
Grenada,2015,60245.73,3000.0,20.08191
Grenada,2016,59248.99,3000.0,19.749663333333334
Grenada,2017,52600.45,3000.0,17.533483333333333
Grenada,2018,53028.7,3000.0,17.676233333333332
Grenada,2019,47670.34,3000.0,15.890113333333332
Grenada,2020,42632.38,3000.0,14.210793333333333
Grenada,2021,45778.29,3000.0,15.25943
Grenada,2022,42604.479999999996,3000.0,14.201493333333332
Guatemala,2005,25486235.779999997,1554000.0,16.400409124839122
Guatemala,2006,25681554.0,1554000.0,16.526096525096523
Guatemala,2007,29269958.990000002,1554000.0,18.835237445302447
Guatemala,2008,29349141.27,1554000.0,18.886191293436294
Guatemala,2009,31249060.41,1554000.0,20.108790482625484
Guatemala,2010,31836477.12,1554000.0,20.486793513513515
Guatemala,2011,30922742.160000004,1554000.0,19.898804478764482
Guatemala,2012,35051316.480000004,1554000.0,22.555544710424712
Guatemala,2013,38198088.71,1554000.0,24.580494665379668
Guatemala,2014,44850679.32,1554000.0,28.861441003861003
Guatemala,2015,46792483.35999999,1554000.0,30.11099315315315
Guatemala,2016,46932206.0,1554000.0,30.200904761904763
Guatemala,2017,39709809.58,1554000.0,25.553288018018016
Guatemala,2018,41646515.089999996,1554000.0,26.799559259974256
Guatemala,2019,43494391.489999995,1554000.0,27.98866891248391
Guatemala,2020,42319386.59,1554000.0,27.232552503217505
Guatemala,2021,41334399.6,1554000.0,26.59871274131274
Guatemala,2022,42440133.44,1554000.0,27.310253178893177
Guinea,2005,6809235.12,6000091.0,1.1348553080278283
Guinea,2006,7003706.78,6000091.0,1.1672667597874766
Guinea,2007,7274700.6,6000091.0,1.2124317114523762
Guinea,2008,7405890.7299999995,6000091.0,1.2342964015045772
Guinea,2009,7296548.61,6000091.0,1.2160729912262997
Guinea,2010,7767241.12,6000091.0,1.2945205531049446
Guinea,2011,8017061.95,6000091.0,1.3361567266229797
Guinea,2012,8392904.25,6000091.0,1.398796159924908
Guinea,2013,8653006.02,6000091.0,1.4421457974554053
Guinea,2014,8912748.84,6000091.0,1.4854356108932347
Guinea,2015,11903270.3,6000091.0,1.9838482949675265
Guinea,2016,12349790.38,6000091.0,2.0582671796144427
Guinea,2017,12907754.24,6000091.0,2.151259745893854
Guinea,2018,13500096.29,6000091.0,2.249981923607492
Guinea,2019,14039782.55,6000091.0,2.339928269421247
Guinea,2020,14932790.49,6000091.0,2.488760668796523
Guinea,2021,16028819.4,6000091.0,2.6714293833210196
Guinea,2022,17157774.25,6000091.0,2.8595856712839853
Guinea-Bissau,2005,681454.53,395530.5,1.7228874385161195
Guinea-Bissau,2006,704369.14,395530.5,1.7808213020234849
Guinea-Bissau,2007,675088.0,395530.5,1.7067912588283332
Guinea-Bissau,2008,754609.79,395530.5,1.9078422270848898
Guinea-Bissau,2009,728547.46,395530.5,1.841950140381083
Guinea-Bissau,2010,796003.2,395530.5,2.012495117317122
Guinea-Bissau,2011,807682.97,395530.5,2.0420244962145775
Guinea-Bissau,2012,863371.55,395530.5,2.182819150482706
Guinea-Bissau,2013,903611.36,395530.5,2.284555451475929
Guinea-Bissau,2014,815588.97,395530.5,2.0620128409819216
Guinea-Bissau,2015,827604.52,395530.5,2.092391155675732
Guinea-Bissau,2016,881460.6799999999,395530.5,2.228552994016896
Guinea-Bissau,2017,846600.6900000001,395530.5,2.140418223120594
Guinea-Bissau,2018,890632.29,395530.5,2.2517411173095376
Guinea-Bissau,2019,961017.97,395530.5,2.429693715149653
Guinea-Bissau,2020,992516.16,395530.5,2.5093290150822756
Guinea-Bissau,2021,1029707.38,395530.5,2.6033577183049097
Guinea-Bissau,2022,1043280.46,395530.5,2.637673858273888
Guyana,2005,3633267.07,97000.0,37.456361546391754
Guyana,2006,3679498.1900000004,97000.0,37.93297103092784
Guyana,2007,3758612.71,97000.0,38.748584639175256
Guyana,2008,3458677.3899999997,97000.0,35.656467938144324
Guyana,2009,3530625.8000000003,97000.0,36.398204123711345
Guyana,2010,3560849.8499999996,97000.0,36.709792268041234
Guyana,2011,4000403.69,97000.0,41.241275154639176
Guyana,2012,3544091.6,97000.0,36.53702680412371
Guyana,2013,3497046.6100000003,97000.0,36.0520269072165
Guyana,2014,4123420.52,97000.0,42.50948989690722
Guyana,2015,4428531.17,97000.0,45.65496051546392
Guyana,2016,3732834.51,97000.0,38.48283
Guyana,2017,3441897.77,97000.0,35.483482164948455
Guyana,2018,2888668.9,97000.0,29.78009175257732
Guyana,2019,2836038.2,97000.0,29.237507216494848
Guyana,2020,2961763.87,97000.0,30.5336481443299
Guyana,2021,2391856.59,97000.0,24.65831536082474
Guyana,2022,2378188.02,97000.0,24.517402268041238
Haiti,2005,3877671.2,1005000.0,3.8583793034825873
Haiti,2006,3893628.63,1005000.0,3.874257343283582
Haiti,2007,4226342.82,1005000.0,4.20531623880597
Haiti,2008,4088234.77,1005000.0,4.067895293532338
Haiti,2009,4621795.84,1005000.0,4.598801830845771
Haiti,2010,5066974.92,1005000.0,5.0417660895522385
Haiti,2011,5226686.21,1005000.0,5.2006827960199
Haiti,2012,5159025.82,1005000.0,5.133359024875622
Haiti,2013,5698187.59,1005000.0,5.66983839800995
Haiti,2014,5945421.78,1005000.0,5.915842567164179
Haiti,2015,5514313.05,1005000.0,5.486878656716418
Haiti,2016,5100281.53,1005000.0,5.074906995024876
Haiti,2017,5036522.11,1005000.0,5.011464786069652
Haiti,2018,4907297.16,1005000.0,4.882882746268657
Haiti,2019,4605336.7,1005000.0,4.582424577114428
Haiti,2020,4552299.62,1005000.0,4.52965136318408
Haiti,2021,4610155.2,1005000.0,4.5872191044776125
Haiti,2022,4568757.9399999995,1005000.0,4.546027800995025
Honduras,2005,9661156.120000001,1018000.0,9.49033017681729
Honduras,2006,9861691.91,1018000.0,9.68732014734774
Honduras,2007,10621910.08,1018000.0,10.434096345776032
Honduras,2008,10647259.639999999,1018000.0,10.45899768172888
Honduras,2009,11547162.14,1018000.0,11.342988349705305
Honduras,2010,9354516.379999999,1018000.0,9.18911235756385
Honduras,2011,9586955.61,1018000.0,9.417441660117877
Honduras,2012,10411274.19,1018000.0,10.227184862475442
Honduras,2013,10438132.04,1018000.0,10.253567819253437
Honduras,2014,10115713.39,1018000.0,9.936850088408645
Honduras,2015,10245102.06,1018000.0,10.06395094302554
Honduras,2016,10695578.25,1018000.0,10.506461935166994
Honduras,2017,11167613.62,1018000.0,10.970150903732808
Honduras,2018,11502139.81,1018000.0,11.298762092337919
Honduras,2019,11056358.64,1018000.0,10.860863104125738
Honduras,2020,10667366.16,1018000.0,10.478748683693517
Honduras,2021,10047906.700000001,1018000.0,9.870242337917487
Honduras,2022,10868194.94,1018000.0,10.676026463654223
Hungary,2005,24768867.0,4144147.0,5.976831179009818
Hungary,2006,22357947.689999998,4144147.0,5.395066268160853
Hungary,2007,16657961.79,4144147.0,4.019635835794435
Hungary,2008,23605525.11,4144147.0,5.696111916396788
Hungary,2009,19922664.94,4144147.0,4.807422357363289
Hungary,2010,17404379.16,4144147.0,4.199749468346562
Hungary,2011,19668703.84,4144147.0,4.746140481985798
Hungary,2012,16262673.7,4144147.0,3.9242511667660436
Hungary,2013,20060701.36,4144147.0,4.840731122713552
Hungary,2014,23805021.22,4144147.0,5.744251161939959
Hungary,2015,20778152.740000002,4144147.0,5.013855140756349
Hungary,2016,24147086.43,4144147.0,5.826792927470961
Hungary,2017,21621672.42,4144147.0,5.217399966748284
Hungary,2018,21591180.0,4144147.0,5.2100420182971305
Hungary,2019,21747200.0,4144147.0,5.247690296700383
Hungary,2020,21206320.0,4144147.0,5.117173690991174
Hungary,2021,19541980.0,4144147.0,4.715561489493496
Hungary,2022,13368980.0,4144147.0,3.225990776871573
Iceland,2005,18013.0,121000.0,0.14886776859504133
Iceland,2006,18676.0,121000.0,0.15434710743801652
Iceland,2007,17784.0,121000.0,0.14697520661157024
Iceland,2008,17703.0,121000.0,0.14630578512396694
Iceland,2009,14889.0,121000.0,0.12304958677685951
Iceland,2010,17713.0,121000.0,0.14638842975206612
Iceland,2011,12662.0,121000.0,0.10464462809917355
Iceland,2012,15776.0,121000.0,0.1303801652892562
Iceland,2013,10656.0,121000.0,0.08806611570247934
Iceland,2014,13786.0,121000.0,0.11393388429752066
Iceland,2015,18950.0,121000.0,0.15661157024793387
Iceland,2016,22669.0,121000.0,0.18734710743801652
Iceland,2017,21559.0,121000.0,0.17817355371900825
Iceland,2018,14327.0,121000.0,0.11840495867768595
Iceland,2019,21355.0,121000.0,0.1764876033057851
Iceland,2020,19724.0,121000.0,0.16300826446280992
Iceland,2021,19113.0,121000.0,0.1579586776859504
Iceland,2022,21761.0,121000.0,0.17984297520661158
India,2005,706998917.9,153868700.0,4.594819595538274
India,2006,776698346.01,153868700.0,5.047799494049147
India,2007,889283581.21,153868700.0,5.779496292683308
India,2008,893460380.38,153868700.0,5.806641509156833
India,2009,818744810.46,153868700.0,5.321061466432095
India,2010,868355919.0,153868700.0,5.6434864205650666
India,2011,950318868.85,153868700.0,6.176167530173453
India,2012,976633232.9,153868700.0,6.347185833766061
India,2013,979058777.95,153868700.0,6.3629495664160425
India,2014,1001481565.63,153868700.0,6.508676330078827
India,2015,991456455.57,153868700.0,6.443522662958744
India,2016,1005247791.2,153868700.0,6.5331532091971924
India,2017,989875351.87,153868700.0,6.433246994807911
India,2018,1089088833.51,153868700.0,7.078040131033797
India,2019,1121977324.83,153868700.0,7.291784000449733
India,2020,1115129781.51,153868700.0,7.247281490712536
India,2021,1179412100.21,153868700.0,7.665055337505289
India,2022,1229543008.55,153868700.0,7.990858495262519
Indonesia,2005,238260325.03,17782903.0,13.39828064236756
Indonesia,2006,249401049.16,17782903.0,14.024765762935331
Indonesia,2007,247253609.17,17782903.0,13.904007077472109
Indonesia,2008,262647278.79,17782903.0,14.769651433739474
Indonesia,2009,274083625.81,17782903.0,15.412760549275898
Indonesia,2010,294441748.45,17782903.0,16.557574904952244
Indonesia,2011,297565834.15999997,17782903.0,16.73325407893188
Indonesia,2012,325242941.69,17782903.0,18.28964268038801
Indonesia,2013,331209986.33,17782903.0,18.625192204557376
Indonesia,2014,336858092.44,17782903.0,18.942806606997745
Indonesia,2015,348718763.6,17782903.0,19.60977707633
Indonesia,2016,345864732.34000003,17782903.0,19.449284087080724
Indonesia,2017,380401189.86,17782903.0,21.39139992272353
Indonesia,2018,391585561.21,17782903.0,22.02033949181413
Indonesia,2019,398472574.58,17782903.0,22.40762234265125
Indonesia,2020,403932692.61,17782903.0,22.714665463226112
Indonesia,2021,435460333.14,17782903.0,24.48758412167012
Indonesia,2022,427702696.28999996,17782903.0,24.05134281449997
Iran (Islamic Republic of),2005,70225192.39,15699000.0,4.473227109370024
Iran (Islamic Republic of),2006,69921168.46,15699000.0,4.4538612943499585
Iran (Islamic Republic of),2007,74686216.91,15699000.0,4.757386897891585
Iran (Islamic Republic of),2008,50770331.28,15699000.0,3.2339850487292185
Iran (Islamic Republic of),2009,58680510.31,15699000.0,3.7378502012867063
Iran (Islamic Republic of),2010,67070319.82,15699000.0,4.272267011911587
Iran (Islamic Republic of),2011,64809673.85,15699000.0,4.128267650805784
Iran (Islamic Republic of),2012,65133222.9,15699000.0,4.148877183260081
Iran (Islamic Republic of),2013,68151077.03,15699000.0,4.341109435632843
Iran (Islamic Republic of),2014,69834471.57,15699000.0,4.448338847697305
Iran (Islamic Republic of),2015,71491057.99,15699000.0,4.553860627428499
Iran (Islamic Republic of),2016,75186361.19,15699000.0,4.7892452506529075
Iran (Islamic Republic of),2017,69391572.07,15699000.0,4.420126891521752
Iran (Islamic Republic of),2018,68473426.15,15699000.0,4.361642534556341
Iran (Islamic Republic of),2019,70574370.51,15699000.0,4.495469170647812
Iran (Islamic Republic of),2020,69635546.09,15699000.0,4.435667627874387
Iran (Islamic Republic of),2021,63242394.38,15699000.0,4.028434574176699
Iran (Islamic Republic of),2022,63804222.1,15699000.0,4.064222058729856
Iraq,2005,9569401.629999999,4969000.0,1.9258204125578584
Iraq,2006,9690769.48,4969000.0,1.9502454175890522
Iraq,2007,9213182.16,4969000.0,1.8541320507144294
Iraq,2008,7263553.96,4969000.0,1.4617737894948681
Iraq,2009,7468970.42,4969000.0,1.5031133869993962
Iraq,2010,9321162.35,4969000.0,1.8758628194807807
Iraq,2011,9945209.45,4969000.0,2.001450885490038
Iraq,2012,10260367.28,4969000.0,2.064875685248541
Iraq,2013,12839026.16,4969000.0,2.58382494666935
Iraq,2014,12273418.48,4969000.0,2.4699976816260816
Iraq,2015,6033583.99,4969000.0,1.2142451177299256
Iraq,2016,6533940.68,4969000.0,1.3149407687663512
Iraq,2017,6340782.57,4969000.0,1.276068136445965
Iraq,2018,5395930.0,4969000.0,1.085918695914671
Iraq,2019,11362626.45,4969000.0,2.2867028476554636
Iraq,2020,14205485.34,4969000.0,2.858821762930167
Iraq,2021,10203745.309999999,4969000.0,2.0534806419802774
Iraq,2022,7805096.46,4969000.0,1.570757991547595
Ireland,2005,3982985.86,439000.0,9.072860728929385
Ireland,2006,2794082.57,439000.0,6.36465277904328
Ireland,2007,2693045.33,439000.0,6.134499612756264
Ireland,2008,3112337.7199999997,439000.0,7.089607562642368
Ireland,2009,2692361.45,439000.0,6.13294179954442
Ireland,2010,2754601.8,439000.0,6.274719362186787
Ireland,2011,3251240.55,439000.0,7.406014920273348
Ireland,2012,2699960.89,439000.0,6.150252596810934
Ireland,2013,3159886.16,439000.0,7.1979183599088845
Ireland,2014,3315839.45,439000.0,7.553165034168566
Ireland,2015,3368427.57,439000.0,7.672955740318907
Ireland,2016,3041118.9299999997,439000.0,6.927377972665147
Ireland,2017,3189293.26,439000.0,7.264904920273348
Ireland,2018,2251360.0,439000.0,5.1283826879271075
Ireland,2019,2871320.0,439000.0,6.540592255125285
Ireland,2020,2441800.0,439000.0,5.562186788154897
Ireland,2021,3023870.0,439000.0,6.8880865603644645
Ireland,2022,3147640.0,439000.0,7.17002277904328
Israel,2005,4091286.52,271400.0,15.074747678703021
Israel,2006,3928844.58,271400.0,14.476214369933677
Israel,2007,4116610.48,271400.0,15.168056300663228
Israel,2008,3738386.59,271400.0,13.774453168754604
Israel,2009,4003744.86,271400.0,14.752191820191598
Israel,2010,3875417.2399999998,271400.0,14.279356079587323
Israel,2011,3968491.1,271400.0,14.622295873249817
Israel,2012,4128517.38,271400.0,15.211928445099483
Israel,2013,4156628.68,271400.0,15.31550729550479
Israel,2014,4179517.37,271400.0,15.399842925571113
Israel,2015,3924272.21,271400.0,14.45936702284451
Israel,2016,3940068.06,271400.0,14.51756838614591
Israel,2017,3759931.36,271400.0,13.853836993367722
Israel,2018,3579917.3,271400.0,13.190557479734709
Israel,2019,3672473.74,271400.0,13.531590788504055
Israel,2020,3639090.76,271400.0,13.408587914517316
Israel,2021,3666280.81,271400.0,13.508772328666176
Israel,2022,3703371.71,271400.0,13.645437398673545
Italy,2005,76477395.85,7084477.0,10.795065867247503
Italy,2006,64437983.93,7084477.0,9.095658568727092
Italy,2007,63349465.1,7084477.0,8.942010130035005
Italy,2008,62962147.03,7084477.0,8.887338759092591
Italy,2009,60607821.71,7084477.0,8.555017076066449
Italy,2010,59621868.94,7084477.0,8.415846214194781
Italy,2011,60363592.47,7084477.0,8.520543220057034
Italy,2012,54660996.08,7084477.0,7.715600753591267
Italy,2013,55468933.99,7084477.0,7.829644162864811
Italy,2014,57102709.12,7084477.0,8.060257534889308
Italy,2015,56932028.45,7084477.0,8.036165330200099
Italy,2016,56818213.24,7084477.0,8.020099894459394
Italy,2017,53591660.019999996,7084477.0,7.564660033478829
Italy,2018,51797545.0,7084477.0,7.311414095917031
Italy,2019,51197740.0,7084477.0,7.2267494128359795
Italy,2020,52951010.0,7084477.0,7.474229925511792
Italy,2021,51751830.0,7084477.0,7.304961255432123
Italy,2022,49034730.0,7084477.0,6.9214325912837324
Jamaica,2005,2383713.42,120000.0,19.8642785
Jamaica,2006,2867858.16,120000.0,23.898818000000002
Jamaica,2007,3054841.89,120000.0,25.45701575
Jamaica,2008,2675169.79,120000.0,22.293081583333333
Jamaica,2009,2411197.6399999997,120000.0,20.093313666666663
Jamaica,2010,2266628.8,120000.0,18.888573333333333
Jamaica,2011,2466481.61,120000.0,20.554013416666667
Jamaica,2012,2438621.0,120000.0,20.321841666666668
Jamaica,2013,2348688.43,120000.0,19.572403583333333
Jamaica,2014,2691633.74,120000.0,22.430281166666667
Jamaica,2015,2485345.9699999997,120000.0,20.711216416666666
Jamaica,2016,2139326.4699999997,120000.0,17.82772058333333
Jamaica,2017,2126497.2399999998,120000.0,17.720810333333333
Jamaica,2018,2075639.51,120000.0,17.296995916666667
Jamaica,2019,1801053.46,120000.0,15.008778833333333
Jamaica,2020,1573818.28,120000.0,13.115152333333334
Jamaica,2021,1630037.96,120000.0,13.583649666666666
Jamaica,2022,1733477.95,120000.0,14.445649583333333
Japan,2005,38391010.86,4044000.0,9.49332612759644
Japan,2006,36719128.77,4044000.0,9.079903256676559
Japan,2007,38142169.81,4044000.0,9.431792732443126
Japan,2008,38324174.08,4044000.0,9.476798733926804
Japan,2009,36328580.28,4044000.0,8.983328456973293
Japan,2010,34478619.620000005,4044000.0,8.525870331355096
Japan,2011,34598139.6,4044000.0,8.555425222551928
Japan,2012,34966510.78,4044000.0,8.646516018793275
Japan,2013,34584468.1,4044000.0,8.55204453511375
Japan,2014,34957770.95,4044000.0,8.644354834322455
Japan,2015,34904021.6,4044000.0,8.631063699307617
Japan,2016,33928479.66,4044000.0,8.389831765578634
Japan,2017,34458647.86,4044000.0,8.52093171612265
Japan,2018,33415801.66,4044000.0,8.263056790306628
Japan,2019,34272028.05,4044000.0,8.474784384272997
Japan,2020,33767812.29,4044000.0,8.350101951038576
Japan,2021,33981392.4,4044000.0,8.402916023738872
Japan,2022,33293698.29,4044000.0,8.232863078635015
Jordan,2005,2062521.1099999999,204000.0,10.110397598039215
Jordan,2006,1989736.73,204000.0,9.753611421568626
Jordan,2007,1849469.01,204000.0,9.06602455882353
Jordan,2008,1850713.92,204000.0,9.07212705882353
Jordan,2009,2018361.94,204000.0,9.893931078431372
Jordan,2010,2330266.64,204000.0,11.42287568627451
Jordan,2011,2483974.74,204000.0,12.176346764705883
Jordan,2012,2281654.42,204000.0,11.184580490196078
Jordan,2013,2392009.25,204000.0,11.725535539215686
Jordan,2014,2483308.0,204000.0,12.173078431372549
Jordan,2015,2772473.9299999997,204000.0,13.590558480392156
Jordan,2016,3005986.86,204000.0,14.735229705882352
Jordan,2017,2379577.56,204000.0,11.664595882352941
Jordan,2018,2444065.63,204000.0,11.98071387254902
Jordan,2019,2236524.16,204000.0,10.963353725490197
Jordan,2020,2308179.26,204000.0,11.314604215686273
Jordan,2021,2604328.33,204000.0,12.766315343137256
Jordan,2022,2404313.76,204000.0,11.785851764705882
Kazakhstan,2005,20900694.37,29669700.0,0.7044457601526136
Kazakhstan,2006,23280369.259999998,29669700.0,0.7846513196965254
Kazakhstan,2007,27019417.009999998,29669700.0,0.9106737516725817
Kazakhstan,2008,22270001.23,29669700.0,0.7505974522829688
Kazakhstan,2009,28428896.740000002,29669700.0,0.9581794470453022
Kazakhstan,2010,18466956.57,29669700.0,0.6224180416384393
Kazakhstan,2011,34420731.760000005,29669700.0,1.1601307650566068
Kazakhstan,2012,20809215.15,29669700.0,0.701362506193187
Kazakhstan,2013,26946143.0,29669700.0,0.9082040937387301
Kazakhstan,2014,26349579.630000003,29669700.0,0.8880972719643273
Kazakhstan,2015,28265501.009999998,29669700.0,0.9526722889007977
Kazakhstan,2016,31139793.2,29669700.0,1.0495486371618183
Kazakhstan,2017,31978628.25,29669700.0,1.0778210851474737
Kazakhstan,2018,32527942.05,29669700.0,1.0963353876176707
Kazakhstan,2019,29765030.700000003,29669700.0,1.0032130658550644
Kazakhstan,2020,32649787.200000003,29669700.0,1.1004421076047282
Kazakhstan,2021,29137368.740000002,29669700.0,0.982058084173416
Kazakhstan,2022,35506622.01,29669700.0,1.1967300650158241
Kenya,2005,18759309.2,6632158.9,2.828537356063649
Kenya,2006,19530407.48,6632158.9,2.944803912946054
Kenya,2007,19530255.86,6632158.9,2.944781051612017
Kenya,2008,19769048.42,6632158.9,2.9807863047430905
Kenya,2009,20094801.8,6632158.9,3.0299035507125742
Kenya,2010,22162029.6,6632158.9,3.34160111875486
Kenya,2011,20348341.12,6632158.9,3.068132327167252
Kenya,2012,22804830.88,6632158.9,3.43852299437518
Kenya,2013,23798627.7,6632158.9,3.588368140576366
Kenya,2014,23013565.84,6632158.9,3.4699961486145936
Kenya,2015,24227464.04,6632158.9,3.6530282831432155
Kenya,2016,22530026.73,6632158.9,3.3970878969742415
Kenya,2017,20571593.86,6632158.9,3.101794479019494
Kenya,2018,23418346.330000002,6632158.9,3.531029138942977
Kenya,2019,23361344.62,6632158.9,3.522434394628271
Kenya,2020,27555418.15,6632158.9,4.154818749894547
Kenya,2021,26632683.68,6632158.9,4.015688417839325
Kenya,2022,27953860.630000003,6632158.9,4.214896092130724
Kiribati,2005,143866.6,2000.0,71.9333
Kiribati,2006,173273.57,2000.0,86.636785
Kiribati,2007,179607.45,2000.0,89.803725
Kiribati,2008,179858.58,2000.0,89.92929
Kiribati,2009,179920.46,2000.0,89.96023
Kiribati,2010,180370.68,2000.0,90.18534
Kiribati,2011,180430.71,2000.0,90.215355
Kiribati,2012,183634.81,2000.0,91.817405
Kiribati,2013,186065.82,2000.0,93.03291
Kiribati,2014,184262.15999999997,2000.0,92.13107999999998
Kiribati,2015,184953.74,2000.0,92.47686999999999
Kiribati,2016,255064.03,2000.0,127.532015
Kiribati,2017,254955.7,2000.0,127.47785
Kiribati,2018,225885.39,2000.0,112.942695
Kiribati,2019,191163.90000000002,2000.0,95.58195
Kiribati,2020,191190.56000000003,2000.0,95.59528000000002
Kiribati,2021,191362.97999999998,2000.0,95.68149
Kiribati,2022,197847.87,2000.0,98.923935
Kuwait,2005,324763.2,8000.0,40.5954
Kuwait,2006,367914.5,8000.0,45.9893125
Kuwait,2007,394640.6,8000.0,49.330074999999994
Kuwait,2008,388357.0,8000.0,48.544625
Kuwait,2009,405536.66000000003,8000.0,50.692082500000005
Kuwait,2010,429888.14,8000.0,53.7360175
Kuwait,2011,546171.33,8000.0,68.27141625
Kuwait,2012,490584.6,8000.0,61.323074999999996
Kuwait,2013,605899.25,8000.0,75.73740625
Kuwait,2014,528845.13,8000.0,66.10564125
Kuwait,2015,470468.52,8000.0,58.808565
Kuwait,2016,436790.27,8000.0,54.59878375
Kuwait,2017,512433.20999999996,8000.0,64.05415124999999
Kuwait,2018,483838.32,8000.0,60.47979
Kuwait,2019,578276.69,8000.0,72.28458624999999
Kuwait,2020,409596.29,8000.0,51.199536249999994
Kuwait,2021,390724.0,8000.0,48.8405
Kuwait,2022,366467.43,8000.0,45.80842875
Kyrgyzstan,2005,4307554.9,1286385.0,3.3485736385296785
Kyrgyzstan,2006,4324303.68,1286385.0,3.3615936752993854
Kyrgyzstan,2007,4323246.92,1286385.0,3.3607721794019674
Kyrgyzstan,2008,4275860.85,1286385.0,3.3239355636143144
Kyrgyzstan,2009,4707888.5,1286385.0,3.659781869347046
Kyrgyzstan,2010,4390865.02,1286385.0,3.413336613844222
Kyrgyzstan,2011,4497894.97,1286385.0,3.496538726741994
Kyrgyzstan,2012,4276878.99,1286385.0,3.3247270373954922
Kyrgyzstan,2013,4775810.65,1286385.0,3.7125826638214847
Kyrgyzstan,2014,4441285.72,1286385.0,3.4525322667786082
Kyrgyzstan,2015,5166975.34,1286385.0,4.016663238455051
Kyrgyzstan,2016,5678662.8,1286385.0,4.4144348698095826
Kyrgyzstan,2017,5707100.74,1286385.0,4.436541735172597
Kyrgyzstan,2018,5847242.66,1286385.0,4.545484174644449
Kyrgyzstan,2019,5827326.9399999995,1286385.0,4.530002246605798
Kyrgyzstan,2020,5559348.9399999995,1286385.0,4.321683586173656
Kyrgyzstan,2021,4822224.66,1286385.0,3.7486636271411746
Kyrgyzstan,2022,5486802.17,1286385.0,4.265287740450954
Lao People's Democratic Republic,2005,4648246.76,1224000.0,3.797587222222222
Lao People's Democratic Republic,2006,4881843.96,1224000.0,3.9884346078431374
Lao People's Democratic Republic,2007,5517537.6899999995,1224000.0,4.507792230392156
Lao People's Democratic Republic,2008,6086764.279999999,1224000.0,4.9728466339869275
Lao People's Democratic Republic,2009,6891963.95,1224000.0,5.630689501633987
Lao People's Democratic Republic,2010,7945107.16,1224000.0,6.491100620915033
Lao People's Democratic Republic,2011,9501836.690000001,1224000.0,7.762938472222223
Lao People's Democratic Republic,2012,10039328.15,1224000.0,8.202065482026144
Lao People's Democratic Republic,2013,10728822.42,1224000.0,8.765377794117647
Lao People's Democratic Republic,2014,13839049.01,1224000.0,11.30641258986928
Lao People's Democratic Republic,2015,16433744.0,1224000.0,13.426261437908497
Lao People's Democratic Republic,2016,16682508.48,1224000.0,13.629500392156864
Lao People's Democratic Republic,2017,15208360.65,1224000.0,12.42513125
Lao People's Democratic Republic,2018,15813043.709999999,1224000.0,12.919153357843136
Lao People's Democratic Republic,2019,15352992.44,1224000.0,12.543294477124183
Lao People's Democratic Republic,2020,16040049.17,1224000.0,13.10461533496732
Lao People's Democratic Republic,2021,16249615.09,1224000.0,13.275829321895424
Lao People's Democratic Republic,2022,18247651.830000002,1224000.0,14.908212279411766
Latvia,2005,2874813.0,1360000.0,2.1138330882352943
Latvia,2006,2532633.0,1360000.0,1.8622301470588236
Latvia,2007,2843095.42,1360000.0,2.0905113382352942
Latvia,2008,2742568.71,1360000.0,2.0165946397058825
Latvia,2009,2598954.58,1360000.0,1.9109960147058824
Latvia,2010,2317232.29,1360000.0,1.7038472720588236
Latvia,2011,2321063.71,1360000.0,1.7066644926470589
Latvia,2012,3153993.54,1360000.0,2.3191128970588237
Latvia,2013,2920234.84,1360000.0,2.1472314999999997
Latvia,2014,3157240.02,1360000.0,2.321500014705882
Latvia,2015,4123000.1,1360000.0,3.0316177205882355
Latvia,2016,3815692.48,1360000.0,2.8056562352941175
Latvia,2017,3767870.59,1360000.0,2.770493080882353
Latvia,2018,2657118.0,1360000.0,1.9537632352941177
Latvia,2019,3961610.0,1360000.0,2.9129485294117647
Latvia,2020,4353400.0,1360000.0,3.201029411764706
Latvia,2021,3681300.0,1360000.0,2.706838235294118
Latvia,2022,3937320.0,1360000.0,2.895088235294118
Lebanon,2005,2633432.87,134213.8,19.621178075577923
Lebanon,2006,2555926.4699999997,134213.8,19.04369349500573
Lebanon,2007,2612226.17,134213.8,19.463171223823483
Lebanon,2008,2667229.0,134213.8,19.872986235394574
Lebanon,2009,2286112.09,134213.8,17.03336087645235
Lebanon,2010,2371633.68,134213.8,17.67056502386491
Lebanon,2011,2285682.42,134213.8,17.030159491795928
Lebanon,2012,2286548.89,134213.8,17.036615385303154
Lebanon,2013,2395652.36,134213.8,17.84952337241029
Lebanon,2014,2589295.61,134213.8,19.292320238306345
Lebanon,2015,3275280.43,134213.8,24.40345500984251
Lebanon,2016,2981054.88,134213.8,22.21123967878117
Lebanon,2017,2914381.99,134213.8,21.71447339990374
Lebanon,2018,3046410.56,134213.8,22.698191691167377
Lebanon,2019,2600208.25,134213.8,19.373628121698367
Lebanon,2020,2962246.7,134213.8,22.071103716607386
Lebanon,2021,2575227.01,134213.8,19.187497932403375
Lebanon,2022,2927474.62,134213.8,21.812023949847188
Lesotho,2005,256541.53,356748.0,0.7191113334903069
Lesotho,2006,233768.6,356748.0,0.6552765537578347
Lesotho,2007,221582.0,356748.0,0.6211163061881216
Lesotho,2008,227666.0,356748.0,0.6381703611512889
Lesotho,2009,219865.64,356748.0,0.616305179005909
Lesotho,2010,330096.41000000003,356748.0,0.9252929518876071
Lesotho,2011,271565.07,356748.0,0.761223805038851
Lesotho,2012,266961.53,356748.0,0.7483196261787033
Lesotho,2013,283501.44,356748.0,0.7946826331191765
Lesotho,2014,297481.26,356748.0,0.8338694540684181
Lesotho,2015,258027.5,356748.0,0.7232766546694025
Lesotho,2016,201396.86,356748.0,0.5645353582921278
Lesotho,2017,399766.7,356748.0,1.1205856795272855
Lesotho,2018,343947.91000000003,356748.0,0.9641200791595188
Lesotho,2019,218584.81,356748.0,0.6127148855774944
Lesotho,2020,211661.42,356748.0,0.5933079372554296
Lesotho,2021,291161.51,356748.0,0.8161545684909236
Lesotho,2022,270069.24,356748.0,0.7570308453025665
Liberia,2005,1539292.67,500000.0,3.07858534
Liberia,2006,1546519.15,500000.0,3.0930383
Liberia,2007,1686409.2,500000.0,3.3728184
Liberia,2008,1707391.8499999999,500000.0,3.4147836999999996
Liberia,2009,1667209.76,500000.0,3.33441952
Liberia,2010,1679901.24,500000.0,3.35980248
Liberia,2011,1693016.1,500000.0,3.3860322000000003
Liberia,2012,1746484.03,500000.0,3.49296806
Liberia,2013,1710807.55,500000.0,3.4216151
Liberia,2014,1738959.73,500000.0,3.47791946
Liberia,2015,1770157.26,500000.0,3.54031452
Liberia,2016,1872946.6199999999,500000.0,3.7458932399999996
Liberia,2017,1737384.5799999998,500000.0,3.4747691599999997
Liberia,2018,1803322.12,500000.0,3.60664424
Liberia,2019,1873564.21,500000.0,3.74712842
Liberia,2020,1904512.24,500000.0,3.80902448
Liberia,2021,1884108.79,500000.0,3.76821758
Liberia,2022,1901055.4000000001,500000.0,3.8021108000000003
Libya,2005,1929591.47,1720000.0,1.1218555058139534
Libya,2006,1924426.32,1720000.0,1.118852511627907
Libya,2007,1974292.8,1720000.0,1.1478446511627907
Libya,2008,1980313.08,1720000.0,1.1513448139534883
Libya,2009,1981782.1099999999,1720000.0,1.1521989011627907
Libya,2010,2082300.97,1720000.0,1.2106400988372092
Libya,2011,2175250.02,1720000.0,1.2646802441860465
Libya,2012,2247318.09,1720000.0,1.306580284883721
Libya,2013,2182568.58,1720000.0,1.2689352209302327
Libya,2014,2175057.1,1720000.0,1.2645680813953488
Libya,2015,2160555.6,1720000.0,1.2561369767441861
Libya,2016,2240524.47,1720000.0,1.3026305058139536
Libya,2017,2130258.79,1720000.0,1.2385225523255814
Libya,2018,2197003.39,1720000.0,1.2773275523255814
Libya,2019,2147251.68,1720000.0,1.2484021395348839
Libya,2020,2167993.96,1720000.0,1.2604616046511627
Libya,2021,2149585.18,1720000.0,1.2497588255813954
Libya,2022,2163219.37,1720000.0,1.2576856802325582
Lithuania,2005,5161370.0,2303000.0,2.2411506730351713
Lithuania,2006,3508398.4699999997,2303000.0,1.5234035909683021
Lithuania,2007,5018106.0,2303000.0,2.178943117672601
Lithuania,2008,5188080.05,2303000.0,2.252748610508033
Lithuania,2009,5958578.93,2303000.0,2.5873117368649585
Lithuania,2010,4676748.109999999,2303000.0,2.030719978289188
Lithuania,2011,5586917.73,2303000.0,2.4259304081632656
Lithuania,2012,7275069.83,2303000.0,3.1589534650455926
Lithuania,2013,6802358.07,2303000.0,2.953694342162397
Lithuania,2014,7610377.21,2303000.0,3.304549374728615
Lithuania,2015,8328841.96,2303000.0,3.6165184368215373
Lithuania,2016,7778832.57,2303000.0,3.3776954277029962
Lithuania,2017,7832628.140000001,2303000.0,3.4010543378202347
Lithuania,2018,6306320.0,2303000.0,2.7383065566652194
Lithuania,2019,7787390.0,2303000.0,3.3814112027789838
Lithuania,2020,9387470.0,2303000.0,4.076191923577942
Lithuania,2021,7819850.0,2303000.0,3.395505861919236
Lithuania,2022,8127660.0,2303000.0,3.5291619626574033
Luxembourg,2005,221964.0,61326.0,3.6194110165345856
Luxembourg,2006,224657.0,61326.0,3.663323875680788
Luxembourg,2007,211015.0,61326.0,3.4408733652936765
Luxembourg,2008,252252.0,61326.0,4.1132961549750515
Luxembourg,2009,250310.0,61326.0,4.08162932524541
Luxembourg,2010,221353.0,61326.0,3.609447868766918
Luxembourg,2011,206909.45,61326.0,3.3739270456250208
Luxembourg,2012,204728.0,61326.0,3.3383556729608976
Luxembourg,2013,225022.0,61326.0,3.669275674265401
Luxembourg,2014,226578.0,61326.0,3.6946482731630956
Luxembourg,2015,224429.0,61326.0,3.659606039852591
Luxembourg,2016,185000.0,61326.0,3.0166650360369176
Luxembourg,2017,197216.04,61326.0,3.2158634184522064
Luxembourg,2018,209940.0,61326.0,3.423344095489678
Luxembourg,2019,206310.0,61326.0,3.3641522355933864
Luxembourg,2020,191520.0,61326.0,3.122982095685354
Luxembourg,2021,187640.0,61326.0,3.0597136614160387
Luxembourg,2022,213740.0,61326.0,3.4853080259596254
Madagascar,2005,12268766.639999999,3000000.0,4.08958888
Madagascar,2006,12700475.55,3000000.0,4.23349185
Madagascar,2007,12814305.71,3000000.0,4.271435236666667
Madagascar,2008,13098072.94,3000000.0,4.366024313333333
Madagascar,2009,14242987.21,3000000.0,4.747662403333334
Madagascar,2010,14357570.1,3000000.0,4.7858567
Madagascar,2011,14573831.98,3000000.0,4.8579439933333335
Madagascar,2012,15114795.48,3000000.0,5.03826516
Madagascar,2013,13639323.19,3000000.0,4.546441063333333
Madagascar,2014,13923331.52,3000000.0,4.641110506666666
Madagascar,2015,13418771.04,3000000.0,4.47292368
Madagascar,2016,13547056.01,3000000.0,4.5156853366666665
Madagascar,2017,13194676.959999999,3000000.0,4.398225653333333
Madagascar,2018,13627425.81,3000000.0,4.54247527
Madagascar,2019,13967292.85,3000000.0,4.655764283333333
Madagascar,2020,14104634.68,3000000.0,4.701544893333333
Madagascar,2021,14543881.52,3000000.0,4.8479605066666664
Madagascar,2022,14802045.43,3000000.0,4.934015143333333
Malawi,2005,9502989.75,4000000.0,2.3757474375
Malawi,2006,12744152.12,4000000.0,3.1860380299999997
Malawi,2007,14592578.55,4000000.0,3.6481446375
Malawi,2008,14769470.28,4000000.0,3.69236757
Malawi,2009,16637162.02,4000000.0,4.1592905049999995
Malawi,2010,16977811.31,4000000.0,4.2444528275
Malawi,2011,17642506.56,4000000.0,4.410626639999999
Malawi,2012,19052874.49,4000000.0,4.763218622499999
Malawi,2013,20742545.33,4000000.0,5.1856363325
Malawi,2014,23811784.53,4000000.0,5.9529461325
Malawi,2015,22401636.05,4000000.0,5.6004090125
Malawi,2016,21680692.52,4000000.0,5.42017313
Malawi,2017,25018665.41,4000000.0,6.2546663525
Malawi,2018,25242179.6,4000000.0,6.3105449
Malawi,2019,27231477.6,4000000.0,6.8078694
Malawi,2020,28505444.3,4000000.0,7.126361075
Malawi,2021,30481145.48,4000000.0,7.6202863700000005
Malawi,2022,29757149.759999998,4000000.0,7.439287439999999
Malaysia,2005,81554514.07000001,784300.0,103.98382515619025
Malaysia,2006,86009807.63000001,784300.0,109.6644238556675
Malaysia,2007,85676958.41000001,784300.0,109.2400336733393
Malaysia,2008,94408439.62,784300.0,120.37286704067321
Malaysia,2009,92134956.47999999,784300.0,117.4741253091929
Malaysia,2010,89649911.30000001,784300.0,114.305637256152
Malaysia,2011,99723515.99,784300.0,127.14970800714012
Malaysia,2012,101865201.9,784300.0,129.8804053295933
Malaysia,2013,101772868.25,784300.0,129.76267786561266
Malaysia,2014,102600826.16000001,784300.0,130.8183426749968
Malaysia,2015,105667581.71,784300.0,134.7285244294275
Malaysia,2016,93393940.06,784300.0,119.07935746525564
Malaysia,2017,108705818.03999999,784300.0,138.60234354201197
Malaysia,2018,105267939.21,784300.0,134.21897132474817
Malaysia,2019,105708231.02,784300.0,134.7803532066811
Malaysia,2020,103680638.19999999,784300.0,132.1951271197246
Malaysia,2021,98382151.13,784300.0,125.4394378809129
Malaysia,2022,101844814.93,784300.0,129.85441148795104
Maldives,2005,32166.0,4000.0,8.0415
Maldives,2006,23390.0,4000.0,5.8475
Maldives,2007,18870.0,4000.0,4.7175
Maldives,2008,19028.31,4000.0,4.7570775
Maldives,2009,18134.95,4000.0,4.5337375
Maldives,2010,16006.66,4000.0,4.001665
Maldives,2011,13082.17,4000.0,3.2705425
Maldives,2012,10257.28,4000.0,2.5643200000000004
Maldives,2013,8886.18,4000.0,2.221545
Maldives,2014,9696.14,4000.0,2.424035
Maldives,2015,10000.38,4000.0,2.500095
Maldives,2016,10689.0,4000.0,2.67225
Maldives,2017,10410.83,4000.0,2.6027075
Maldives,2018,10014.03,4000.0,2.5035075
Maldives,2019,11259.09,4000.0,2.8147725
Maldives,2020,11479.67,4000.0,2.8699175
Maldives,2021,8103.71,4000.0,2.0259275
Maldives,2022,7865.870000000001,4000.0,1.9664675000000003
Mali,2005,6807675.9,8341000.0,0.8161702313871239
Mali,2006,6894569.4399999995,8341000.0,0.8265878719577988
Mali,2007,7688511.0,8341000.0,0.9217732885745115
Mali,2008,8834428.68,8341000.0,1.0591570171442273
Mali,2009,10594756.82,8341000.0,1.2702022323462414
Mali,2010,10092226.5,8341000.0,1.2099540222994845
Mali,2011,11060501.52,8341000.0,1.3260402253926387
Mali,2012,11832836.83,8341000.0,1.418635275146865
Mali,2013,12666422.8,8341000.0,1.518573648243616
Mali,2014,12067097.43,8341000.0,1.4467207085481357
Mali,2015,13522228.13,8341000.0,1.6211758937777245
Mali,2016,16108706.84,8341000.0,1.931268054190145
Mali,2017,16721440.31,8341000.0,2.0047284869919673
Mali,2018,17707453.07,8341000.0,2.1229412624385566
Mali,2019,17976691.7,8341000.0,2.155220201414698
Mali,2020,18494427.62,8341000.0,2.2172914063061984
Mali,2021,17394285.11,8341000.0,2.0853956492027335
Mali,2022,18677993.94,8341000.0,2.239299117611797
Malta,2005,121126.67,7300.0,16.592694520547944
Malta,2006,131830.16999999998,7300.0,18.058927397260273
Malta,2007,120775.42,7300.0,16.54457808219178
Malta,2008,132110.62,7300.0,18.097345205479453
Malta,2009,114990.9,7300.0,15.75217808219178
Malta,2010,123406.64,7300.0,16.905019178082192
Malta,2011,127743.46,7300.0,17.49910410958904
Malta,2012,114855.95,7300.0,15.733691780821918
Malta,2013,117947.13,7300.0,16.157141095890413
Malta,2014,120943.59,7300.0,16.56761506849315
Malta,2015,113276.47,7300.0,15.517324657534246
Malta,2016,109102.17,7300.0,14.945502739726027
Malta,2017,112023.01999999999,7300.0,15.34561917808219
Malta,2018,28700.0,7300.0,3.9315068493150687
Malta,2019,25660.0,7300.0,3.515068493150685
Malta,2020,22830.0,7300.0,3.127397260273973
Malta,2021,22010.0,7300.0,3.015068493150685
Malta,2022,23490.0,7300.0,3.217808219178082
Marshall Islands,2005,23500.0,500.0,47.0
Marshall Islands,2006,29000.0,500.0,58.0
Marshall Islands,2007,24240.0,500.0,48.48
Marshall Islands,2008,31360.0,500.0,62.72
Marshall Islands,2009,28640.0,500.0,57.28
Marshall Islands,2010,40800.0,500.0,81.6
Marshall Islands,2011,35400.0,500.0,70.8
Marshall Islands,2012,39600.0,500.0,79.2
Marshall Islands,2013,44400.0,500.0,88.8
Marshall Islands,2014,30000.0,500.0,60.0
Marshall Islands,2015,32400.0,500.0,64.8
Marshall Islands,2016,45600.0,500.0,91.2
Marshall Islands,2017,45600.0,500.0,91.2
Marshall Islands,2018,36000.0,500.0,72.0
Marshall Islands,2019,43200.0,500.0,86.4
Marshall Islands,2020,44400.0,500.0,88.8
Marshall Islands,2021,38400.0,500.0,76.8
Marshall Islands,2022,45600.0,500.0,91.2
Mauritania,2005,256987.65,450000.0,0.5710836666666667
Mauritania,2006,250927.57,450000.0,0.5576168222222222
Mauritania,2007,268580.44,450000.0,0.5968454222222223
Mauritania,2008,275875.97,450000.0,0.6130577111111111
Mauritania,2009,261145.1,450000.0,0.5803224444444445
Mauritania,2010,368078.79000000004,450000.0,0.8179528666666668
Mauritania,2011,289796.51,450000.0,0.6439922444444445
Mauritania,2012,433902.88,450000.0,0.9642286222222223
Mauritania,2013,404911.55,450000.0,0.8998034444444444
Mauritania,2014,467515.84,450000.0,1.0389240888888889
Mauritania,2015,413235.96,450000.0,0.9183021333333333
Mauritania,2016,407611.86,450000.0,0.9058041333333333
Mauritania,2017,471808.79,450000.0,1.0484639777777778
Mauritania,2018,532701.5,450000.0,1.1837811111111112
Mauritania,2019,452195.68,450000.0,1.0048792888888889
Mauritania,2020,510745.21,450000.0,1.1349893555555557
Mauritania,2021,601028.94,450000.0,1.3356198666666665
Mauritania,2022,643745.33,450000.0,1.4305451777777778
Mauritius,2005,5096792.85,75000.0,67.95723799999999
Mauritius,2006,4866141.14,75000.0,64.88188186666666
Mauritius,2007,4350429.44,75000.0,58.00572586666667
Mauritius,2008,4641410.84,75000.0,61.88547786666666
Mauritius,2009,4795453.67,75000.0,63.93938226666666
Mauritius,2010,4496568.35,75000.0,59.95424466666666
Mauritius,2011,4362765.14,75000.0,58.17020186666666
Mauritius,2012,4084536.47,75000.0,54.46048626666667
Mauritius,2013,3950755.07,75000.0,52.676734266666664
Mauritius,2014,4175307.55,75000.0,55.67076733333333
Mauritius,2015,4126104.46,75000.0,55.01472613333333
Mauritius,2016,3918055.58,75000.0,52.240741066666665
Mauritius,2017,3838021.29,75000.0,51.1736172
Mauritius,2018,3267912.54,75000.0,43.5721672
Mauritius,2019,3520146.0799999996,75000.0,46.93528106666666
Mauritius,2020,2729805.28,75000.0,36.39740373333333
Mauritius,2021,2791799.81,75000.0,37.22399746666667
Mauritius,2022,2389359.2800000003,75000.0,31.858123733333336
Mexico,2005,112922820.16000001,20023594.6,5.639487934898562
Mexico,2006,116326444.87,20023594.6,5.809468639062438
Mexico,2007,120424332.74,20023594.6,6.014121597327984
Mexico,2008,122035571.56,20023594.6,6.094588608980327
Mexico,2009,114292773.85,20023594.6,5.707904905845426
Mexico,2010,120283020.75999999,20023594.6,6.00706432400504
Mexico,2011,113124713.48,20023594.6,5.649570705951068
Mexico,2012,121354289.83,20023594.6,6.060564661551827
Mexico,2013,132315882.98,20023594.6,6.607998494935569
Mexico,2014,132784808.97,20023594.6,6.631417166725898
Mexico,2015,130483422.73,20023594.6,6.516483445484858
Mexico,2016,137972906.18,20023594.6,6.890516360134458
Mexico,2017,140010117.51,20023594.6,6.992256900267047
Mexico,2018,140208987.39000002,20023594.6,7.00218867745155
Mexico,2019,142045821.18,20023594.6,7.093922146226432
Mexico,2020,137403557.03,20023594.6,6.86208244697483
Mexico,2021,138911176.53,20023594.6,6.937374597566013
Mexico,2022,140443433.09,20023594.6,7.0138971496156834
Micronesia (Federated States of),2005,55392.61,2000.0,27.696305
Micronesia (Federated States of),2006,52744.72,2000.0,26.37236
Micronesia (Federated States of),2007,53431.11,2000.0,26.715555000000002
Micronesia (Federated States of),2008,52438.75,2000.0,26.219375
Micronesia (Federated States of),2009,52173.1,2000.0,26.08655
Micronesia (Federated States of),2010,51863.19,2000.0,25.931595
Micronesia (Federated States of),2011,67520.67,2000.0,33.760335
Micronesia (Federated States of),2012,72269.01000000001,2000.0,36.134505000000004
Micronesia (Federated States of),2013,73059.12,2000.0,36.52956
Micronesia (Federated States of),2014,90725.8,2000.0,45.3629
Micronesia (Federated States of),2015,89623.08,2000.0,44.81154
Micronesia (Federated States of),2016,90575.91,2000.0,45.287955000000004
Micronesia (Federated States of),2017,90753.81,2000.0,45.376905
Micronesia (Federated States of),2018,112199.06,2000.0,56.09953
Micronesia (Federated States of),2019,112066.87,2000.0,56.033435
Micronesia (Federated States of),2020,111940.26000000001,2000.0,55.970130000000005
Micronesia (Federated States of),2021,112022.20000000001,2000.0,56.011100000000006
Micronesia (Federated States of),2022,112807.11,2000.0,56.403555
Mongolia,2005,229564.76,1143268.5,0.20079689066916478
Mongolia,2006,335243.58999999997,1143268.5,0.2932325958425339
Mongolia,2007,319268.89,1143268.5,0.2792597626891671
Mongolia,2008,436709.72,1143268.5,0.3819835148086385
Mongolia,2009,630163.9299999999,1143268.5,0.5511950429842158
Mongolia,2010,600416.51,1143268.5,0.525175415923731
Mongolia,2011,736126.74,1143268.5,0.6438791412515957
Mongolia,2012,827710.44,1143268.5,0.7239860452728296
Mongolia,2013,706946.0,1143268.5,0.6183551807821173
Mongolia,2014,848045.7,1143268.5,0.7417729955824025
Mongolia,2015,483974.4,1143268.5,0.42332522937525174
Mongolia,2016,770074.55,1143268.5,0.6735727871449271
Mongolia,2017,461488.63,1143268.5,0.4036572598650273
Mongolia,2018,753449.0800000001,1143268.5,0.6590307351247761
Mongolia,2019,770326.98,1143268.5,0.6737935839218872
Mongolia,2020,826719.29,1143268.5,0.7231191010685591
Mongolia,2021,979826.47,1143268.5,0.8570396805299892
Mongolia,2022,850274.0700000001,1143268.5,0.7437221177702351
Montenegro,2006,331462.4,9050.0,36.62567955801105
Montenegro,2007,98249.4,9050.0,10.85628729281768
Montenegro,2008,118653.4,9050.0,13.110872928176795
Montenegro,2009,125726.8,9050.0,13.89246408839779
Montenegro,2010,123755.7,9050.0,13.674662983425414
Montenegro,2011,124893.76,9050.0,13.80041546961326
Montenegro,2012,117433.0,9050.0,12.976022099447514
Montenegro,2013,132028.71,9050.0,14.588807734806629
Montenegro,2014,121946.79,9050.0,13.474783425414364
Montenegro,2015,150010.57,9050.0,16.575753591160222
Montenegro,2016,162909.14,9050.0,18.001009944751384
Montenegro,2017,146603.19,9050.0,16.199247513812153
Montenegro,2018,153566.66999999998,9050.0,16.968692817679557
Montenegro,2019,136968.72,9050.0,15.134665193370166
Montenegro,2020,142214.82,9050.0,15.714344751381216
Montenegro,2021,144551.63,9050.0,15.972555801104972
Montenegro,2022,152301.01,9050.0,16.8288408839779
Morocco,2005,18492321.27,6874051.8,2.690163212037477
Morocco,2006,24356699.82,6874051.8,3.5432813904602813
Morocco,2007,16468374.68,6874051.8,2.3957303725875327
Morocco,2008,20017496.36,6874051.8,2.9120374623886307
Morocco,2009,25227513.13,6874051.8,3.669962616516797
Morocco,2010,23347098.33,6874051.8,3.39641000814105
Morocco,2011,25559007.79,6874051.8,3.718186672669531
Morocco,2012,20624900.02,6874051.8,3.0003992725222117
Morocco,2013,25738533.95,6874051.8,3.7443031706569334
Morocco,2014,24554551.57,6874051.8,3.572063796493358
Morocco,2015,29651676.29,6874051.8,4.3135660237532685
Morocco,2016,20512209.93,6874051.8,2.9840057257060533
Morocco,2017,27923983.21,6874051.8,4.062230547928079
Morocco,2018,29561530.77,6874051.8,4.300452139449982
Morocco,2019,24692158.57,6874051.8,3.5920821210570453
Morocco,2020,21138213.09,6874051.8,3.0750732908355447
Morocco,2021,28395599.009999998,6874051.8,4.130838672178758
Morocco,2022,21194218.16,6874051.8,3.083220606513323
Mozambique,2005,10689947.46,5650000.0,1.8920260991150444
Mozambique,2006,12040636.09,5650000.0,2.1310860336283186
Mozambique,2007,11636614.8,5650000.0,2.0595778407079646
Mozambique,2008,10716309.17,5650000.0,1.8966918884955752
Mozambique,2009,13321624.64,5650000.0,2.35780967079646
Mozambique,2010,14606033.879999999,5650000.0,2.585138739823009
Mozambique,2011,15957297.02,5650000.0,2.824300357522124
Mozambique,2012,14678066.3,5650000.0,2.5978878407079646
Mozambique,2013,13586007.28,5650000.0,2.4046030584070794
Mozambique,2014,13080756.01,5650000.0,2.3151780548672565
Mozambique,2015,11672205.17,5650000.0,2.065877021238938
Mozambique,2016,11751581.52,5650000.0,2.079925932743363
Mozambique,2017,12725245.16,5650000.0,2.2522557805309735
Mozambique,2018,15858648.1,5650000.0,2.8068403716814156
Mozambique,2019,16740846.03,5650000.0,2.962981598230088
Mozambique,2020,15961266.18,5650000.0,2.825002863716814
Mozambique,2021,16904588.48,5650000.0,2.9919625628318585
Mozambique,2022,18471447.55,5650000.0,3.2692827522123897
Myanmar,2005,50376646.91,11007332.0,4.57664463195986
Myanmar,2006,55991580.31,11007332.0,5.086753112380003
Myanmar,2007,59289694.09,11007332.0,5.386381921613703
Myanmar,2008,61796112.09,11007332.0,5.614086328094765
Myanmar,2009,62572748.78,11007332.0,5.684642634563944
Myanmar,2010,62990046.93,11007332.0,5.72255356066302
Myanmar,2011,59686490.87,11007332.0,5.4224303282575645
Myanmar,2012,57017981.31,11007332.0,5.180000140815231
Myanmar,2013,59039714.68,11007332.0,5.36367165812751
Myanmar,2014,58925146.480000004,11007332.0,5.35326330485898
Myanmar,2015,58327167.69,11007332.0,5.2989378070907645
Myanmar,2016,57607322.39,11007332.0,5.233540915273565
Myanmar,2017,56840018.41,11007332.0,5.163832471846947
Myanmar,2018,59893355.5,11007332.0,5.44122367709087
Myanmar,2019,58833476.49,11007332.0,5.344935220451241
Myanmar,2020,58182973.05,11007332.0,5.285837935114522
Myanmar,2021,59104849.31,11007332.0,5.369589043920906
Myanmar,2022,59562955.78,11007332.0,5.4112073461579975
Namibia,2005,540772.6,800000.0,0.6759657499999999
Namibia,2006,612444.55,800000.0,0.7655556875
Namibia,2007,568320.43,800000.0,0.7104005375000001
Namibia,2008,557057.1799999999,800000.0,0.696321475
Namibia,2009,553896.2,800000.0,0.69237025
Namibia,2010,581940.89,800000.0,0.7274261125
Namibia,2011,589922.41,800000.0,0.7374030125000001
Namibia,2012,644572.55,800000.0,0.8057156875000001
Namibia,2013,579137.72,800000.0,0.7239221499999999
Namibia,2014,623402.98,800000.0,0.779253725
Namibia,2015,637593.19,800000.0,0.7969914874999999
Namibia,2016,593542.6900000001,800000.0,0.7419283625
Namibia,2017,668391.36,800000.0,0.8354891999999999
Namibia,2018,688431.26,800000.0,0.860539075
Namibia,2019,607546.65,800000.0,0.7594333125
Namibia,2020,725297.1699999999,800000.0,0.9066214624999999
Namibia,2021,707416.62,800000.0,0.884270775
Namibia,2022,723680.18,800000.0,0.904600225
Nepal,2005,15764385.879999999,1803800.0,8.739542011309457
Nepal,2006,15649834.0,1803800.0,8.676036145914182
Nepal,2007,16784480.73,1803800.0,9.305067485308793
Nepal,2008,17468344.939999998,1803800.0,9.684191673134492
Nepal,2009,17370511.07,1803800.0,9.629954024836456
Nepal,2010,18660890.04,1803800.0,10.34532101119858
Nepal,2011,20247968.89,1803800.0,11.225174015966294
Nepal,2012,20786205.14,1803800.0,11.523564219980042
Nepal,2013,20982190.99,1803800.0,11.632215872047897
Nepal,2014,21569870.83,1803800.0,11.958016869941234
Nepal,2015,21116840.22,1803800.0,11.706863410577668
Nepal,2016,23793952.51,1803800.0,13.19101480762834
Nepal,2017,22622523.84,1803800.0,12.541592105554939
Nepal,2018,23809909.27,1803800.0,13.199860999002107
Nepal,2019,24368479.42,1803800.0,13.509524015966294
Nepal,2020,24627477.08,1803800.0,13.653108482093357
Nepal,2021,24384084.060000002,1803800.0,13.518174997228076
Nepal,2022,25239010.83,1803800.0,13.992133734338617
Netherlands (Kingdom of the),2005,19132284.03,1009000.0,18.961629365708625
Netherlands (Kingdom of the),2006,17968691.28,1009000.0,17.808415540138753
Netherlands (Kingdom of the),2007,18873977.990000002,1009000.0,18.705627343904858
Netherlands (Kingdom of the),2008,19171788.63,1009000.0,19.000781595639246
Netherlands (Kingdom of the),2009,20293473.490000002,1009000.0,20.112461337958376
Netherlands (Kingdom of the),2010,19217318.57,1009000.0,19.045905421209117
Netherlands (Kingdom of the),2011,20460004.759999998,1009000.0,20.277507195242812
Netherlands (Kingdom of the),2012,19307883.259999998,1009000.0,19.13566229930624
Netherlands (Kingdom of the),2013,19361478.11,1009000.0,19.188779098116946
Netherlands (Kingdom of the),2014,21139246.38,1009000.0,20.950690168483646
Netherlands (Kingdom of the),2015,18847264.21,1009000.0,18.67915184340932
Netherlands (Kingdom of the),2016,18944179.86,1009000.0,18.775203032705647
Netherlands (Kingdom of the),2017,22623621.31,1009000.0,22.421824886025767
Netherlands (Kingdom of the),2018,19037478.0,1009000.0,18.867668979187314
Netherlands (Kingdom of the),2019,21046020.0,1009000.0,20.858295341922695
Netherlands (Kingdom of the),2020,20873830.0,1009000.0,20.687641228939544
Netherlands (Kingdom of the),2021,20669690.0,1009000.0,20.485322101090187
Netherlands (Kingdom of the),2022,21155140.0,1009000.0,20.966442021803765
New Caledonia,2005,43216.43,5970.0,7.238932998324958
New Caledonia,2006,42841.259999999995,5970.0,7.176090452261306
New Caledonia,2007,40995.29,5970.0,6.866882747068677
New Caledonia,2008,42371.600000000006,5970.0,7.097420435510888
New Caledonia,2009,38735.3,5970.0,6.488324958123954
New Caledonia,2010,38823.65,5970.0,6.503123953098828
New Caledonia,2011,38102.52,5970.0,6.382331658291457
New Caledonia,2012,43327.67,5970.0,7.257566164154103
New Caledonia,2013,37161.6,5970.0,6.224723618090452
New Caledonia,2014,39362.84,5970.0,6.5934405360134
New Caledonia,2015,51541.32,5970.0,8.633386934673366
New Caledonia,2016,53355.14,5970.0,8.937209380234506
New Caledonia,2017,52984.229999999996,5970.0,8.875080402010049
New Caledonia,2018,55338.4,5970.0,9.269413735343385
New Caledonia,2019,54814.3,5970.0,9.181624790619766
New Caledonia,2020,55804.0,5970.0,9.347403685092127
New Caledonia,2021,49778.86,5970.0,8.338167504187604
New Caledonia,2022,44031.28,5970.0,7.37542378559464
New Zealand,2005,3470798.45,520000.0,6.6746124038461545
New Zealand,2006,3321245.9699999997,520000.0,6.38701148076923
New Zealand,2007,3581970.06,520000.0,6.888403961538462
New Zealand,2008,3760450.7,520000.0,7.231635961538462
New Zealand,2009,3902244.75,520000.0,7.504316826923077
New Zealand,2010,3787402.83,520000.0,7.283466980769231
New Zealand,2011,3815472.69,520000.0,7.337447480769231
New Zealand,2012,3989884.66,520000.0,7.672855115384616
New Zealand,2013,3948382.9699999997,520000.0,7.5930441730769225
New Zealand,2014,4149249.68,520000.0,7.979326307692308
New Zealand,2015,4057070.84,520000.0,7.802059307692307
New Zealand,2016,4191062.44,520000.0,8.05973546153846
New Zealand,2017,3801042.0,520000.0,7.309696153846154
New Zealand,2018,4057560.6,520000.0,7.803001153846154
New Zealand,2019,4237073.15,520000.0,8.148217596153847
New Zealand,2020,4328213.12,520000.0,8.323486769230769
New Zealand,2021,4290128.22,520000.0,8.250246576923077
New Zealand,2022,4139636.81,520000.0,7.960840019230769
Nicaragua,2005,5893077.069999999,1503000.0,3.9208762940785093
Nicaragua,2006,6422143.96,1503000.0,4.272883539587491
Nicaragua,2007,6430902.07,1503000.0,4.278710625415835
Nicaragua,2008,6213597.76,1503000.0,4.134130246174318
Nicaragua,2009,7178728.0600000005,1503000.0,4.776266174318031
Nicaragua,2010,6926885.500000001,1503000.0,4.608706254158351
Nicaragua,2011,7653107.069999999,1503000.0,5.0918876047904185
Nicaragua,2012,9238727.52,1503000.0,6.146857964071856
Nicaragua,2013,9305539.53,1503000.0,6.191310399201597
Nicaragua,2014,9390400.44,1503000.0,6.247771417165668
Nicaragua,2015,8897534.34,1503000.0,5.919849860279441
Nicaragua,2016,8916033.209999999,1503000.0,5.932157824351297
Nicaragua,2017,9996593.63,1503000.0,6.651093566200932
Nicaragua,2018,10240645.530000001,1503000.0,6.81347007984032
Nicaragua,2019,10077965.3,1503000.0,6.705233067198936
Nicaragua,2020,10190943.92,1503000.0,6.780401809713905
Nicaragua,2021,10167041.74,1503000.0,6.76449882900865
Nicaragua,2022,10763800.889999999,1503000.0,7.161544171656685
Niger,2005,5969829.13,17700000.0,0.3372784819209039
Niger,2006,6608269.34,17700000.0,0.37334855028248587
Niger,2007,6845273.38,17700000.0,0.38673860903954804
Niger,2008,8641736.41,17700000.0,0.488233695480226
Niger,2009,6401242.01,17700000.0,0.361652090960452
Niger,2010,9445658.39,17700000.0,0.5336530163841808
Niger,2011,7555323.46,17700000.0,0.4268544327683616
Niger,2012,9333303.15,17700000.0,0.5273052627118644
Niger,2013,9352075.7,17700000.0,0.5283658587570621
Niger,2014,10024347.33,17700000.0,0.566347306779661
Niger,2015,11335475.629999999,17700000.0,0.640422351977401
Niger,2016,12164262.98,17700000.0,0.6872464960451977
Niger,2017,12526412.66,17700000.0,0.7077069299435028
Niger,2018,13524472.23,17700000.0,0.7640944762711864
Niger,2019,13389909.4,17700000.0,0.7564920564971752
Niger,2020,14866885.86,17700000.0,0.8399370542372881
Niger,2021,11738115.1,17700000.0,0.6631703446327684
Niger,2022,17171031.9,17700000.0,0.9701147966101694
Nigeria,2005,147936177.32999998,36872000.0,4.012154950368843
Nigeria,2006,159237492.84,36872000.0,4.318656238880451
Nigeria,2007,147841799.82,36872000.0,4.009595352028639
Nigeria,2008,158028410.89,36872000.0,4.285864908060316
Nigeria,2009,135373490.66,36872000.0,3.671444203189412
Nigeria,2010,154935686.4,36872000.0,4.201987589498807
Nigeria,2011,147581848.96,36872000.0,4.0025452636146674
Nigeria,2012,159223152.04,36872000.0,4.318267304187459
Nigeria,2013,156104486.62,36872000.0,4.233686445541332
Nigeria,2014,178491819.95,36872000.0,4.840849966098936
Nigeria,2015,183360417.81,36872000.0,4.97289048085268
Nigeria,2016,198155041.17000002,36872000.0,5.3741332493491
Nigeria,2017,201618160.32999998,36872000.0,5.468055986385332
Nigeria,2018,214180213.7,36872000.0,5.8087495579301365
Nigeria,2019,206120899.13,36872000.0,5.5901740922651335
Nigeria,2020,208757325.1,36872000.0,5.661676206877847
Nigeria,2021,218655361.0,36872000.0,5.930119358863094
Nigeria,2022,224451231.26000002,36872000.0,6.087308289759167
North Macedonia,2005,1912338.37,416000.0,4.5969672355769235
North Macedonia,2006,1886762.91,416000.0,4.535487764423077
North Macedonia,2007,1736306.8,416000.0,4.173814423076923
North Macedonia,2008,1976078.25,416000.0,4.750188100961538
North Macedonia,2009,2011905.23,416000.0,4.836310649038461
North Macedonia,2010,2062187.56,416000.0,4.9571816346153845
North Macedonia,2011,2019325.72,416000.0,4.854148365384615
North Macedonia,2012,1879496.42,416000.0,4.518020240384615
North Macedonia,2013,2037913.74,416000.0,4.898831105769231
North Macedonia,2014,2092257.42,416000.0,5.029464951923077
North Macedonia,2015,2180905.24,416000.0,5.242560673076923
North Macedonia,2016,2272006.14,416000.0,5.461553221153847
North Macedonia,2017,1782362.0,416000.0,4.284524038461538
North Macedonia,2018,2199150.12,416000.0,5.286418557692308
North Macedonia,2019,2065100.72,416000.0,4.964184423076923
North Macedonia,2020,2183316.85,416000.0,5.2483578125
North Macedonia,2021,2075175.25,416000.0,4.988402043269231
North Macedonia,2022,2177577.49,416000.0,5.234561274038462
Norway,2005,1834496.0,803000.0,2.2845529265255293
Norway,2006,1766213.0,803000.0,2.1995180572851805
Norway,2007,1744012.0,803000.0,2.171870485678705
Norway,2008,2022565.0,803000.0,2.518760896637609
Norway,2009,1617975.0,803000.0,2.014912826899128
Norway,2010,1751467.0,803000.0,2.181154420921544
Norway,2011,1516744.0,803000.0,1.8888468244084682
Norway,2012,1594712.0,803000.0,1.985942714819427
Norway,2013,1489635.0,803000.0,1.8550871731008718
Norway,2014,1829109.0,803000.0,2.2778443337484435
Norway,2015,1894476.0,803000.0,2.3592478206724783
Norway,2016,1924692.0,803000.0,2.3968767123287673
Norway,2017,1862685.0,803000.0,2.3196575342465753
Norway,2018,1289296.0,803000.0,1.60559900373599
Norway,2019,1878360.0,803000.0,2.339178082191781
Norway,2020,1919622.1099999999,803000.0,2.39056302615193
Norway,2021,1802458.63,803000.0,2.244655828144458
Norway,2022,1934867.55,803000.0,2.409548630136986
Oman,2005,542082.9299999999,87130.0,6.221541719270055
Oman,2006,538908.05,87130.0,6.185103293928613
Oman,2007,568843.64,87130.0,6.528677149087571
Oman,2008,601127.31,87130.0,6.899200160679445
Oman,2009,678329.6799999999,87130.0,7.785259726844943
Oman,2010,765438.5800000001,87130.0,8.785017559967866
Oman,2011,732707.34,87130.0,8.409357741306094
Oman,2012,738246.28,87130.0,8.472928727189258
Oman,2013,718383.7200000001,87130.0,8.244964076667051
Oman,2014,727663.49,87130.0,8.3514689544359
Oman,2015,868219.34,87130.0,9.964642947320096
Oman,2016,885547.84,87130.0,10.163523929760128
Oman,2017,1332853.0,87130.0,15.29729140364972
Oman,2018,1351554.0,87130.0,15.511924710203145
Oman,2019,1368869.0,87130.0,15.710650751750258
Oman,2020,1837419.0,87130.0,21.088247446344543
Oman,2021,1691428.83,87130.0,19.41270320211179
Oman,2022,1847856.0,87130.0,21.20803397222541
Pakistan,2005,102958862.85,30260000.0,3.4024739871116982
Pakistan,2006,99381236.33,30260000.0,3.2842444259748844
Pakistan,2007,112320884.50999999,30260000.0,3.7118600300727027
Pakistan,2008,122827346.4,30260000.0,4.0590663053536025
Pakistan,2009,111959176.03,30260000.0,3.6999066764705884
Pakistan,2010,107079264.31,30260000.0,3.538640591870456
Pakistan,2011,119105768.9,30260000.0,3.9360796067415733
Pakistan,2012,118352198.44,30260000.0,3.9111764190350296
Pakistan,2013,131804238.16,30260000.0,4.355724988764045
Pakistan,2014,128465711.36,30260000.0,4.245396938532717
Pakistan,2015,129427043.23,30260000.0,4.277166002313285
Pakistan,2016,141435687.75,30260000.0,4.674014796761401
Pakistan,2017,151653830.65,30260000.0,5.011693015532056
Pakistan,2018,134696479.64,30260000.0,4.451304680766688
Pakistan,2019,136155352.46,30260000.0,4.499515943820225
Pakistan,2020,153702359.38,30260000.0,5.0793905941837405
Pakistan,2021,168493204.55,30260000.0,5.568182569398546
Pakistan,2022,164892400.53,30260000.0,5.44918706311963
Palestine,2005,1032380.19,41900.0,24.63914534606205
Palestine,2006,1134217.75,41900.0,27.069636038186157
Palestine,2007,1046819.8300000001,41900.0,24.983766825775657
Palestine,2008,1125605.29,41900.0,26.864088066825776
Palestine,2009,941783.3,41900.0,22.476928400954655
Palestine,2010,725372.55,41900.0,17.31199403341289
Palestine,2011,842641.53,41900.0,20.110776372315037
Palestine,2012,890606.11,41900.0,21.255515751789975
Palestine,2013,1010322.9500000001,41900.0,24.11271957040573
Palestine,2014,818912.41,41900.0,19.544448926014322
Palestine,2015,618102.99,41900.0,14.751861336515512
Palestine,2016,864114.89,41900.0,20.62326706443914
Palestine,2017,876481.38,41900.0,20.918410023866347
Palestine,2018,990643.5,41900.0,23.64304295942721
Palestine,2019,906335.6799999999,41900.0,21.630923150357994
Palestine,2020,990867.22,41900.0,23.64838233890215
Palestine,2021,1270264.1400000001,41900.0,30.316566587112174
Palestine,2022,1167927.26,41900.0,27.87415894988067
Panama,2005,3219293.72,565000.0,5.697864991150443
Panama,2006,3369786.84,565000.0,5.964224495575221
Panama,2007,3481013.16,565000.0,6.161085238938053
Panama,2008,3342031.26,565000.0,5.915099575221238
Panama,2009,3139726.4499999997,565000.0,5.557037964601769
Panama,2010,3163090.5,565000.0,5.598390265486725
Panama,2011,3447076.2699999996,565000.0,6.101019946902654
Panama,2012,3481916.07,565000.0,6.162683309734513
Panama,2013,3562107.21,565000.0,6.304614530973451
Panama,2014,3776106.21,565000.0,6.683373823008849
Panama,2015,3624696.5500000003,565000.0,6.415392123893806
Panama,2016,3725044.6,565000.0,6.592999292035398
Panama,2017,3779657.9899999998,565000.0,6.689660159292035
Panama,2018,4164276.33,565000.0,7.370400584070796
Panama,2019,4133530.5799999996,565000.0,7.315983327433628
Panama,2020,4373978.81,565000.0,7.741555415929203
Panama,2021,4154366.22,565000.0,7.352860566371682
Panama,2022,3618452.92,565000.0,6.404341451327434
Papua New Guinea,2005,6377237.65,330000.0,19.324962575757578
Papua New Guinea,2006,6479650.05,330000.0,19.63530318181818
Papua New Guinea,2007,7405358.84,330000.0,22.440481333333334
Papua New Guinea,2008,7598368.0,330000.0,23.025357575757575
Papua New Guinea,2009,7700208.37,330000.0,23.333964757575757
Papua New Guinea,2010,7908774.21,330000.0,23.965982454545454
Papua New Guinea,2011,8215654.02,330000.0,24.89592127272727
Papua New Guinea,2012,8341615.07,330000.0,25.277621424242426
Papua New Guinea,2013,8495679.02,330000.0,25.744481878787877
Papua New Guinea,2014,9437377.19,330000.0,28.598112696969697
Papua New Guinea,2015,9615189.24,330000.0,29.136937090909093
Papua New Guinea,2016,9754163.86,330000.0,29.5580723030303
Papua New Guinea,2017,9777524.17,330000.0,29.628861121212122
Papua New Guinea,2018,9868098.99,330000.0,29.903330272727274
Papua New Guinea,2019,10076131.45,330000.0,30.533731666666664
Papua New Guinea,2020,9673943.110000001,330000.0,29.314979121212126
Papua New Guinea,2021,9948461.49,330000.0,30.146853
Papua New Guinea,2022,10110048.129999999,330000.0,30.63650948484848
Paraguay,2005,15328055.32,4561000.0,3.360678649418987
Paraguay,2006,16070396.91,4561000.0,3.5234371650953737
Paraguay,2007,19705201.31,4561000.0,4.320368627493971
Paraguay,2008,18619072.240000002,4561000.0,4.082234650295988
Paraguay,2009,15991818.06,4561000.0,3.5062087393115546
Paraguay,2010,21922371.31,4561000.0,4.806483514580136
Paraguay,2011,23032849.56,4561000.0,5.04995605349704
Paraguay,2012,16831899.48,4561000.0,3.6903967287875465
Paraguay,2013,25299233.259999998,4561000.0,5.546861052400788
Paraguay,2014,25937548.17,4561000.0,5.686811701381276
Paraguay,2015,27415457.400000002,4561000.0,6.0108435430826574
Paraguay,2016,27861163.48,4561000.0,6.108564674413506
Paraguay,2017,29037173.88,4561000.0,6.366405147993861
Paraguay,2018,29077209.62,4561000.0,6.3751829905722435
Paraguay,2019,27403340.17,4561000.0,6.008186838412629
Paraguay,2020,31833798.49,4561000.0,6.9795655536066645
Paraguay,2021,29049252.689999998,4561000.0,6.369053429072571
Paraguay,2022,20537083.97,4561000.0,4.502759037491778
Peru,2005,22570028.37,3918431.0,5.759965754150067
Peru,2006,23817097.1,3918431.0,6.078222916264189
Peru,2007,25043296.73,3918431.0,6.3911541966669825
Peru,2008,27478675.48,3918431.0,7.012673052045576
Peru,2009,29373654.36,3918431.0,7.496279597624661
Peru,2010,30078474.95,3918431.0,7.676152763695469
Peru,2011,31807634.91,3918431.0,8.11744162650816
Peru,2012,33628006.95,3918431.0,8.582008194096057
Peru,2013,35395396.77,3918431.0,9.0330534772719
Peru,2014,35750162.71,3918431.0,9.123591230775787
Peru,2015,32691688.88,3918431.0,8.34305590171168
Peru,2016,35139046.43,3918431.0,8.967631797012631
Peru,2017,33728859.44,3918431.0,8.607746171873384
Peru,2018,36073305.32,3918431.0,9.206058578037995
Peru,2019,38027781.49,3918431.0,9.704849081175604
Peru,2020,37960598.75,3918431.0,9.687703764593532
Peru,2021,38827336.64,3918431.0,9.90889890366833
Peru,2022,39361398.03,3918431.0,10.045193606828857
Philippines,2005,79591479.25,5590000.0,14.238189490161002
Philippines,2006,82991709.68,5590000.0,14.846459692307693
Philippines,2007,84263519.48,5590000.0,15.073974862254026
Philippines,2008,91361809.28,5590000.0,16.34379414669052
Philippines,2009,88073008.76,5590000.0,15.755457738819322
Philippines,2010,82101794.46,5590000.0,14.687261978533094
Philippines,2011,94077660.5,5590000.0,16.829635152057246
Philippines,2012,94963308.17,5590000.0,16.988069440071556
Philippines,2013,92667930.43,5590000.0,16.577447304114493
Philippines,2014,94016275.39,5590000.0,16.81865391592129
Philippines,2015,91373814.52,5590000.0,16.345941774597495
Philippines,2016,88747671.16,5590000.0,15.876148686940965
Philippines,2017,98746262.55,5590000.0,17.664805465116277
Philippines,2018,94761538.96,5590000.0,16.95197476923077
Philippines,2019,90657727.53,5590000.0,16.217840345259393
Philippines,2020,94559446.34,5590000.0,16.915822243291593
Philippines,2021,97673082.4,5590000.0,17.472823327370307
Philippines,2022,94644206.27,5590000.0,16.930985021466906
Poland,2005,59231550.16,11202000.0,5.2875870523120865
Poland,2006,52726379.87,11202000.0,4.706871975540082
Poland,2007,61571802.51,11202000.0,5.496500848955543
Poland,2008,58390728.75,11202000.0,5.212527115693626
Poland,2009,62576722.03,11202000.0,5.586209786645242
Poland,2010,56045074.17,11202000.0,5.003131063203
Poland,2011,59198395.91,11202000.0,5.284627379932155
Poland,2012,61834373.79,11202000.0,5.51994052758436
Poland,2013,59350415.33,11202000.0,5.298198119085877
Poland,2014,66990585.69,11202000.0,5.980234394750937
Poland,2015,56289092.09,11202000.0,5.024914487591502
Poland,2016,65550058.9,11202000.0,5.851638894840207
Poland,2017,69337588.6,11202000.0,6.189750812354936
Poland,2018,60237500.0,11202000.0,5.377387966434565
Poland,2019,59851530.0,11202000.0,5.342932512051419
Poland,2020,70568790.0,11202000.0,6.299659882163899
Poland,2021,69809740.0,11202000.0,6.231899660774862
Poland,2022,69690220.0,11202000.0,6.221230137475451
Portugal,2005,6469682.63,927262.8,6.977183415532252
Portugal,2006,6749368.19,927262.8,7.278808327046011
Portugal,2007,6415748.31,927262.8,6.9190183300785915
Portugal,2008,6487902.6,927262.8,6.996832613149151
Portugal,2009,6497866.2,927262.8,7.007577787009249
Portugal,2010,6493953.08,927262.8,7.003357710457057
Portugal,2011,5903744.84,927262.8,6.366851813746869
Portugal,2012,5950453.67,927262.8,6.417224620679272
Portugal,2013,6408312.91,927262.8,6.91099967560437
Portugal,2014,6613954.26,927262.8,7.132772133207543
Portugal,2015,7284136.6899999995,927262.8,7.855525628764574
Portugal,2016,6502934.52,927262.8,7.013043680820582
Portugal,2017,7291467.72,927262.8,7.86343172615142
Portugal,2018,6239120.0,927262.8,6.728534779999801
Portugal,2019,6942160.0,927262.8,7.4867232892336455
Portugal,2020,6610976.0,927262.8,7.12956024980189
Portugal,2021,8152880.0,927262.8,8.792415699195525
Portugal,2022,6640210.0,927262.8,7.1610874500734845
Puerto Rico,2005,267352.02,50200.0,5.325737450199203
Puerto Rico,2006,286120.66,50200.0,5.699614741035856
Puerto Rico,2007,289852.14,50200.0,5.773947011952192
Puerto Rico,2008,296520.79,50200.0,5.9067886454183265
Puerto Rico,2009,300446.11,50200.0,5.984982270916334
Puerto Rico,2010,311526.07,50200.0,6.205698605577689
Puerto Rico,2011,308757.39,50200.0,6.150545617529881
Puerto Rico,2012,414734.04,50200.0,8.261634262948206
Puerto Rico,2013,300347.96,50200.0,5.983027091633467
Puerto Rico,2014,236547.17,50200.0,4.712095019920319
Puerto Rico,2015,273795.68,50200.0,5.4540972111553785
Puerto Rico,2016,298402.29,50200.0,5.944268725099601
Puerto Rico,2017,302801.5,50200.0,6.031902390438247
Puerto Rico,2018,294272.68,50200.0,5.862005577689243
Puerto Rico,2019,313671.07,50200.0,6.248427689243028
Puerto Rico,2020,323538.12,50200.0,6.4449824701195215
Puerto Rico,2021,332581.66,50200.0,6.625132669322709
Puerto Rico,2022,379026.27,50200.0,7.550324103585658
Qatar,2005,48414.22,21000.0,2.3054390476190476
Qatar,2006,64742.41,21000.0,3.082971904761905
Qatar,2007,76981.4,21000.0,3.665780952380952
Qatar,2008,66149.73,21000.0,3.149987142857143
Qatar,2009,62214.37,21000.0,2.9625890476190477
Qatar,2010,68784.69,21000.0,3.2754614285714285
Qatar,2011,67325.51,21000.0,3.2059766666666665
Qatar,2012,66106.29000000001,21000.0,3.147918571428572
Qatar,2013,77753.32,21000.0,3.702539047619048
Qatar,2014,80110.24,21000.0,3.8147733333333336
Qatar,2015,78354.51,21000.0,3.7311671428571427
Qatar,2016,76891.62,21000.0,3.661505714285714
Qatar,2017,79722.91,21000.0,3.796329047619048
Qatar,2018,102941.47,21000.0,4.901974761904762
Qatar,2019,114931.98,21000.0,5.472951428571428
Qatar,2020,123923.42,21000.0,5.901115238095238
Qatar,2021,135227.82,21000.0,6.43942
Qatar,2022,130094.29,21000.0,6.19496619047619
Republic of Korea,2005,22052467.17,1456000.0,15.14592525412088
Republic of Korea,2006,21818351.810000002,1456000.0,14.985131737637364
Republic of Korea,2007,21143244.05,1456000.0,14.521458825549452
Republic of Korea,2008,22208407.94,1456000.0,15.253027431318682
Republic of Korea,2009,22009335.22,1456000.0,15.116301662087912
Republic of Korea,2010,20149620.55,1456000.0,13.839025103021978
Republic of Korea,2011,20468911.59,1456000.0,14.058318399725275
Republic of Korea,2012,19562847.41,1456000.0,13.436021572802199
Republic of Korea,2013,20048040.28,1456000.0,13.769258434065934
Republic of Korea,2014,21307577.56,1456000.0,14.634325247252747
Republic of Korea,2015,19712496.97,1456000.0,13.538802864010988
Republic of Korea,2016,19413517.65,1456000.0,13.333459924450548
Republic of Korea,2017,19445457.41,1456000.0,13.355396572802197
Republic of Korea,2018,19716274.18,1456000.0,13.541397101648352
Republic of Korea,2019,19342958.48,1456000.0,13.284998956043957
Republic of Korea,2020,18357929.53,1456000.0,12.608468083791209
Republic of Korea,2021,19310344.79,1456000.0,13.262599443681317
Republic of Korea,2022,18688991.34,1456000.0,12.83584570054945
Republic of Moldova,2005,5956505.34,1871000.0,3.183594516301443
Republic of Moldova,2006,5677324.6899999995,1871000.0,3.034379845002672
Republic of Moldova,2007,4029317.85,1871000.0,2.153563789417424
Republic of Moldova,2008,6383126.1,1871000.0,3.4116120256547298
Republic of Moldova,2009,4585112.0,1871000.0,2.4506210582576164
Republic of Moldova,2010,5334806.0,1871000.0,2.8513126670229823
Republic of Moldova,2011,5434669.0,1871000.0,2.904686798503474
Republic of Moldova,2012,3555912.0,1871000.0,1.9005408872260823
Republic of Moldova,2013,5948196.0,1871000.0,3.1791533939070016
Republic of Moldova,2014,6734757.0,1871000.0,3.599549438802779
Republic of Moldova,2015,4808026.8,1871000.0,2.569763121325494
Republic of Moldova,2016,6204781.9,1871000.0,3.3162917691074294
Republic of Moldova,2017,7054707.359999999,1871000.0,3.770554441475147
Republic of Moldova,2018,7229767.76,1871000.0,3.864119593800107
Republic of Moldova,2019,7136289.14,1871000.0,3.814157744521646
Republic of Moldova,2020,4054649.22,1871000.0,2.167102736504543
Republic of Moldova,2021,8403853.04,1871000.0,4.491637113842864
Republic of Moldova,2022,4635597.99,1871000.0,2.4776044842330305
Romania,2005,31539871.68,8407000.0,3.751620278339479
Romania,2006,29655190.49,8407000.0,3.5274402866658736
Romania,2007,18486155.55,8407000.0,2.19890038658261
Romania,2008,29252506.78,8407000.0,3.4795416652789344
Romania,2009,27788396.1,8407000.0,3.305387902938028
Romania,2010,29359633.64,8407000.0,3.4922842440823123
Romania,2011,34949328.08,8407000.0,4.157169986915665
Romania,2012,23222697.92,8407000.0,2.762304974426074
Romania,2013,34584188.71,8407000.0,4.113737208278815
Romania,2014,36482586.19,8407000.0,4.33954873200904
Romania,2015,31894924.71,8407000.0,3.7938533020102296
Romania,2016,34573217.26,8407000.0,4.112432170810039
Romania,2017,42552611.18,8407000.0,5.061569071012252
Romania,2018,46437320.0,8407000.0,5.523649339835851
Romania,2019,43800870.0,8407000.0,5.210047579398121
Romania,2020,28619820.0,8407000.0,3.404284524800761
Romania,2021,39728240.0,8407000.0,4.725614368978232
Romania,2022,27886890.0,8407000.0,3.3171036041394077
Russian Federation,2005,151397287.5,121649000.0,1.2445419814384007
Russian Federation,2006,161589765.28,121649000.0,1.3283279375909378
Russian Federation,2007,161406613.07999998,121649000.0,1.326822358424648
Russian Federation,2008,192154981.01999998,121649000.0,1.5795853728349594
Russian Federation,2009,179367722.05,121649000.0,1.4744693507550413
Russian Federation,2010,127685581.50999999,121649000.0,1.049622943961726
Russian Federation,2011,206083956.29,121649000.0,1.6940867273056086
Russian Federation,2012,175198518.15,121649000.0,1.4401969448988483
Russian Federation,2013,194635101.47,121649000.0,1.5999728848572532
Russian Federation,2014,203729762.82999998,121649000.0,1.6747343819513516
Russian Federation,2015,212665181.11,121649000.0,1.7481868417331834
Russian Federation,2016,229663068.41,121649000.0,1.8879157938823994
Russian Federation,2017,244495574.97,121649000.0,2.0098445114222065
Russian Federation,2018,216974254.09,121649000.0,1.7836090234198392
Russian Federation,2019,240591655.4,121649000.0,1.9777528413714869
Russian Federation,2020,228145390.93,121649000.0,1.8754399208378203
Russian Federation,2021,225488224.36,121649000.0,1.8535970238966206
Russian Federation,2022,274683438.79,121649000.0,2.257999973612607
Rwanda,2005,7028367.59,1159071.0,6.063793840066743
Rwanda,2006,6993842.88,1159071.0,6.034007304125459
Rwanda,2007,6917034.21,1159071.0,5.967739862355283
Rwanda,2008,6974308.33,1159071.0,6.017153677384734
Rwanda,2009,8063029.18,1159071.0,6.9564583877950525
Rwanda,2010,8713420.19,1159071.0,7.517589681736494
Rwanda,2011,9473730.18,1159071.0,8.173554665762493
Rwanda,2012,10042217.2,1159071.0,8.664022480072402
Rwanda,2013,9101041.04,1159071.0,7.852013414191192
Rwanda,2014,6514684.75,1159071.0,5.620608875556372
Rwanda,2015,6683789.95,1159071.0,5.7665060639080785
Rwanda,2016,6808129.08,1159071.0,5.873780881412786
Rwanda,2017,7199572.59,1159071.0,6.211502651692605
Rwanda,2018,7575432.25,1159071.0,6.5357793008366185
Rwanda,2019,7864178.73,1159071.0,6.78489819001597
Rwanda,2020,8035046.15,1159071.0,6.932315751148981
Rwanda,2021,8482229.41,1159071.0,7.318127543524081
Rwanda,2022,8575157.23,1159071.0,7.398301941813746
Saint Kitts and Nevis,2005,104452.0,5000.0,20.8904
Saint Kitts and Nevis,2006,4555.0,5000.0,0.911
Saint Kitts and Nevis,2007,4940.0,5000.0,0.988
Saint Kitts and Nevis,2008,5285.0,5000.0,1.057
Saint Kitts and Nevis,2009,4994.12,5000.0,0.9988239999999999
Saint Kitts and Nevis,2010,4891.87,5000.0,0.978374
Saint Kitts and Nevis,2011,7455.35,5000.0,1.4910700000000001
Saint Kitts and Nevis,2012,6553.46,5000.0,1.310692
Saint Kitts and Nevis,2013,6568.01,5000.0,1.313602
Saint Kitts and Nevis,2014,6209.67,5000.0,1.241934
Saint Kitts and Nevis,2015,6044.82,5000.0,1.208964
Saint Kitts and Nevis,2016,6558.91,5000.0,1.311782
Saint Kitts and Nevis,2017,6757.12,5000.0,1.351424
Saint Kitts and Nevis,2018,6742.21,5000.0,1.348442
Saint Kitts and Nevis,2019,7513.92,5000.0,1.5027840000000001
Saint Kitts and Nevis,2020,7220.1,5000.0,1.44402
Saint Kitts and Nevis,2021,7409.56,5000.0,1.4819120000000001
Saint Kitts and Nevis,2022,6951.05,5000.0,1.39021
Saint Lucia,2005,58408.46,2670.0,21.875827715355804
Saint Lucia,2006,66352.62,2670.0,24.85116853932584
Saint Lucia,2007,63049.02,2670.0,23.613865168539323
Saint Lucia,2008,76575.41,2670.0,28.679928838951312
Saint Lucia,2009,71453.07,2670.0,26.76144943820225
Saint Lucia,2010,52652.86,2670.0,19.720172284644196
Saint Lucia,2011,53559.83,2670.0,20.059861423220976
Saint Lucia,2012,44633.93,2670.0,16.716827715355805
Saint Lucia,2013,48841.85,2670.0,18.292827715355806
Saint Lucia,2014,48376.619999999995,2670.0,18.118584269662918
Saint Lucia,2015,47659.67,2670.0,17.850063670411984
Saint Lucia,2016,46119.05,2670.0,17.27305243445693
Saint Lucia,2017,48528.35,2670.0,18.175411985018727
Saint Lucia,2018,50798.7,2670.0,19.025730337078652
Saint Lucia,2019,49177.53,2670.0,18.41855056179775
Saint Lucia,2020,40833.97,2670.0,15.293621722846442
Saint Lucia,2021,38083.35,2670.0,14.263426966292135
Saint Lucia,2022,41529.270000000004,2670.0,15.55403370786517
Saint Vincent and the Grenadines,2005,90986.78,2000.0,45.49339
Saint Vincent and the Grenadines,2006,92865.91,2000.0,46.432955
Saint Vincent and the Grenadines,2007,95265.0,2000.0,47.6325
Saint Vincent and the Grenadines,2008,94655.45999999999,2000.0,47.327729999999995
Saint Vincent and the Grenadines,2009,97675.70999999999,2000.0,48.837855
Saint Vincent and the Grenadines,2010,93343.22,2000.0,46.67161
Saint Vincent and the Grenadines,2011,98353.89,2000.0,49.176944999999996
Saint Vincent and the Grenadines,2012,97536.01999999999,2000.0,48.76801
Saint Vincent and the Grenadines,2013,96596.46,2000.0,48.298230000000004
Saint Vincent and the Grenadines,2014,102235.83,2000.0,51.117915
Saint Vincent and the Grenadines,2015,99977.09,2000.0,49.988544999999995
Saint Vincent and the Grenadines,2016,97248.81,2000.0,48.624404999999996
Saint Vincent and the Grenadines,2017,98879.92,2000.0,49.43996
Saint Vincent and the Grenadines,2018,99933.75,2000.0,49.966875
Saint Vincent and the Grenadines,2019,100531.77,2000.0,50.265885000000004
Saint Vincent and the Grenadines,2020,100777.8,2000.0,50.3889
Saint Vincent and the Grenadines,2021,88341.98999999999,2000.0,44.170995
Saint Vincent and the Grenadines,2022,86745.53,2000.0,43.372765
Samoa,2005,225354.91,10710.0,21.041541549953315
Samoa,2006,224615.25999999998,10710.0,20.972479925303453
Samoa,2007,215867.66,10710.0,20.155710550887022
Samoa,2008,227690.44,10710.0,21.25961157796452
Samoa,2009,247649.77,10710.0,23.123227824463118
Samoa,2010,248614.84999999998,10710.0,23.213338001867413
Samoa,2011,258832.63999999998,10710.0,24.167380018674134
Samoa,2012,259528.28,10710.0,24.232332399626518
Samoa,2013,261598.31,10710.0,24.425612511671336
Samoa,2014,259009.52,10710.0,24.1838954248366
Samoa,2015,133435.91,10710.0,12.459001867413633
Samoa,2016,130145.98000000001,10710.0,12.151818860877686
Samoa,2017,143369.62,10710.0,13.386519140989728
Samoa,2018,141060.22999999998,10710.0,13.170889822595703
Samoa,2019,132187.88999999998,10710.0,12.34247338935574
Samoa,2020,136991.68,10710.0,12.791006535947712
Samoa,2021,134172.07,10710.0,12.527737628384688
Samoa,2022,132920.32,10710.0,12.410860877684408
Sao Tome and Principe,2005,115465.1,4000.0,28.866275
Sao Tome and Principe,2006,115334.33,4000.0,28.833582500000002
Sao Tome and Principe,2007,109821.32,4000.0,27.45533
Sao Tome and Principe,2008,109587.76,4000.0,27.396939999999997
Sao Tome and Principe,2009,110885.83,4000.0,27.7214575
Sao Tome and Principe,2010,105600.79000000001,4000.0,26.4001975
Sao Tome and Principe,2011,104142.99,4000.0,26.035747500000003
Sao Tome and Principe,2012,108437.73,4000.0,27.1094325
Sao Tome and Principe,2013,121693.29,4000.0,30.423322499999998
Sao Tome and Principe,2014,119772.89000000001,4000.0,29.943222500000005
Sao Tome and Principe,2015,105105.16,4000.0,26.27629
Sao Tome and Principe,2016,90266.67,4000.0,22.5666675
Sao Tome and Principe,2017,94651.81,4000.0,23.6629525
Sao Tome and Principe,2018,94129.8,4000.0,23.53245
Sao Tome and Principe,2019,95646.14,4000.0,23.911535
Sao Tome and Principe,2020,97560.45000000001,4000.0,24.390112500000004
Sao Tome and Principe,2021,99615.09999999999,4000.0,24.903775
Sao Tome and Principe,2022,105203.3,4000.0,26.300825
Saudi Arabia,2005,7020616.26,3430417.0,2.046578086570816
Saudi Arabia,2006,7036288.75,3430417.0,2.051146770203156
Saudi Arabia,2007,6946795.54,3430417.0,2.0250586269832502
Saudi Arabia,2008,6526865.62,3430417.0,1.9026449612394063
Saudi Arabia,2009,5617944.0,3430417.0,1.6376854475709512
Saudi Arabia,2010,5409439.43,3430417.0,1.5769043326219523
Saudi Arabia,2011,5363797.24,3430417.0,1.563599189253085
Saudi Arabia,2012,5041894.99,3430417.0,1.4697615450249926
Saudi Arabia,2013,4910475.26,3430417.0,1.431451412466764
Saudi Arabia,2014,4188611.33,3430417.0,1.2210210391331433
Saudi Arabia,2015,4795806.39,3430417.0,1.3980243189093338
Saudi Arabia,2016,4881080.24,3430417.0,1.4228824775530207
Saudi Arabia,2017,5521807.75,3430417.0,1.6096607934254057
Saudi Arabia,2018,5350919.17,3430417.0,1.5598451062946574
Saudi Arabia,2019,5632703.36,3430417.0,1.6419879449058234
Saudi Arabia,2020,6922954.61,3430417.0,2.0181087634535393
Saudi Arabia,2021,6222970.32,3430417.0,1.814056518493233
Saudi Arabia,2022,6680794.37,3430417.0,1.9475166925770249
Senegal,2005,4216941.78,3830000.0,1.10102918537859
Senegal,2006,3431520.89,3830000.0,0.8959584569190601
Senegal,2007,3273231.4,3830000.0,0.8546296083550914
Senegal,2008,5417524.19,3830000.0,1.414497177545692
Senegal,2009,5115106.56,3830000.0,1.335536960835509
Senegal,2010,5386857.21,3830000.0,1.406490133159269
Senegal,2011,3864153.07,3830000.0,1.0089172506527415
Senegal,2012,4548654.91,3830000.0,1.18763835770235
Senegal,2013,4292220.75,3830000.0,1.120684268929504
Senegal,2014,4505660.57,3830000.0,1.1764126814621412
Senegal,2015,6277520.220000001,3830000.0,1.639039221932115
Senegal,2016,6385635.43,3830000.0,1.6672677362924282
Senegal,2017,7892787.41,3830000.0,2.060780002610966
Senegal,2018,9514949.91,3830000.0,2.4843211253263706
Senegal,2019,9771920.68,3830000.0,2.551415321148825
Senegal,2020,11881344.67,3830000.0,3.102178765013055
Senegal,2021,11581839.3,3830000.0,3.0239789295039166
Senegal,2022,11307593.37,3830000.0,2.9523742480417754
Serbia,2006,16391664.0,2603000.0,6.297220130618517
Serbia,2007,13801333.82,2603000.0,5.302087522089896
Serbia,2008,15911177.98,2603000.0,6.112630802919708
Serbia,2009,16786463.83,2603000.0,6.448891213983864
Serbia,2010,17301385.990000002,2603000.0,6.646709946215905
Serbia,2011,16758337.16,2603000.0,6.438085731847868
Serbia,2012,12418993.11,2603000.0,4.7710307760276605
Serbia,2013,16920979.83,2603000.0,6.500568509412216
Serbia,2014,18413176.75,2603000.0,7.073828947368421
Serbia,2015,14912872.9,2603000.0,5.7291098348059935
Serbia,2016,18327424.43,2603000.0,7.040885297733384
Serbia,2017,13590285.870000001,2603000.0,5.221008786016136
Serbia,2018,17435616.56,2603000.0,6.698277587399154
Serbia,2019,17602106.09,2603000.0,6.762238221283135
Serbia,2020,18283079.94,2603000.0,7.023849381482905
Serbia,2021,16702724.14,2603000.0,6.416720760660776
Serbia,2022,14044229.04,2603000.0,5.3954010910487895
Seychelles,2005,9492.68,150.0,63.284533333333336
Seychelles,2006,9497.41,150.0,63.316066666666664
Seychelles,2007,9652.080000000002,150.0,64.34720000000002
Seychelles,2008,9703.77,150.0,64.6918
Seychelles,2009,9671.62,150.0,64.47746666666667
Seychelles,2010,9789.31,150.0,65.26206666666667
Seychelles,2011,10030.61,150.0,66.87073333333333
Seychelles,2012,9481.45,150.0,63.20966666666667
Seychelles,2013,9685.64,150.0,64.57093333333333
Seychelles,2014,9727.55,150.0,64.85033333333332
Seychelles,2015,11095.38,150.0,73.9692
Seychelles,2016,10959.460000000001,150.0,73.06306666666667
Seychelles,2017,10975.74,150.0,73.1716
Seychelles,2018,10992.59,150.0,73.28393333333334
Seychelles,2019,10989.039999999999,150.0,73.26026666666667
Seychelles,2020,10990.68,150.0,73.27120000000001
Seychelles,2021,11066.34,150.0,73.7756
Seychelles,2022,12265.92,150.0,81.7728
Sierra Leone,2005,3039035.67,1584000.0,1.918583125
Sierra Leone,2006,3722824.88,1584000.0,2.3502682323232325
Sierra Leone,2007,3622501.31,1584000.0,2.2869326452020204
Sierra Leone,2008,3844519.77,1584000.0,2.4270958143939394
Sierra Leone,2009,4990388.95,1584000.0,3.1504980744949496
Sierra Leone,2010,5673147.13,1584000.0,3.581532279040404
Sierra Leone,2011,6032876.18,1584000.0,3.8086339520202017
Sierra Leone,2012,6209842.74,1584000.0,3.9203552651515152
Sierra Leone,2013,6567053.6,1584000.0,4.145867171717171
Sierra Leone,2014,6298980.12,1584000.0,3.9766288636363636
Sierra Leone,2015,5645970.54,1584000.0,3.564375340909091
Sierra Leone,2016,5289861.97,1584000.0,3.3395593244949495
Sierra Leone,2017,4339314.06,1584000.0,2.739465946969697
Sierra Leone,2018,4642275.51,1584000.0,2.9307294886363633
Sierra Leone,2019,3540791.95,1584000.0,2.2353484532828283
Sierra Leone,2020,4513039.9,1584000.0,2.8491413510101014
Sierra Leone,2021,6846061.88,1584000.0,4.322008762626263
Sierra Leone,2022,6076253.600000001,1584000.0,3.8360186868686874
Singapore,2005,18995.559999999998,560.0,33.92064285714285
Singapore,2006,20849.1,560.0,37.230535714285715
Singapore,2007,19172.09,560.0,34.235875
Singapore,2008,19104.17,560.0,34.11458928571428
Singapore,2009,19561.010000000002,560.0,34.930375000000005
Singapore,2010,21965.18,560.0,39.22353571428572
Singapore,2011,23006.329999999998,560.0,41.08273214285714
Singapore,2012,24170.33,560.0,43.161303571428576
Singapore,2013,24555.579999999998,560.0,43.84925
Singapore,2014,25490.84,560.0,45.519357142857146
Singapore,2015,25869.77,560.0,46.196017857142856
Singapore,2016,25318.170000000002,560.0,45.21101785714286
Singapore,2017,25488.98,560.0,45.516035714285714
Singapore,2018,26853.36,560.0,47.95242857142857
Singapore,2019,27134.34,560.0,48.45417857142857
Singapore,2020,25599.6,560.0,45.71357142857143
Singapore,2021,26329.019999999997,560.0,47.01610714285714
Singapore,2022,22683.920000000002,560.0,40.507000000000005
Slovakia,2005,6636144.7,1307000.0,5.077386916602908
Slovakia,2006,5616703.99,1307000.0,4.297401675592961
Slovakia,2007,4861887.7,1307000.0,3.7198834736036726
Slovakia,2008,6216095.52,1307000.0,4.756002693190513
Slovakia,2009,5510830.640000001,1307000.0,4.216396817138485
Slovakia,2010,4556108.21,1307000.0,3.4859282402448355
Slovakia,2011,6028213.64,1307000.0,4.6122522111706195
Slovakia,2012,4754723.14,1307000.0,3.637890696250956
Slovakia,2013,5534115.17,1307000.0,4.234212065799541
Slovakia,2014,7393548.5,1307000.0,5.656884850803366
Slovakia,2015,5943438.6899999995,1307000.0,4.547389969395562
Slovakia,2016,7515489.5,1307000.0,5.75018324407039
Slovakia,2017,5847876.53,1307000.0,4.474274315225708
Slovakia,2018,6532140.0,1307000.0,4.997811782708493
Slovakia,2019,6440640.0,1307000.0,4.927804131599082
Slovakia,2020,6962340.0,1307000.0,5.326962509563887
Slovakia,2021,6846880.0,1307000.0,5.238622800306044
Slovakia,2022,5582940.0,1307000.0,4.271568477429227
Slovenia,2005,1381963.09,178890.0,7.725211526636481
Slovenia,2006,1238622.1300000001,178890.0,6.923931633965007
Slovenia,2007,1039495.13,178890.0,5.810806249650623
Slovenia,2008,1024667.6799999999,178890.0,5.72792039800995
Slovenia,2009,994359.38,178890.0,5.558496170831237
Slovenia,2010,1021856.48,178890.0,5.712205713007994
Slovenia,2011,1062810.33,178890.0,5.941138856280396
Slovenia,2012,923209.63,178890.0,5.160767119458885
Slovenia,2013,834734.4299999999,178890.0,4.666188328022807
Slovenia,2014,1073345.51,178890.0,6.000030801050925
Slovenia,2015,1104335.71,178890.0,6.173266867907652
Slovenia,2016,1051604.53,178890.0,5.8784981273408246
Slovenia,2017,948108.86,178890.0,5.299954497177036
Slovenia,2018,1027622.0,178890.0,5.7444351277321255
Slovenia,2019,1034690.0,178890.0,5.783945441332663
Slovenia,2020,1190414.0,178890.0,6.654446866789647
Slovenia,2021,1019047.0,178890.0,5.69650064285315
Slovenia,2022,894629.0,178890.0,5.001000614903013
Solomon Islands,2005,718490.9299999999,23000.0,31.238736086956518
Solomon Islands,2006,756073.25,23000.0,32.87275
Solomon Islands,2007,804578.2,23000.0,34.98166086956522
Solomon Islands,2008,835919.39,23000.0,36.34432130434783
Solomon Islands,2009,798973.54,23000.0,34.73798
Solomon Islands,2010,541944.99,23000.0,23.562825652173913
Solomon Islands,2011,544543.39,23000.0,23.675799565217392
Solomon Islands,2012,589973.75,23000.0,25.65103260869565
Solomon Islands,2013,600574.16,23000.0,26.11192
Solomon Islands,2014,619034.3,23000.0,26.914534782608698
Solomon Islands,2015,633181.81,23000.0,27.52964391304348
Solomon Islands,2016,595655.52,23000.0,25.898066086956522
Solomon Islands,2017,617921.63,23000.0,26.86615782608696
Solomon Islands,2018,620589.37,23000.0,26.98214652173913
Solomon Islands,2019,540463.97,23000.0,23.498433478260868
Solomon Islands,2020,563380.62,23000.0,24.49480956521739
Solomon Islands,2021,623612.05,23000.0,27.11356739130435
Solomon Islands,2022,622574.16,23000.0,27.068441739130435
Somalia,2005,961436.05,1100000.0,0.8740327727272728
Somalia,2006,904242.71,1100000.0,0.8220388272727273
Somalia,2007,843260.0,1100000.0,0.7666
Somalia,2008,883244.04,1100000.0,0.8029491272727273
Somalia,2009,916536.16,1100000.0,0.833214690909091
Somalia,2010,1053459.05,1100000.0,0.9576900454545455
Somalia,2011,810043.84,1100000.0,0.7364034909090909
Somalia,2012,1079414.32,1100000.0,0.9812857454545455
Somalia,2013,1072812.95,1100000.0,0.9752845
Somalia,2014,960504.5700000001,1100000.0,0.8731859727272728
Somalia,2015,980538.2,1100000.0,0.8913983636363636
Somalia,2016,847146.95,1100000.0,0.7701335909090908
Somalia,2017,899591.6,1100000.0,0.8178105454545455
Somalia,2018,967126.57,1100000.0,0.8792059727272726
Somalia,2019,928234.74,1100000.0,0.8438497636363637
Somalia,2020,876024.11,1100000.0,0.7963855545454546
Somalia,2021,836128.32,1100000.0,0.7601166545454545
Somalia,2022,898189.8099999999,1100000.0,0.8165361909090909
South Africa,2005,46329808.57,12000000.0,3.8608173808333333
South Africa,2006,40768092.26,12000000.0,3.3973410216666666
South Africa,2007,40136755.15,12000000.0,3.3447295958333334
South Africa,2008,46843280.59,12000000.0,3.903606715833334
South Africa,2009,45215021.03,12000000.0,3.7679184191666666
South Africa,2010,42890065.910000004,12000000.0,3.574172159166667
South Africa,2011,42696917.03,12000000.0,3.558076419166667
South Africa,2012,44805861.19,12000000.0,3.733821765833333
South Africa,2013,47858790.95,12000000.0,3.988232579166667
South Africa,2014,48457081.339999996,12000000.0,4.0380901116666665
South Africa,2015,42107863.21,12000000.0,3.5089886008333333
South Africa,2016,38845005.75,12000000.0,3.2370838125
South Africa,2017,51726408.27,12000000.0,4.310534022500001
South Africa,2018,50187163.33,12000000.0,4.182263610833333
South Africa,2019,48156614.06,12000000.0,4.013051171666667
South Africa,2020,52407170.190000005,12000000.0,4.3672641825000005
South Africa,2021,52839287.05,12000000.0,4.403273920833333
South Africa,2022,53463320.68,12000000.0,4.455276723333333
South Sudan,2012,3092250.0,2489233.3,1.2422499731142116
South Sudan,2013,2434700.0,2489233.3,0.9780923306786874
South Sudan,2014,3113519.42,2489233.3,1.2507945398287899
South Sudan,2015,3594583.12,2489233.3,1.4440523192422343
South Sudan,2016,3414840.11,2489233.3,1.3718441377109973
South Sudan,2017,3314204.36,2489233.3,1.3314157254765957
South Sudan,2018,3541748.93,2489233.3,1.4228272335903591
South Sudan,2019,3779112.52,2489233.3,1.518183337817311
South Sudan,2020,3902649.86,2489233.3,1.5678120086212892
South Sudan,2021,3965519.79,2489233.3,1.5930687533386285
South Sudan,2022,4285599.63,2489233.3,1.7216544668593339
Spain,2005,58396741.620000005,11496755.0,5.079410809397957
Spain,2006,64929111.04,11496755.0,5.647603261963919
Spain,2007,67664837.61,11496755.0,5.885559674012362
Spain,2008,65938276.629999995,11496755.0,5.7353815602750515
Spain,2009,61322761.37,11496755.0,5.333919125005273
Spain,2010,63574798.69,11496755.0,5.529803730704882
Spain,2011,66946924.67,11496755.0,5.823114841535721
Spain,2012,56090421.85,11496755.0,4.878804658357946
Spain,2013,71810809.98,11496755.0,6.246180768399431
Spain,2014,65224532.72,11496755.0,5.673299354470022
Spain,2015,65974130.74,11496755.0,5.738500188966365
Spain,2016,71045981.74,11496755.0,6.179655193139281
Spain,2017,62331826.7,11496755.0,5.421688702594776
Spain,2018,75004547.0,11496755.0,6.523975417411261
Spain,2019,65141185.0,11496755.0,5.666049680975197
Spain,2020,74482498.0,11496755.0,6.478567039134086
Spain,2021,73053721.0,11496755.0,6.354290493273972
Spain,2022,57378708.0,11496755.0,4.990861160388301
Sri Lanka,2005,9447659.96,1372000.0,6.886049533527697
Sri Lanka,2006,10088246.41,1372000.0,7.3529492784256565
Sri Lanka,2007,9658598.09,1372000.0,7.039794526239067
Sri Lanka,2008,10688782.28,1372000.0,7.790657638483965
Sri Lanka,2009,10298873.46,1372000.0,7.506467536443149
Sri Lanka,2010,11867103.27,1372000.0,8.64949217930029
Sri Lanka,2011,11418427.45,1372000.0,8.322468986880466
Sri Lanka,2012,11658698.69,1372000.0,8.497593797376092
Sri Lanka,2013,12747259.91,1372000.0,9.291005765306123
Sri Lanka,2014,11939479.93,1372000.0,8.702244846938775
Sri Lanka,2015,13181603.79,1372000.0,9.607582937317783
Sri Lanka,2016,12704162.52,1372000.0,9.259593673469388
Sri Lanka,2017,9960579.85,1372000.0,7.2598978498542275
Sri Lanka,2018,11752986.51,1372000.0,8.566316698250729
Sri Lanka,2019,12439746.72,1372000.0,9.066870787172013
Sri Lanka,2020,14124228.709999999,1372000.0,10.294627339650145
Sri Lanka,2021,14577618.59,1372000.0,10.625086435860059
Sri Lanka,2022,11718618.66,1372000.0,8.54126724489796
Sudan,2012,17100041.0,20995000.0,0.8144815908549655
Sudan,2013,21808184.0,20995000.0,1.0387322695879972
Sudan,2014,24204778.0,20995000.0,1.1528829721362228
Sudan,2015,19651672.3,20995000.0,0.9360167801857585
Sudan,2016,24928297.15,20995000.0,1.1873444701119313
Sudan,2017,22750000.41,20995000.0,1.083591350797809
Sudan,2018,27306695.009999998,20995000.0,1.30062848344844
Sudan,2019,23738626.37,20995000.0,1.1306799890450108
Sudan,2020,23974187.28,20995000.0,1.14189984663015
Sudan,2021,22297759.74,20995000.0,1.0620509521314598
Sudan,2022,24402392.59,20995000.0,1.162295431769469
Suriname,2005,353906.62,52965.0,6.681895969036156
Suriname,2006,425292.98,52965.0,8.029698480128387
Suriname,2007,432513.76,52965.0,8.166029642216559
Suriname,2008,449407.79000000004,52965.0,8.484995563107713
Suriname,2009,495577.12,52965.0,9.356690644765411
Suriname,2010,506690.33999999997,52965.0,9.566512602662135
Suriname,2011,502229.35,52965.0,9.482287359577079
Suriname,2012,502194.51,52965.0,9.481629566694988
Suriname,2013,562553.3200000001,52965.0,10.621227603134146
Suriname,2014,576591.24,52965.0,10.886269045596148
Suriname,2015,552223.11,52965.0,10.426189181534976
Suriname,2016,562308.72,52965.0,10.616609459076749
Suriname,2017,564062.1900000001,52965.0,10.649715661285756
Suriname,2018,527463.48,52965.0,9.95871764372699
Suriname,2019,479301.63,52965.0,9.04940300198244
Suriname,2020,429314.82,52965.0,8.105632398753894
Suriname,2021,436591.49,52965.0,8.243018785990749
Suriname,2022,341325.01,52965.0,6.444350231284811
Sweden,2005,9015330.84,2526000.0,3.5690145843230403
Sweden,2006,7759926.1,2526000.0,3.072021417260491
Sweden,2007,8588200.0,2526000.0,3.399920823436263
Sweden,2008,8656034.370000001,2526000.0,3.42677528503563
Sweden,2009,9265359.57,2526000.0,3.6679966627078384
Sweden,2010,7789332.75,2526000.0,3.0836630047505937
Sweden,2011,8755237.0,2526000.0,3.466047901821061
Sweden,2012,8864356.0,2526000.0,3.5092462391132226
Sweden,2013,8946401.0,2526000.0,3.541726444972288
Sweden,2014,9509418.56,2526000.0,3.7646154235946163
Sweden,2015,9106102.16,2526000.0,3.6049493903404595
Sweden,2016,9196780.0,2526000.0,3.6408471892319874
Sweden,2017,9709100.0,2526000.0,3.8436658749010295
Sweden,2018,6311400.0,2526000.0,2.4985748218527317
Sweden,2019,9888630.0,2526000.0,3.9147387173396675
Sweden,2020,9723210.0,2526000.0,3.849251781472684
Sweden,2021,8710660.0,2526000.0,3.44840063341251
Sweden,2022,9552520.0,2526000.0,3.7816785431512274
Switzerland,2005,3793243.0,396420.9,9.56872606868104
Switzerland,2006,3508492.0,396420.9,8.85042135770339
Switzerland,2007,4036404.0,396420.9,10.182117037724296
Switzerland,2008,4007674.0,396420.9,10.109643563192556
Switzerland,2009,4225240.0,396420.9,10.658469318847718
Switzerland,2010,3509039.3,396420.9,8.851801960996506
Switzerland,2011,4445008.67,396420.9,11.212851466711266
Switzerland,2012,3998591.46,396420.9,10.086732208115162
Switzerland,2013,3473655.65,396420.9,8.762544179683765
Switzerland,2014,4401628.67,396420.9,11.103422322082412
Switzerland,2015,3567806.64,396420.9,9.0000467684726
Switzerland,2016,3321555.64,396420.9,8.378861053995891
Switzerland,2017,3828647.4000000004,396420.9,9.658036193349039
Switzerland,2018,3668607.67,396420.9,9.254324557559906
Switzerland,2019,3686675.62,396420.9,9.299902250360665
Switzerland,2020,3753854.36,396420.9,9.469365414386576
Switzerland,2021,2975375.66,396420.9,7.505597358766907
Switzerland,2022,3523677.21,396420.9,8.888727133206144
Syrian Arab Republic,2005,14293067.469999999,4400000.0,3.2484244249999996
Syrian Arab Republic,2006,15693806.08,4400000.0,3.5667741090909093
Syrian Arab Republic,2007,13744583.0,4400000.0,3.123768863636364
Syrian Arab Republic,2008,11231689.5,4400000.0,2.5526567045454547
Syrian Arab Republic,2009,13610621.5,4400000.0,3.0933230681818182
Syrian Arab Republic,2010,13177302.469999999,4400000.0,2.994841470454545
Syrian Arab Republic,2011,15176028.98,4400000.0,3.4490974954545455
Syrian Arab Republic,2012,12751469.04,4400000.0,2.898061145454545
Syrian Arab Republic,2013,10344720.23,4400000.0,2.3510727795454547
Syrian Arab Republic,2014,8189235.5,4400000.0,1.8611898863636365
Syrian Arab Republic,2015,10648638.07,4400000.0,2.420145015909091
Syrian Arab Republic,2016,8673607.870000001,4400000.0,1.9712745159090912
Syrian Arab Republic,2017,9513817.82,4400000.0,2.1622313227272727
Syrian Arab Republic,2018,8190791.12,4400000.0,1.8615434363636363
Syrian Arab Republic,2019,12755335.59,4400000.0,2.898939906818182
Syrian Arab Republic,2020,11805987.879999999,4400000.0,2.6831790636363633
Syrian Arab Republic,2021,8607515.61,4400000.0,1.9562535477272727
Syrian Arab Republic,2022,7889146.08,4400000.0,1.7929877454545455
Tajikistan,2005,3123356.8,844400.0,3.69890667929891
Tajikistan,2006,3280895.16,844400.0,3.8854750828991
Tajikistan,2007,3444096.1,844400.0,4.078749526290857
Tajikistan,2008,3621643.98,844400.0,4.289014661297963
Tajikistan,2009,4333639.38,844400.0,5.132211487446708
Tajikistan,2010,4543352.88,844400.0,5.380569493131217
Tajikistan,2011,4541738.39,844400.0,5.378657496447181
Tajikistan,2012,5032802.36,844400.0,5.960211226906679
Tajikistan,2013,5522585.61,844400.0,6.540248235433444
Tajikistan,2014,5304026.72,844400.0,6.281414874467077
Tajikistan,2015,5499482.97,844400.0,6.512888405968735
Tajikistan,2016,5628986.4,844400.0,6.666255802936997
Tajikistan,2017,5785990.67,844400.0,6.852191698247276
Tajikistan,2018,6049024.3100000005,844400.0,7.16369529843676
Tajikistan,2019,6443884.07,844400.0,7.63131699431549
Tajikistan,2020,6279866.67,844400.0,7.437075639507342
Tajikistan,2021,6579603.5600000005,844400.0,7.792045902415917
Tajikistan,2022,6708853.82,844400.0,7.945113477025107
Thailand,2005,126336065.97,15835200.0,7.978179370642619
Thailand,2006,132084510.32,15835200.0,8.341196216025057
Thailand,2007,154662814.84,15835200.0,9.767026298373244
Thailand,2008,165450599.81,15835200.0,10.44827976975346
Thailand,2009,162164734.26,15835200.0,10.240775882843286
Thailand,2010,158704630.98000002,15835200.0,10.022268804940893
Thailand,2011,190286169.37,15835200.0,12.016657154314439
Thailand,2012,205395328.91,15835200.0,12.970807372814994
Thailand,2013,206086461.9,15835200.0,13.01445273188845
Thailand,2014,208691936.22,15835200.0,13.178989606699
Thailand,2015,192923723.60999998,15835200.0,12.183219890497119
Thailand,2016,190970612.48,15835200.0,12.059880044457916
Thailand,2017,196329921.07,15835200.0,12.398322791628775
Thailand,2018,239306024.66,15835200.0,15.112283056734364
Thailand,2019,235224261.41,15835200.0,14.85451787220875
Thailand,2020,176629544.29,15835200.0,11.154235140067696
Thailand,2021,177446667.32999998,15835200.0,11.20583682744771
Thailand,2022,204040592.67000002,15835200.0,12.885255170127312
Timor-Leste,2005,332592.61,111500.0,2.9828933632286994
Timor-Leste,2006,351393.94,111500.0,3.1515151569506727
Timor-Leste,2007,310248.45999999996,111500.0,2.7824973991031388
Timor-Leste,2008,345720.74,111500.0,3.100634439461883
Timor-Leste,2009,425037.69,111500.0,3.8119972197309417
Timor-Leste,2010,411314.61,111500.0,3.6889202690582956
Timor-Leste,2011,292671.63,111500.0,2.624857668161435
Timor-Leste,2012,319609.48,111500.0,2.8664527354260088
Timor-Leste,2013,335185.51,111500.0,3.006148071748879
Timor-Leste,2014,341157.36,111500.0,3.059707264573991
Timor-Leste,2015,379310.68,111500.0,3.4018895067264574
Timor-Leste,2016,322497.36,111500.0,2.892353004484305
Timor-Leste,2017,298664.06,111500.0,2.6786014349775784
Timor-Leste,2018,306581.36,111500.0,2.749608609865471
Timor-Leste,2019,285341.37,111500.0,2.5591154260089684
Timor-Leste,2020,292145.98,111500.0,2.62014331838565
Timor-Leste,2021,264568.23,111500.0,2.3728092376681613
Timor-Leste,2022,335016.8,111500.0,3.0046349775784753
Togo,2005,2682562.4899999998,2650000.0,1.0122877320754715
Togo,2006,2847729.52,2650000.0,1.074614913207547
Togo,2007,2876974.63,2650000.0,1.0856508037735848
Togo,2008,3015075.6100000003,2650000.0,1.1377643811320757
Togo,2009,3307069.0700000003,2650000.0,1.2479505924528302
Togo,2010,3335887.57,2650000.0,1.2588254981132074
Togo,2011,3543913.85,2650000.0,1.3373259811320755
Togo,2012,3814767.34,2650000.0,1.4395348452830188
Togo,2013,3446754.79,2650000.0,1.3006621849056603
Togo,2014,4034665.35,2650000.0,1.5225152264150943
Togo,2015,3838754.82,2650000.0,1.4485867245283017
Togo,2016,3910018.54,2650000.0,1.4754786943396228
Togo,2017,4037847.84,2650000.0,1.5237161660377359
Togo,2018,4219593.2,2650000.0,1.5922993207547171
Togo,2019,4308703.85,2650000.0,1.6259259811320754
Togo,2020,4386776.01,2650000.0,1.6553871735849055
Togo,2021,4552438.93,2650000.0,1.717901483018868
Togo,2022,4690083.33,2650000.0,1.7698427660377358
Tonga,2005,120499.05,20000.0,6.0249525
Tonga,2006,138031.23,20000.0,6.901561500000001
Tonga,2007,208020.5,20000.0,10.401025
Tonga,2008,203165.21,20000.0,10.158260499999999
Tonga,2009,202024.44,20000.0,10.101222
Tonga,2010,199483.88,20000.0,9.974194
Tonga,2011,197809.25,20000.0,9.8904625
Tonga,2012,191182.71,20000.0,9.5591355
Tonga,2013,192129.59,20000.0,9.606479499999999
Tonga,2014,151831.01,20000.0,7.5915505
Tonga,2015,147221.05,20000.0,7.3610524999999996
Tonga,2016,129149.47,20000.0,6.4574735
Tonga,2017,128945.69,20000.0,6.4472845
Tonga,2018,124773.0,20000.0,6.23865
Tonga,2019,125229.76000000001,20000.0,6.261488000000001
Tonga,2020,126769.39,20000.0,6.3384694999999995
Tonga,2021,128109.51000000001,20000.0,6.4054755000000005
Tonga,2022,129815.22,20000.0,6.490761
Trinidad and Tobago,2005,553280.7,25000.0,22.131227999999997
Trinidad and Tobago,2006,994911.98,25000.0,39.7964792
Trinidad and Tobago,2007,945623.6,25000.0,37.824944
Trinidad and Tobago,2008,134344.22,25000.0,5.3737688
Trinidad and Tobago,2009,122631.75,25000.0,4.90527
Trinidad and Tobago,2010,116865.15,25000.0,4.674606
Trinidad and Tobago,2011,118421.3,25000.0,4.736852
Trinidad and Tobago,2012,117670.98,25000.0,4.7068392
Trinidad and Tobago,2013,114932.23,25000.0,4.5972892
Trinidad and Tobago,2014,117022.42,25000.0,4.6808968
Trinidad and Tobago,2015,123224.20999999999,25000.0,4.9289684
Trinidad and Tobago,2016,122377.13,25000.0,4.8950852000000005
Trinidad and Tobago,2017,121865.45999999999,25000.0,4.874618399999999
Trinidad and Tobago,2018,121967.98,25000.0,4.8787192
Trinidad and Tobago,2019,120630.94,25000.0,4.8252376
Trinidad and Tobago,2020,127788.69,25000.0,5.1115476
Trinidad and Tobago,2021,124878.21,25000.0,4.9951284000000005
Trinidad and Tobago,2022,123774.8,25000.0,4.950992
Tunisia,2005,7079626.7,2831300.0,2.500486243068555
Tunisia,2006,6956251.36,2831300.0,2.456910733585279
Tunisia,2007,7226494.84,2831300.0,2.5523592837212585
Tunisia,2008,6964551.39,2831300.0,2.459842259739342
Tunisia,2009,7873032.87,2831300.0,2.7807130540741003
Tunisia,2010,6787680.27,2831300.0,2.3973723271995193
Tunisia,2011,7782955.79,2831300.0,2.748898311729594
Tunisia,2012,8521234.86,2831300.0,3.0096545261893826
Tunisia,2013,7588920.92,2831300.0,2.6803662345918835
Tunisia,2014,8239690.98,2831300.0,2.910214735280613
Tunisia,2015,9035683.0,2831300.0,3.1913548546604034
Tunisia,2016,7863186.95,2831300.0,2.777235527849398
Tunisia,2017,7999031.99,2831300.0,2.825215268604528
Tunisia,2018,9106775.45,2831300.0,3.2164643273407973
Tunisia,2019,9565202.96,2831300.0,3.3783784692544065
Tunisia,2020,9817855.34,2831300.0,3.467613937060714
Tunisia,2021,8897913.2,2831300.0,3.1426952989792674
Tunisia,2022,8922278.07,2831300.0,3.1513008406032568
Turkmenistan,2005,5650408.45,1591539.2,3.550279157434514
Turkmenistan,2006,5855517.029999999,1591539.2,3.6791535074976474
Turkmenistan,2007,3912370.0,1591539.2,2.458230372208237
Turkmenistan,2008,3669332.52,1591539.2,2.305524438229357
Turkmenistan,2009,4243926.99,1591539.2,2.666555112183225
Turkmenistan,2010,4627213.970000001,1591539.2,2.9073829724080946
Turkmenistan,2011,4098873.95,1591539.2,2.575415013340545
Turkmenistan,2012,3780372.88,1591539.2,2.3752936025703923
Turkmenistan,2013,4001015.37,1591539.2,2.513928258882973
Turkmenistan,2014,4011800.0999999996,1591539.2,2.5207045481506203
Turkmenistan,2015,4272016.25,1591539.2,2.684204228208768
Turkmenistan,2016,4783008.46,1591539.2,3.0052721667176026
Turkmenistan,2017,4812983.65,1591539.2,3.0241062551271125
Turkmenistan,2018,4332750.76,1591539.2,2.722365091604404
Turkmenistan,2019,5078257.08,1591539.2,3.190783538350799
Turkmenistan,2020,5324910.7,1591539.2,3.3457615747070513
Turkmenistan,2021,5208079.06,1591539.2,3.2723536184342805
Turkmenistan,2022,5381757.12,1591539.2,3.3814794634024725
Türkiye,2005,103103715.28,20277000.0,5.084761812891453
Türkiye,2006,100945002.31,20277000.0,4.978300651477043
Türkiye,2007,91750535.21000001,20277000.0,4.524857484341865
Türkiye,2008,96927202.03999999,20277000.0,4.78015495586132
Türkiye,2009,104026005.96000001,20277000.0,5.130246385559994
Türkiye,2010,104251122.03,20277000.0,5.141348425802634
Türkiye,2011,107324730.2,20277000.0,5.292929437293485
Türkiye,2012,105515391.86,20277000.0,5.203698370567638
Türkiye,2013,111224273.86,20277000.0,5.4852430763919715
Türkiye,2014,105974202.28,20277000.0,5.226325505745426
Türkiye,2015,113383675.16,20277000.0,5.591738184149529
Türkiye,2016,115545862.25,20277000.0,5.698370678601371
Türkiye,2017,121066945.18,20277000.0,5.970653705183213
Türkiye,2018,114867734.53,20277000.0,5.664927480889678
Türkiye,2019,116949283.88,20277000.0,5.767583167135178
Türkiye,2020,125940230.9,20277000.0,6.210989342604922
Türkiye,2021,117754005.46000001,20277000.0,5.807269589189723
Türkiye,2022,128708447.35,20277000.0,6.3475093628248755
Uganda,2005,25332613.12,6900000.0,3.6713932057971017
Uganda,2006,24879046.68,6900000.0,3.605658939130435
Uganda,2007,25272115.96,6900000.0,3.6626255014492757
Uganda,2008,17967347.13,6900000.0,2.603963352173913
Uganda,2009,19294938.71,6900000.0,2.7963679289855072
Uganda,2010,19844367.81,6900000.0,2.8759953347826084
Uganda,2011,20038026.73,6900000.0,2.9040618449275364
Uganda,2012,20088990.86,6900000.0,2.9114479507246376
Uganda,2013,21109403.96,6900000.0,3.0593339072463768
Uganda,2014,21591824.67,6900000.0,3.129249952173913
Uganda,2015,22484871.45,6900000.0,3.2586770217391305
Uganda,2016,20310363.34,6900000.0,2.9435309188405796
Uganda,2017,22239863.36,6900000.0,3.2231686028985504
Uganda,2018,26247503.97,6900000.0,3.8039860826086955
Uganda,2019,25532966.1,6900000.0,3.700429869565218
Uganda,2020,28774177.57,6900000.0,4.17017066231884
Uganda,2021,29463347.740000002,6900000.0,4.27005039710145
Uganda,2022,31539372.6,6900000.0,4.570923565217392
Ukraine,2005,88083630.73,32924000.0,2.6753623718260235
Ukraine,2006,93298157.99,32924000.0,2.8337431050297655
Ukraine,2007,80566517.14,32924000.0,2.4470452296197305
Ukraine,2008,107043782.67,32924000.0,3.2512386912282834
Ukraine,2009,96342316.0,32924000.0,2.926203255983477
Ukraine,2010,92879659.64,32924000.0,2.821032062932815
Ukraine,2011,125277972.53999999,32924000.0,3.805065379054793
Ukraine,2012,113366900.44,32924000.0,3.4432906220386346
Ukraine,2013,126496276.01,32924000.0,3.8420688862228163
Ukraine,2014,132549189.03,32924000.0,4.025913893512332
Ukraine,2015,120774790.1,32924000.0,3.668290307982019
Ukraine,2016,133523498.02,32924000.0,4.055506561171182
Ukraine,2017,129682805.13,32924000.0,3.9388532720811567
Ukraine,2018,141027231.11,32924000.0,4.283417297715952
Ukraine,2019,140717507.73,32924000.0,4.274010075628721
Ukraine,2020,125948729.36,32924000.0,3.8254382626655326
Ukraine,2021,154127057.59,32924000.0,4.68129806797473
Ukraine,2022,112922071.96000001,32924000.0,3.4297798554246146
United Arab Emirates,2005,1234193.96,50384.0,24.495751825976498
United Arab Emirates,2006,1020568.51,50384.0,20.25580561289298
United Arab Emirates,2007,981616.49,50384.0,19.48270264369641
United Arab Emirates,2008,1085484.46,50384.0,21.54422951730708
United Arab Emirates,2009,1008568.4099999999,50384.0,20.017632780247695
United Arab Emirates,2010,1059642.3800000001,50384.0,21.031327008574152
United Arab Emirates,2011,468057.55000000005,50384.0,9.289805295331853
United Arab Emirates,2012,463383.84,50384.0,9.197043505874882
United Arab Emirates,2013,442103.54,50384.0,8.774681248015243
United Arab Emirates,2014,586687.41,50384.0,11.644319823753573
United Arab Emirates,2015,629125.99,50384.0,12.486622538901239
United Arab Emirates,2016,628221.98,50384.0,12.468680136551285
United Arab Emirates,2017,642064.06,50384.0,12.743411797396
United Arab Emirates,2018,648948.53,50384.0,12.880051802159416
United Arab Emirates,2019,690133.5,50384.0,13.69747340425532
United Arab Emirates,2020,745119.12,50384.0,14.788804382343601
United Arab Emirates,2021,761130.2,50384.0,15.106585423944109
United Arab Emirates,2022,714092.49,50384.0,14.173001151159099
United Kingdom of Great Britain and Northern Ireland,2005,41545843.76,6043691.6,6.874249466997952
United Kingdom of Great Britain and Northern Ireland,2006,39682209.49,6043691.6,6.565889214135282
United Kingdom of Great Britain and Northern Ireland,2007,37052458.58,6043691.6,6.130765934515917
United Kingdom of Great Britain and Northern Ireland,2008,43505132.32,6043691.6,7.198436849424945
United Kingdom of Great Britain and Northern Ireland,2009,42254950.1,6043691.6,6.991579467754444
United Kingdom of Great Britain and Northern Ireland,2010,39809897.53,6043691.6,6.5870167051541815
United Kingdom of Great Britain and Northern Ireland,2011,43047260.06,6043691.6,7.1226764879928695
United Kingdom of Great Britain and Northern Ireland,2012,37291219.84,6043691.6,6.170271798779409
United Kingdom of Great Britain and Northern Ireland,2013,40151112.24,6043691.6,6.643474700131954
United Kingdom of Great Britain and Northern Ireland,2014,46358242.55,6043691.6,7.670517560823256
United Kingdom of Great Britain and Northern Ireland,2015,43239337.15,6043691.6,7.1544579061578855
United Kingdom of Great Britain and Northern Ireland,2016,39181119.96,6043691.6,6.4829780460670765
United Kingdom of Great Britain and Northern Ireland,2017,44941041.879999995,6043691.6,7.436025008291289
United Kingdom of Great Britain and Northern Ireland,2018,39772780.019999996,6043691.6,6.580875175695596
United Kingdom of Great Britain and Northern Ireland,2019,44665251.84,6043691.6,7.390392295993397
United Kingdom of Great Britain and Northern Ireland,2020,35937610.99,6043691.6,5.946301262294721
United Kingdom of Great Britain and Northern Ireland,2021,40160930.29,6043691.6,6.645099212209968
United Kingdom of Great Britain and Northern Ireland,2022,40490167.37,6043691.6,6.699575367148118
United Republic of Tanzania,2005,23043550.65,13502500.0,1.7066136382151453
United Republic of Tanzania,2006,25848869.9,13502500.0,1.914376589520459
United Republic of Tanzania,2007,25480772.86,13502500.0,1.8871151905202739
United Republic of Tanzania,2008,26688836.72,13502500.0,1.9765848339196443
United Republic of Tanzania,2009,26674442.95,13502500.0,1.9755188261433068
United Republic of Tanzania,2010,30599053.4,13502500.0,2.266176885761896
United Republic of Tanzania,2011,32645440.18,13502500.0,2.417733025735975
United Republic of Tanzania,2012,33036151.96,13502500.0,2.4466692805036105
United Republic of Tanzania,2013,35427604.08,13502500.0,2.623781083503055
United Republic of Tanzania,2014,38315229.65,13502500.0,2.8376396704314013
United Republic of Tanzania,2015,39136376.410000004,13502500.0,2.8984540944269583
United Republic of Tanzania,2016,37778982.72,13502500.0,2.7979250301795964
United Republic of Tanzania,2017,36838651.03,13502500.0,2.728283727457878
United Republic of Tanzania,2018,40919989.61,13502500.0,3.030549128679874
United Republic of Tanzania,2019,41180293.45,13502500.0,3.049827324569524
United Republic of Tanzania,2020,42094966.41,13502500.0,3.1175683325310124
United Republic of Tanzania,2021,42481363.05,13502500.0,3.146185006480281
United Republic of Tanzania,2022,42456209.19,13502500.0,3.1443221025735975
United States of America,2005,610450139.76,151563525.1,4.02768502089953
United States of America,2006,592389091.0,151563525.1,3.9085201443364954
United States of America,2007,651326358.0,151563525.1,4.297381956313446
United States of America,2008,633359940.73,151563525.1,4.178841448244991
United States of America,2009,666924713.94,151563525.1,4.400298247879695
United States of America,2010,648095601.95,151563525.1,4.276065771909129
United States of America,2011,624543346.51,151563525.1,4.120670498379693
United States of America,2012,608711239.0,151563525.1,4.016211938844645
United States of America,2013,684801249.79,151563525.1,4.518245727909637
United States of America,2014,710865174.35,151563525.1,4.690212726848222
United States of America,2015,702534403.72,151563525.1,4.635247189298846
United States of America,2016,788588841.6,151563525.1,5.203025207283201
United States of America,2017,726434075.85,151563525.1,4.7929346811556846
United States of America,2018,721670128.65,151563525.1,4.761502664799131
United States of America,2019,671666247.81,151563525.1,4.431582383471496
United States of America,2020,706584331.71,151563525.1,4.661968182937176
United States of America,2021,729332882.68,151563525.1,4.81206069995267
United States of America,2022,676368118.3,151563525.1,4.462604824305449
Uruguay,2005,4199115.95,2199600.0,1.909036165666485
Uruguay,2006,4349433.859999999,2199600.0,1.977374913620658
Uruguay,2007,4738872.37,2199600.0,2.154424609019822
Uruguay,2008,4946413.39,2199600.0,2.248778591562102
Uruguay,2009,5971159.5600000005,2199600.0,2.714657010365521
Uruguay,2010,6923107.33,2199600.0,3.1474392298599745
Uruguay,2011,6598466.13,2199600.0,2.999848213311511
Uruguay,2012,8097905.78,2199600.0,3.6815356337515914
Uruguay,2013,7445714.71,2199600.0,3.385031237497727
Uruguay,2014,8524020.0,2199600.0,3.8752591380250956
Uruguay,2015,8005399.5,2199600.0,3.639479678123295
Uruguay,2016,7055910.78,2199600.0,3.2078154118930717
Uruguay,2017,8009375.75,2199600.0,3.641287393162393
Uruguay,2018,5031294.88,2199600.0,2.2873681032915076
Uruguay,2019,7713490.75,2199600.0,3.5067697535915623
Uruguay,2020,6775739.81,2199600.0,3.080441812147663
Uruguay,2021,7297986.22,2199600.0,3.317869712675032
Uruguay,2022,9076216.72,2199600.0,4.126303291507547
Uzbekistan,2005,17042849.13,4029000.0,4.230044460163812
Uzbekistan,2006,18511627.79,4029000.0,4.594596125589476
Uzbekistan,2007,19479946.259999998,4029000.0,4.8349332985852564
Uzbekistan,2008,20353667.63,4029000.0,5.051791419707123
Uzbekistan,2009,21713585.27,4029000.0,5.3893237205261855
Uzbekistan,2010,23011297.78,4029000.0,5.711416674112684
Uzbekistan,2011,23863198.86,4029000.0,5.922858987341772
Uzbekistan,2012,25594750.11,4029000.0,6.352630953090097
Uzbekistan,2013,27230107.65,4029000.0,6.7585275874906925
Uzbekistan,2014,28945542.66,4029000.0,7.184299493670886
Uzbekistan,2015,30708209.92,4029000.0,7.621794470091834
Uzbekistan,2016,32186238.310000002,4029000.0,7.9886419235542325
Uzbekistan,2017,29475535.29,4029000.0,7.315843953834698
Uzbekistan,2018,27108415.89,4029000.0,6.728323626209978
Uzbekistan,2019,29107515.14,4029000.0,7.224501151650534
Uzbekistan,2020,29631990.240000002,4029000.0,7.354676157855548
Uzbekistan,2021,30471310.22,4029000.0,7.562995835194837
Uzbekistan,2022,32598347.0,4029000.0,8.090927525440556
Vanuatu,2005,329718.2,20000.0,16.48591
Vanuatu,2006,330781.72,20000.0,16.539085999999998
Vanuatu,2007,336386.88,20000.0,16.819344
Vanuatu,2008,338042.38,20000.0,16.902119
Vanuatu,2009,339785.83999999997,20000.0,16.989292
Vanuatu,2010,471978.11,20000.0,23.5989055
Vanuatu,2011,447933.36,20000.0,22.396668
Vanuatu,2012,447930.75,20000.0,22.3965375
Vanuatu,2013,486960.33,20000.0,24.3480165
Vanuatu,2014,590311.3099999999,20000.0,29.515565499999997
Vanuatu,2015,546307.03,20000.0,27.315351500000002
Vanuatu,2016,543985.53,20000.0,27.1992765
Vanuatu,2017,454029.46,20000.0,22.701473
Vanuatu,2018,455435.59,20000.0,22.7717795
Vanuatu,2019,460766.69,20000.0,23.0383345
Vanuatu,2020,460952.13,20000.0,23.0476065
Vanuatu,2021,460689.1,20000.0,23.034454999999998
Vanuatu,2022,727019.1,20000.0,36.350955
Venezuela (Bolivarian Republic of),2005,19156840.32,2600000.0,7.3680155076923075
Venezuela (Bolivarian Republic of),2006,18866358.0,2600000.0,7.2562915384615385
Venezuela (Bolivarian Republic of),2007,19466379.939999998,2600000.0,7.487069207692307
Venezuela (Bolivarian Republic of),2008,18423399.65,2600000.0,7.0859229423076915
Venezuela (Bolivarian Republic of),2009,17588082.49,2600000.0,6.764647111538461
Venezuela (Bolivarian Republic of),2010,16638451.719999999,2600000.0,6.399404507692307
Venezuela (Bolivarian Republic of),2011,16908276.75,2600000.0,6.503183365384615
Venezuela (Bolivarian Republic of),2012,16146912.0,2600000.0,6.210350769230769
Venezuela (Bolivarian Republic of),2013,16746142.129999999,2600000.0,6.440823896153845
Venezuela (Bolivarian Republic of),2014,16542323.82,2600000.0,6.362432238461539
Venezuela (Bolivarian Republic of),2015,14602087.77,2600000.0,5.616187603846154
Venezuela (Bolivarian Republic of),2016,12405240.8,2600000.0,4.771246461538462
Venezuela (Bolivarian Republic of),2017,12535908.2,2600000.0,4.8215031538461535
Venezuela (Bolivarian Republic of),2018,11021542.790000001,2600000.0,4.23905491923077
Venezuela (Bolivarian Republic of),2019,10995733.29,2600000.0,4.229128188461538
Venezuela (Bolivarian Republic of),2020,12191757.21,2600000.0,4.689137388461539
Venezuela (Bolivarian Republic of),2021,13690386.620000001,2600000.0,5.265533315384616
Venezuela (Bolivarian Republic of),2022,12903950.2,2600000.0,4.963057769230769
Viet Nam,2005,81521235.05,6728480.0,12.115847122975769
Viet Nam,2006,85080135.13,6728480.0,12.644777888913989
Viet Nam,2007,87449871.19,6728480.0,12.996972747188073
Viet Nam,2008,90398186.62,6728480.0,13.435157215299741
Viet Nam,2009,89189665.81,6728480.0,13.255544463236868
Viet Nam,2010,92178385.7,6728480.0,13.699733922074525
Viet Nam,2011,96768502.06,6728480.0,14.381926090290824
Viet Nam,2012,106175443.42,6728480.0,15.780004313009774
Viet Nam,2013,108805434.67,6728480.0,16.17087881215371
Viet Nam,2014,111121437.44,6728480.0,16.51508772263572
Viet Nam,2015,110912562.74,6728480.0,16.484044351770383
Viet Nam,2016,107541152.97,6728480.0,15.982978766378142
Viet Nam,2017,109676121.04,6728480.0,16.300281941835305
Viet Nam,2018,111474193.85,6728480.0,16.567515077699568
Viet Nam,2019,110262407.57,6728480.0,16.387417005029366
Viet Nam,2020,106601431.12,6728480.0,15.843315447173806
Viet Nam,2021,107995606.71,6728480.0,16.05052057968516
Viet Nam,2022,108345487.91,6728480.0,16.102520615354432
Yemen,2005,2344274.31,1158000.0,2.0244165025906735
Yemen,2006,2748051.98,1158000.0,2.3731018825561314
Yemen,2007,3150417.69,1158000.0,2.7205679533678757
Yemen,2008,2911708.99,1158000.0,2.5144291796200346
Yemen,2009,3115505.25,1158000.0,2.6904190414507774
Yemen,2010,3600843.23,1158000.0,3.109536468048359
Yemen,2011,3172845.59,1158000.0,2.739935742659758
Yemen,2012,3438966.0,1158000.0,2.9697461139896375
Yemen,2013,3287533.0,1158000.0,2.838974956822107
Yemen,2014,3108327.46,1158000.0,2.684220604490501
Yemen,2015,2703588.34,1158000.0,2.3347049568221068
Yemen,2016,2483081.61,1158000.0,2.144284637305699
Yemen,2017,2478205.65,1158000.0,2.1400739637305697
Yemen,2018,2366980.18,1158000.0,2.044024335060449
Yemen,2019,2755669.83,1158000.0,2.379680336787565
Yemen,2020,2795097.33,1158000.0,2.4137282642487046
Yemen,2021,3251849.16,1158000.0,2.808159896373057
Yemen,2022,3144986.7,1158000.0,2.7158779792746115
Zambia,2005,5337751.16,3800000.0,1.404671357894737
Zambia,2006,6031008.42,3800000.0,1.5871074789473685
Zambia,2007,5928840.97,3800000.0,1.5602213078947367
Zambia,2008,5610235.37,3800000.0,1.4763777289473685
Zambia,2009,7821442.23,3800000.0,2.058274271052632
Zambia,2010,9309448.98,3800000.0,2.4498549947368424
Zambia,2011,10072009.75,3800000.0,2.650528881578947
Zambia,2012,10084844.18,3800000.0,2.6539063631578945
Zambia,2013,10043382.28,3800000.0,2.6429953368421053
Zambia,2014,10554401.969999999,3800000.0,2.777474202631579
Zambia,2015,9377766.94,3800000.0,2.467833405263158
Zambia,2016,10943813.4,3800000.0,2.8799508947368424
Zambia,2017,13555469.559999999,3800000.0,3.567228831578947
Zambia,2018,12832292.62,3800000.0,3.3769191105263157
Zambia,2019,12284269.219999999,3800000.0,3.232702426315789
Zambia,2020,13331945.2,3800000.0,3.5084066315789473
Zambia,2021,13689363.14,3800000.0,3.6024639842105266
Zambia,2022,12759432.52,3800000.0,3.3577453999999998
Zimbabwe,2005,6791000.66,4020407.7,1.6891323384939294
Zimbabwe,2006,7964207.08,4020407.7,1.980945136484541
Zimbabwe,2007,6904422.5600000005,4020407.7,1.7173438803233811
Zimbabwe,2008,5505284.09,4020407.7,1.36933477915685
Zimbabwe,2009,5457656.49,4020407.7,1.3574883189085525
Zimbabwe,2010,6409308.399999999,4020407.7,1.5941936435949018
Zimbabwe,2011,6680850.06,4020407.7,1.6617344703622967
Zimbabwe,2012,7869900.319999999,4020407.7,1.9574881224110676
Zimbabwe,2013,7883588.75,4020407.7,1.9608928591993293
Zimbabwe,2014,8127919.91,4020407.7,2.021665591278218
Zimbabwe,2015,7112503.84,4020407.7,1.7691001437491027
Zimbabwe,2016,7220732.42,4020407.7,1.7960199459373236
Zimbabwe,2017,10907314.86,4020407.7,2.7129872574863487
Zimbabwe,2018,10953598.84,4020407.7,2.72449951779766
Zimbabwe,2019,10449033.7,4020407.7,2.598998529427749
Zimbabwe,2020,12408390.24,4020407.7,3.0863512275135676
Zimbabwe,2021,12726807.530000001,4020407.7,3.165551476284358
Zimbabwe,2022,12029135.43,4020407.7,2.9920188019737397
