Country,Year,ValuePerArableHa_USD,KcalPerArableHa
Albania,2005,1037.4572541052987,1716807.442188659
Albania,2006,1090.5772811918064,1666795.605413847
Albania,2007,1062.9016421195192,1702130.31642994
Albania,2008,1277.695953952937,2081307.733002747
Albania,2009,1377.7789063822584,2144563.7790409247
Albania,2010,1506.3602505501947,2157382.6393932663
Albania,2011,1565.5391907905873,2232108.6667501144
Albania,2012,1711.8046385644152,2316073.539991419
Albania,2013,1688.6879972913493,2296827.6249088114
Albania,2014,1714.7587607922803,2299897.95213696
Albania,2015,1776.241747079736,2336639.856854236
Albania,2016,1855.3461994244117,2382927.4772042776
Albania,2017,1894.8298628745556,2386655.876201783
Albania,2018,1914.161164719824,2299504.583476666
Albania,2019,1910.2420856610802,2316709.8883440285
Albania,2020,2035.9387167767056,2363979.341248144
Albania,2021,2018.491620111732,2359291.9351082565
Albania,2022,2183.968173353648,2433933.649216185
Algeria,2005,936.9714513344842,1126884.7089040065
Algeria,2006,996.8435798698712,1219309.9832776664
Algeria,2007,891.5906254149515,1063750.1164983662
Algeria,2008,899.3632983667508,816682.1042570472
Algeria,2009,1202.692736688355,1390162.488220762
Algeria,2010,1269.5626078873988,1380788.9468296599
Algeria,2011,1395.2520249634842,1557162.7744608077
Algeria,2012,1523.6191740804675,1740948.3290318884
Algeria,2013,1653.3135041827115,1816973.51516496
Algeria,2014,1604.610011950604,1605034.0486417676
Algeria,2015,1700.1205683176206,1698265.0663913558
Algeria,2016,1714.7702828309652,1675893.659742008
Algeria,2017,1751.3379365290134,1688780.9279721824
Algeria,2018,1957.9887133182845,2131486.856266553
Algeria,2019,2042.264506705617,2170662.810351275
Algeria,2020,1965.096932678263,1973779.7416644192
Algeria,2021,1861.119638826185,1684907.9346689875
Algeria,2022,1982.736290001328,1931040.987245692
Angola,2005,164.04029712163418,1258602.321616575
Angola,2006,163.20074280408542,1278798.0905413835
Angola,2007,224.53704735376044,1431641.1642978846
Angola,2008,239.92739090064995,1465271.5462117167
Angola,2009,330.8046425255339,1915383.3377601427
Angola,2010,347.43788300835655,2045066.38500473
Angola,2011,399.455338904364,2229068.155296597
Angola,2012,325.2059424326834,1643491.9036369484
Angola,2013,452.95376044568246,2512127.987121617
Angola,2014,533.1816155988857,1874576.2482123207
Angola,2015,562.6096564531105,1943874.9406297465
Angola,2016,605.2772516248839,2006908.6497002107
Angola,2017,591.0714948932219,1976763.293268856
Angola,2018,616.3777158774374,2043439.2935064307
Angola,2019,627.5428040854225,2077974.4808130288
Angola,2020,660.7851439182915,2192738.3469165927
Angola,2021,668.9091922005571,2226157.5064864727
Angola,2022,701.9485608170845,2347832.402507416
Antigua and Barbuda,2005,516.75,858467.1777921013
Antigua and Barbuda,2006,577.0,926309.2029558821
Antigua and Barbuda,2007,582.0,1005427.8016020681
Antigua and Barbuda,2008,590.5,1046627.4334379063
Antigua and Barbuda,2009,580.5,1060763.974597271
Antigua and Barbuda,2010,585.0,1078108.081799604
Antigua and Barbuda,2011,590.5,1079225.0968585087
Antigua and Barbuda,2012,608.5,1043079.3221642037
Antigua and Barbuda,2013,607.25,1056364.1484721492
Antigua and Barbuda,2014,616.0,1053402.5438381329
Antigua and Barbuda,2015,634.25,1048279.0745590262
Antigua and Barbuda,2016,605.25,1038479.2326977528
Antigua and Barbuda,2017,570.75,1022005.8219506186
Antigua and Barbuda,2018,531.25,1004560.6005653947
Antigua and Barbuda,2019,511.0,993452.6396050208
Antigua and Barbuda,2020,466.75,981274.2979335326
Antigua and Barbuda,2021,528.75,988802.4558268207
Antigua and Barbuda,2022,495.0,1008212.5442707487
Argentina,2005,601.4341408855885,1143009.0755815592
Argentina,2006,609.7851234982576,1170008.2948017954
Argentina,2007,693.75113214615,1345512.1592486463
Argentina,2008,660.5061128668302,985058.231863484
Argentina,2009,491.1555323380507,866947.9699395878
Argentina,2010,725.3058694024367,1370590.8467115709
Argentina,2011,725.0418015242008,1406037.8746504735
Argentina,2012,613.2464059018529,1050750.316681132
Argentina,2013,726.3923731591049,1175435.093334714
Argentina,2014,766.4685919881667,1429509.361813877
Argentina,2015,820.9267175091792,1307700.005402031
Argentina,2016,859.7091399161635,1691602.4132697836
Argentina,2017,869.6167240572951,1768943.6792828373
Argentina,2018,731.2247286700075,1727063.7236826085
Argentina,2019,909.5608222864256,1888150.2530144807
Argentina,2020,845.7682129627387,1810161.9620386737
Argentina,2021,873.2607864962525,2126966.3516017906
Argentina,2022,804.475672478688,1631619.6196631037
Armenia,2005,1429.3885869565217,2598784.159664517
Armenia,2006,1353.2540760869565,2134973.5204155734
Armenia,2007,1540.101902173913,2763803.8232109034
Armenia,2008,1593.1702898550725,2725715.2002251204
Armenia,2009,1566.748188405797,2581002.6854191087
Armenia,2010,1207.7740036231885,2109231.913572085
Armenia,2011,1491.4741847826087,2547807.067385276
Armenia,2012,1689.0398550724638,2885688.3262390625
Armenia,2013,1775.6951992753623,3227834.2893968984
Armenia,2014,1858.9764492753623,3441823.988631517
Armenia,2015,2001.0778985507247,3625933.905450311
Armenia,2016,1694.302536231884,3295631.3081693477
Armenia,2017,1557.921195652174,2524696.0284566344
Armenia,2018,1317.8374094202898,2177614.46867129
Armenia,2019,1182.1942934782608,1791307.579791367
Armenia,2020,1278.2653985507247,1961181.677200404
Armenia,2021,1213.136322463768,1738328.9907970077
Armenia,2022,1259.5108695652175,1925576.7940459393
Australia,2005,523.1446707955812,2015325.9660054685
Australia,2006,355.09197381726926,1045776.9680323389
Australia,2007,387.5562347723895,1144488.827476668
Australia,2008,470.06041514816377,1771099.1761552296
Australia,2009,470.8906593292731,1767839.129664191
Australia,2010,511.8338724795148,2088222.6112441937
Australia,2011,540.7685065926241,2297976.749794085
Australia,2012,501.8103737521224,1865045.154729176
Australia,2013,542.3997594140877,2033455.5752391114
Australia,2014,493.79351089873535,1841976.1153802474
Australia,2015,497.1232002015432,1823575.9399194364
Australia,2016,634.8899744302605,2522827.798141786
Australia,2017,510.3530245757763,1743293.7978648583
Australia,2018,457.19851973164407,1463787.7991070275
Australia,2019,429.122784501841,1208309.3722934155
Australia,2020,619.5892669837405,2347524.208754266
Australia,2021,733.0541754383239,2802873.877903882
Australia,2022,792.4263311646779,3217549.1862392994
Austria,2005,1718.5236955938863,3945579.378244862
Austria,2006,1741.578941634533,3671631.0878085573
Austria,2007,1818.1884208404776,3844646.026362341
Austria,2008,1921.4619117106788,4478711.307388928
Austria,2009,1886.8941737424698,4130926.481807515
Austria,2010,1378.5946180518777,3841243.4126195167
Austria,2011,1678.0669363229144,4499936.160499213
Austria,2012,1412.2552470090368,3561255.66815401
Austria,2013,1432.053525332778,3843356.224812292
Austria,2014,1595.1319037880387,4524078.268815086
Austria,2015,1393.6190366093763,4070356.5696931602
Austria,2016,1429.731659148531,4611309.963198539
Austria,2017,1416.1484771765622,3730914.4236877766
Azerbaijan,2005,873.3035330114261,2056447.4512503557
Azerbaijan,2006,874.8768943921212,1986711.858546964
Azerbaijan,2007,880.7859635703016,1874422.1841172967
Azerbaijan,2008,961.5461108189511,2190571.4478302975
Azerbaijan,2009,1002.5921499258976,2581771.6834028065
Azerbaijan,2010,881.166515274657,1822217.7902557878
Azerbaijan,2011,954.6340297365779,2138854.165884639
Azerbaijan,2012,1013.2528565281829,2338995.069364278
Azerbaijan,2013,1051.8922407611035,2399118.1356268
Azerbaijan,2014,938.6871922359803,1954917.0985162766
Azerbaijan,2015,1047.0115217287373,2202141.743380375
Azerbaijan,2016,1060.4369651479658,2362138.9978928473
Azerbaijan,2017,1112.8837787445618,2396258.823009101
Azerbaijan,2018,1184.5121193287757,2646610.592735123
Azerbaijan,2019,1305.3086006597505,2822726.6018910375
Azerbaijan,2020,1289.5357842902902,2553289.86131566
Azerbaijan,2021,1333.651575273701,2604213.5260134153
Azerbaijan,2022,1334.161686666348,2491020.1936950223
Bangladesh,2005,1536.1340794883508,10584238.031763274
Bangladesh,2006,1535.997284401807,10542535.164469378
Bangladesh,2007,1547.089995431704,10518804.838467292
Bangladesh,2008,1811.0064209938582,12498854.665850382
Bangladesh,2009,1787.317775747424,12556730.986447455
Bangladesh,2010,1907.149002588701,13197380.053619385
Bangladesh,2011,2012.5175118014315,13588472.705069719
Bangladesh,2012,2036.7001675041877,13630771.947282664
Bangladesh,2013,2077.2248870615704,13859007.322439674
Bangladesh,2014,2130.7507233135375,14105400.902797341
Bangladesh,2015,2168.4458910715193,14345121.677951269
Bangladesh,2016,2202.0766712349628,14332566.192504536
Bangladesh,2017,2247.991218719862,14425884.06307675
Bangladesh,2018,2296.464519567535,14954961.761866894
Bangladesh,2019,2352.6796863103395,15027715.313674964
Bangladesh,2020,2418.1245875843865,15437163.61453193
Bangladesh,2021,2475.6814374904825,15846109.399198664
Bangladesh,2022,2523.383330795391,16102977.873458052
Barbados,2005,5639.714285714285,1297691.5476253652
Barbados,2006,5384.571428571428,1369122.214857351
Barbados,2007,5127.857142857143,1278254.8010605336
Barbados,2008,4006.285714285714,1150794.65997827
Barbados,2009,4329.571428571428,1262766.9371992564
Barbados,2010,3887.0,1308955.3809330554
Barbados,2011,3665.0,1294526.3118020822
Barbados,2012,3941.0,1397352.2536640328
Barbados,2013,3725.8571428571427,1430457.1980526287
Barbados,2014,3592.1428571428573,1422995.820510597
Barbados,2015,3420.285714285714,1413302.6840251207
Barbados,2016,3400.4285714285716,1499482.6249399285
Barbados,2017,3249.8571428571427,1394448.6730867152
Barbados,2018,3940.8571428571427,1538159.0089142895
Barbados,2019,3670.714285714286,1550500.6533410896
Barbados,2020,3470.714285714286,1540476.3279641224
Barbados,2021,3091.5714285714284,1495121.8502012345
Barbados,2022,4596.714285714285,1698444.2424907794
Belarus,2005,592.9138977693165,1823895.8237638162
Belarus,2006,622.4244764538956,1752250.6701127682
Belarus,2007,661.7748482344912,1984845.9200110843
Belarus,2008,742.4462085563418,2422305.1535356753
Belarus,2009,702.3513775638493,2236678.4245667006
Belarus,2010,690.8577894320916,1990078.8614171539
Belarus,2011,636.6636732641259,2103579.3577164817
Belarus,2012,681.1042063292504,2411629.742072948
Belarus,2013,606.0982793922195,1963106.422895522
Belarus,2014,648.5919034448076,2485233.876637543
Belarus,2015,588.2292826610151,2326691.7791076275
Belarus,2016,583.471389058515,2058396.8885888495
Belarus,2017,606.1940084054743,2175619.880385692
Belarus,2018,566.5435180861382,1686555.3914154936
Belarus,2019,580.9712992564388,1933586.9220509585
Belarus,2020,614.0008620999317,2196007.9008521503
Belarus,2021,555.9531592370415,1866519.087452938
Belarus,2022,600.7705018140019,2081539.2518449633
Belgium,2005,2888.4638840642037,8524675.339875167
Belgium,2006,2671.173473643625,7317067.5791823445
Belgium,2007,2815.830229984559,7528846.8472388545
Belgium,2008,2729.5987643450712,8112705.165660043
Belgium,2009,2945.8928283448045,8630473.881576795
Belgium,2010,2894.2426933051083,8351497.342736511
Belgium,2011,2931.003242064912,8204786.922644733
Belgium,2012,2638.4967866669385,7461113.900144879
Belgium,2013,2813.9221107344047,7889534.303868994
Belgium,2014,3116.4777624747207,8991682.546024067
Belgium,2015,2932.2197115322233,8604965.068172967
Belgium,2016,2770.618114782815,6844810.795789702
Belgium,2017,3060.9152299196808,8115563.755460095
Belize,2005,1478.68,2747029.387268342
Belize,2006,1528.49,2371533.405213811
Belize,2007,1493.57,2460130.054074168
Belize,2008,1399.53,2489631.309205424
Belize,2009,1427.88,2669387.6948693343
Belize,2010,1505.15,2697598.8945577717
Belize,2011,1321.25,2441202.908925733
Belize,2012,1572.7,2913980.4426110084
Belize,2013,1543.03,2770977.3992058905
Belize,2014,1609.07,2523196.297616499
Belize,2015,1498.15,2501252.728569882
Belize,2016,1452.53,2066237.2942419746
Belize,2017,1660.07,2241528.7402407546
Belize,2018,1557.84,1936104.0577398783
Belize,2019,1521.7,1911540.8033322028
Belize,2020,1544.19,2097892.9437949974
Belize,2021,1762.83,2063012.8929565835
Belize,2022,1728.81,2143633.4980734754
Benin,2005,417.0676520380717,1126341.1565047118
Benin,2006,341.3043655437779,1006469.9837056259
Benin,2007,361.89826918991554,976881.0548629345
Benin,2008,489.3021262581564,1248019.8943633756
Benin,2009,485.5178113930072,1364381.503909602
Benin,2010,507.7744559620839,1353244.7161678164
Benin,2011,541.5318192520526,1449274.124783337
Benin,2012,566.68895405051,1493997.3664888993
Benin,2013,620.3650850012845,1654623.5390804757
Benin,2014,667.2255574334714,1640071.0497799825
Benin,2015,564.4991332793733,1483716.1921462545
Benin,2016,642.8092673440644,1596086.2379306722
Benin,2017,678.5378923455908,1656031.404534799
Benin,2018,677.6128940031145,1843300.7725470061
Benin,2019,731.9297555130677,1870783.3842891008
Benin,2020,688.5385908885464,1802643.2559940068
Benin,2021,716.889508073755,1885616.4763316254
Benin,2022,718.9668061806698,1947820.6865308818
Bhutan,2005,2102.87,3479626.3202648475
Bhutan,2006,2210.01,3674160.5375146363
Bhutan,2007,2180.07,3736555.583168259
Bhutan,2008,1905.57,3243032.6082764226
Bhutan,2009,1693.26,2805987.007345971
Bhutan,2010,1825.54,2958776.3924145848
Bhutan,2011,2271.26,3598271.8284317832
Bhutan,2012,1913.51,3236554.269373561
Bhutan,2013,1923.81,3188204.6992950477
Bhutan,2014,1864.47,3218097.435610916
Bhutan,2015,1617.97,3233575.75319509
Bhutan,2016,1979.17,3551470.711726948
Bhutan,2017,1943.34,3504200.374137359
Bhutan,2018,1446.42,2727526.733653754
Bhutan,2019,1395.76,2622081.6136333
Bhutan,2020,1421.3,2844896.345232664
Bhutan,2021,1087.47,2366676.6419283315
Bhutan,2022,947.06,1963292.0426756723
Bolivia (Plurinational State of),2005,482.26002682646055,592089.3676557721
Bolivia (Plurinational State of),2006,531.1883310865292,616004.4700546444
Bolivia (Plurinational State of),2007,532.2831492420875,601616.522467046
Bolivia (Plurinational State of),2008,559.3803480248941,642608.7948858176
Bolivia (Plurinational State of),2009,655.4196303160433,719068.4065720802
Bolivia (Plurinational State of),2010,578.2085237040535,704905.0979053201
Bolivia (Plurinational State of),2011,594.7314689712715,690473.0985775157
Bolivia (Plurinational State of),2012,690.4191150863497,692332.8598548042
Bolivia (Plurinational State of),2013,728.3021603189146,857630.1531857012
Bolivia (Plurinational State of),2014,716.1299037516417,842313.0946635671
Bolivia (Plurinational State of),2015,734.6654088302676,1004145.9329765745
Bolivia (Plurinational State of),2016,734.379749380484,929020.4510819026
Bolivia (Plurinational State of),2017,740.6478979239731,826496.3126786704
Bolivia (Plurinational State of),2018,841.8980831801488,1082484.1029117678
Bolivia (Plurinational State of),2019,830.4299978304983,1047793.4682545702
Bolivia (Plurinational State of),2020,844.3192672391074,1058490.7883965299
Bolivia (Plurinational State of),2021,894.4887249550011,1243433.354509917
Bolivia (Plurinational State of),2022,855.4470421177443,963773.0541801762
Bosnia and Herzegovina,2005,1647.6810810810812,4063075.1902464163
Bosnia and Herzegovina,2006,1711.4108108108107,4002455.8205205384
Bosnia and Herzegovina,2007,1572.0864864864866,3700902.61678702
Bosnia and Herzegovina,2008,1764.554054054054,4047148.118521032
Bosnia and Herzegovina,2009,1849.7162162162163,4269066.25751178
Bosnia and Herzegovina,2010,1646.6675675675676,3408742.6301806257
Bosnia and Herzegovina,2011,1710.4027027027028,3764539.1917153243
Bosnia and Herzegovina,2012,1361.881081081081,3334994.9815054014
Bosnia and Herzegovina,2013,1915.9378378378378,4177449.554954739
Bosnia and Herzegovina,2014,1367.6027027027028,3221218.1522202934
Bosnia and Herzegovina,2015,1675.2783783783784,3711745.5473838756
Bosnia and Herzegovina,2016,2098.42972972973,4774933.1232902715
Bosnia and Herzegovina,2017,1586.9837837837838,3928769.982964636
Bosnia and Herzegovina,2018,2288.181081081081,4915359.095903859
Bosnia and Herzegovina,2019,2034.1432432432432,4553998.532194818
Bosnia and Herzegovina,2020,2353.7918918918917,5247183.1530156685
Bosnia and Herzegovina,2021,1872.872972972973,4459229.798313371
Bosnia and Herzegovina,2022,2358.091891891892,4667617.813829199
Botswana,2005,58.87692307692308,390829.44939072494
Botswana,2006,70.87692307692308,440948.08479089575
Botswana,2007,59.973076923076924,429518.6925066603
Botswana,2008,70.48076923076923,442601.4632576805
Botswana,2009,99.98846153846154,521983.6429526558
Botswana,2010,99.27692307692308,558094.7295375356
Botswana,2011,124.58461538461539,586834.02666143
Botswana,2012,70.0,468139.00218356436
Botswana,2013,43.18846153846154,379926.0124279964
Botswana,2014,88.8,492022.49927804753
Botswana,2015,107.48461538461538,595556.7809646903
Botswana,2016,96.50384615384615,557748.9260781026
Botswana,2017,37.238461538461536,415122.5996070636
Botswana,2018,161.33461538461538,798803.9848766534
Botswana,2019,92.68461538461538,617477.1860925875
Botswana,2020,333.4,1231671.71394841
Botswana,2021,190.91153846153847,829702.0442078455
Botswana,2022,435.65,1378102.0270965584
Brazil,2005,1035.7154847057977,1698994.4449377353
Brazil,2006,1078.066945832285,1658727.434886753
Brazil,2007,1185.1896768628014,1747803.732374955
Brazil,2008,1274.8936774379067,1933361.904104429
Brazil,2009,1248.8980266705007,1824397.0817869497
Brazil,2010,1345.9185866791272,1842836.4307058884
Brazil,2011,1433.9985802091944,1960060.550009576
Brazil,2012,1373.2640271737177,1884392.4161897777
Brazil,2013,1532.736727651774,1989189.27213384
Brazil,2014,1560.6212573236044,2056915.261428856
Brazil,2015,1650.3656949786132,2063160.7386745785
Brazil,2016,1560.897721145897,1845502.1398094827
Brazil,2017,1799.8956004457066,2072181.517078946
Brazil,2018,1763.61006074548,1985594.8329074457
Brazil,2019,1792.4952733546602,2077215.4212661078
Brazil,2020,1849.2510513640775,2164813.635391816
Brazil,2021,1887.2076848423853,2129507.8928944943
Brazil,2022,1873.8114194313648,2355726.299367149
Brunei Darussalam,2005,2653.75,2361302.7590954863
Brunei Darussalam,2006,2663.25,2304385.9023121367
Brunei Darussalam,2007,2691.0,2539141.7677569683
Brunei Darussalam,2008,2686.75,2556787.9265438244
Brunei Darussalam,2009,2766.0,2626315.093537214
Brunei Darussalam,2010,2965.25,3028414.275388351
Brunei Darussalam,2011,3147.5,3405993.70113704
Brunei Darussalam,2012,3134.0,3501790.4627851513
Brunei Darussalam,2013,3222.75,3530738.210937955
Brunei Darussalam,2014,3387.0,3771964.4635788193
Brunei Darussalam,2015,3833.25,4655104.13989883
Brunei Darussalam,2016,3942.75,4482751.970888168
Brunei Darussalam,2017,3909.75,4456519.114308116
Brunei Darussalam,2018,3726.0,4471433.399988442
Brunei Darussalam,2019,3600.5,4131932.6429304434
Brunei Darussalam,2020,3816.0,4329258.09090223
Brunei Darussalam,2021,3647.25,4130597.6211334057
Brunei Darussalam,2022,3528.75,3865577.9356488986
Bulgaria,2005,578.436563364931,2267921.22291662
Bulgaria,2006,609.4893232565144,2183579.9438128145
Bulgaria,2007,441.16131992944315,1598512.1331983234
Bulgaria,2008,705.2432920795629,2902441.543966474
Bulgaria,2009,651.7015387704178,2498749.022402651
Bulgaria,2010,749.097818760666,2676154.9966521678
Bulgaria,2011,755.6573116691285,2877831.635608627
Bulgaria,2012,669.5463997361288,2801268.2351275473
Bulgaria,2013,885.0491173222813,3514694.2684731246
Bulgaria,2014,891.2251365963489,3445495.2044703076
Bulgaria,2015,819.6463552795743,3261605.733763935
Bulgaria,2016,848.3084998063989,3593996.76175247
Bulgaria,2017,916.6307668038605,3971233.1372741195
Burkina Faso,2005,99.96384773648474,967493.2070906091
Burkina Faso,2006,101.90759940762744,961732.063870883
Burkina Faso,2007,84.16950592045639,838895.0536817574
Burkina Faso,2008,123.46895252537668,1171086.6671748776
Burkina Faso,2009,109.72003943602772,997137.7119677012
Burkina Faso,2010,136.28683765096812,1242916.8002169717
Burkina Faso,2011,116.8999065393105,998236.8133448337
Burkina Faso,2012,150.8565020965771,1253507.982861956
Burkina Faso,2013,152.49585492110688,1316027.8422899083
Burkina Faso,2014,151.45758548583808,1289545.0228946493
Burkina Faso,2015,142.04006437675184,1220811.4841447542
Burkina Faso,2016,150.70221601728014,1298969.8611930695
Burkina Faso,2017,138.2686549859374,1148168.0379602502
Burkina Faso,2018,169.42331417197184,1473454.3442696724
Burkina Faso,2019,173.1368030510502,1471467.5321103863
Burkina Faso,2020,186.56930321384098,1560185.2446538408
Burkina Faso,2021,165.22040961512363,1282374.7829286254
Burkina Faso,2022,177.27546389619116,1555816.907122665
Burundi,2005,573.297079609339,2092157.8979236495
Burundi,2006,580.2331625904438,2093551.6077812046
Burundi,2007,626.0798839364132,2108243.1298793363
Burundi,2008,648.612314135834,2144625.064762255
Burundi,2009,670.3076308720179,2230209.814532003
Burundi,2010,688.8285770251863,2299113.7933528065
Burundi,2011,671.8804353716617,2236877.6422289843
Burundi,2012,492.55725901501563,2011469.0200755848
Burundi,2013,751.9352761429928,2958695.7683015456
Burundi,2014,570.7615189385946,2581359.7360485033
Burundi,2015,472.25006713559145,2594881.7458284483
Burundi,2016,559.4544321146394,2872507.2162887924
Burundi,2017,509.00661425599685,2619149.861575625
Burundi,2018,733.1070351742059,3135974.95227657
Burundi,2019,709.4748528390862,3656025.329002527
Burundi,2020,693.7218306778318,3386941.7108647083
Burundi,2021,817.3300349347278,3611340.9632055922
Burundi,2022,825.0351118386615,3648393.466853671
Cabo Verde,2005,2443.58,862100.2274667465
Cabo Verde,2006,2476.1,879110.4418808273
Cabo Verde,2007,2668.84,925039.705149619
Cabo Verde,2008,2462.76,893449.2273518704
Cabo Verde,2009,2314.86,849148.5136025164
Cabo Verde,2010,2389.94,821804.8694545917
Cabo Verde,2011,2685.04,937554.4074948184
Cabo Verde,2012,2719.8,1008778.2171678522
Cabo Verde,2013,3011.9,1035295.2620489998
Cabo Verde,2014,2470.42,975278.4989524242
Cabo Verde,2015,2440.54,1038288.5940739029
Cabo Verde,2016,2322.98,979325.7766092772
Cabo Verde,2017,2318.08,911477.2346263422
Cabo Verde,2018,1747.18,637545.6947931931
Cabo Verde,2019,1709.66,649706.7321738624
Cabo Verde,2020,1689.68,656095.2513829124
Cabo Verde,2021,1605.76,628776.1021867397
Cabo Verde,2022,1536.86,632978.2339216545
Cambodia,2005,631.5734876659643,3011469.989178966
Cambodia,2006,644.1694197893338,3335756.967070729
Cambodia,2007,815.1813396036061,3564478.8662825213
Cambodia,2008,941.1794944719957,3952395.130060409
Cambodia,2009,970.2918568513587,4158418.6193850245
Cambodia,2010,1018.1501855386117,4554998.447699201
Cambodia,2011,1125.4433921257573,5266676.554407225
Cambodia,2012,1266.7575325176474,5473474.177293812
Cambodia,2013,1571.2054617953852,5547167.389198472
Cambodia,2014,2098.7011678269064,5979069.852888744
Cambodia,2015,1344.7611982671365,6145814.763587959
Cambodia,2016,1305.161327418097,6546854.896639636
Cambodia,2017,1416.0085397104374,6830012.918272423
Cambodia,2018,1503.7701270177804,6994663.540719651
Cambodia,2019,1406.4527957632115,6934749.3389663845
Cambodia,2020,1460.7342076289306,6990466.386266794
Cambodia,2021,1536.0826236061848,7565775.485031089
Cambodia,2022,1538.5842378111595,7451762.289328705
Cameroon,2005,514.7096774193549,1358742.0116307277
Cameroon,2006,555.5572580645161,1479678.001604632
Cameroon,2007,599.481935483871,1635227.2865712126
Cameroon,2008,630.3832258064516,1720914.893407279
Cameroon,2009,684.3382258064516,1894690.277401851
Cameroon,2010,760.771935483871,2085167.4392594632
Cameroon,2011,759.8393548387097,2156760.4366623256
Cameroon,2012,815.223870967742,2308274.259627305
Cameroon,2013,821.4653225806452,2389713.389225273
Cameroon,2014,880.2253225806452,2400126.3891237807
Cameroon,2015,941.073870967742,2550831.2092660163
Cameroon,2016,948.39,2580308.1258995486
Cameroon,2017,940.8751612903226,2591331.6783944517
Cameroon,2018,975.9493548387097,2725669.8014566344
Cameroon,2019,944.4658064516129,2708288.306090972
Cameroon,2020,945.4420967741936,2679695.9637422366
Cameroon,2021,959.3870967741935,2654984.271977645
Cameroon,2022,990.9964516129032,2744894.516623027
Canada,2005,428.5741920264213,1776536.21101699
Canada,2006,420.65628686010854,1719744.630578368
Canada,2007,409.9360698277896,1513421.413008012
Canada,2008,483.7239390841656,1964241.544317599
Canada,2009,464.82598097035464,1866890.827467441
Canada,2010,449.98728735812955,1719843.66096021
Canada,2011,477.6090797095751,1760084.3040623781
Canada,2012,496.7524835522005,1930729.45483984
Canada,2013,617.1997850646117,2544339.4927365505
Canada,2014,538.2385520694085,2075098.902570232
Canada,2015,569.2682760609158,2006477.475338848
Canada,2016,606.7496264842337,2358003.321733456
Canada,2017,621.899373541978,2205898.7146822177
Canada,2018,621.753374747713,2261276.4596176646
Canada,2019,613.4574454142748,2329201.245695367
Canada,2020,627.6142434012214,2531347.29475536
Canada,2021,493.02083824801446,1657525.551364499
Canada,2022,631.2428507771749,2426020.6767042684
Central African Republic,2005,143.77277777777778,649166.7951828939
Central African Republic,2006,139.93777777777777,653860.2733942588
Central African Republic,2007,141.42944444444444,684592.4098402192
Central African Republic,2008,144.18277777777777,691249.7194843504
Central African Republic,2009,146.87,715985.130128094
Central African Republic,2010,108.875,1345760.4478485433
Central African Republic,2011,110.31611111111111,1337346.5300374143
Central African Republic,2012,112.20944444444444,1352697.5082187345
Central African Republic,2013,105.00055555555555,959902.5995709683
Central African Republic,2014,111.69722222222222,1106272.4937316233
Central African Republic,2015,109.68055555555556,1148874.5134921898
Central African Republic,2016,116.10388888888889,1403396.6936718451
Central African Republic,2017,116.20333333333333,1407983.307885522
Central African Republic,2018,118.04555555555555,1473334.14236486
Central African Republic,2019,119.98555555555555,1554174.1203034276
Central African Republic,2020,176.13555555555556,1497432.0804231004
Central African Republic,2021,179.3838888888889,1535102.1489359094
Central African Republic,2022,182.46444444444444,1576858.1785679513
Chad,2005,173.18547169811322,868142.4531908702
Chad,2006,190.15056603773584,888373.0127813867
Chad,2007,182.02396226415095,857086.4153620219
Chad,2008,184.10358490566037,875971.3086808256
Chad,2009,159.91132075471697,751831.8268998611
Chad,2010,294.5943396226415,1540897.415644525
Chad,2011,185.7811320754717,838418.4697868691
Chad,2012,328.2543396226415,1649485.111797317
Chad,2013,291.02358490566036,1315242.506289014
Chad,2014,308.01358490566037,1334373.7999239461
Chad,2015,266.2458490566038,1183425.4175756096
Chad,2016,301.698679245283,1404417.6034009084
Chad,2017,295.49301886792455,1351891.8959558292
Chad,2018,321.4896226415094,1454655.6070633286
Chad,2019,326.9488679245283,1441129.4101880286
Chad,2020,317.81735849056605,1405386.556944901
Chad,2021,294.33849056603776,1308644.9723118644
Chad,2022,308.23698113207547,1386615.9182897194
Chile,2005,6154.932831046983,5670775.200093876
Chile,2006,6373.801265192978,5297784.794185099
Chile,2007,6021.862250337622,4476721.880982266
Chile,2008,6068.829341104556,4788979.304644749
Chile,2009,6301.998720591371,4658469.264773622
Chile,2010,6476.150401592153,5404913.3997158585
Chile,2011,6810.051176345156,5802910.703886732
Chile,2012,6913.909304143863,5153090.389010319
Chile,2013,7107.97071575805,5694001.797402935
Chile,2014,6569.604094107613,5296125.547048588
Chile,2015,6897.719809510271,5596888.07354564
Chile,2016,6687.653706731111,5987282.297683872
Chile,2017,6644.515601677447,5543917.797841875
Chile,2018,7220.365342241808,5947439.537163265
Chile,2019,7069.0688748311895,5707152.001588578
Chile,2020,6620.740635439619,5293832.390654507
Chile,2021,7226.031700902694,5587168.537881614
Chile,2022,6959.91612765655,5163775.713314295
China; Hong Kong SAR,2005,13826.5,6397130.018159031
China; Hong Kong SAR,2006,14016.0,6684907.555267146
China; Hong Kong SAR,2007,14232.0,6678117.633540449
China; Hong Kong SAR,2008,14050.5,6590030.395399792
China; Hong Kong SAR,2009,13992.0,6460355.798340295
China; Hong Kong SAR,2010,14009.0,6528220.497306117
China; Hong Kong SAR,2011,14046.0,6556341.058130884
China; Hong Kong SAR,2012,14782.0,6923269.418541138
China; Hong Kong SAR,2013,14515.0,6836031.117056051
China; Hong Kong SAR,2014,14125.5,6721813.224280609
China; Hong Kong SAR,2015,13965.5,6611491.714664911
China; Hong Kong SAR,2016,14206.5,6716148.596703217
China; Hong Kong SAR,2017,14237.5,6754403.70217694
China; Hong Kong SAR,2018,14288.0,6779171.993503177
China; Hong Kong SAR,2019,14324.0,6798364.368908971
China; Hong Kong SAR,2020,14236.5,6793147.139313798
China; Hong Kong SAR,2021,14261.0,6786285.070639335
China; Hong Kong SAR,2022,14183.5,6711251.414293425
China; mainland,2005,4535.078536638903,8067192.154281183
China; mainland,2006,4642.730756425285,8203919.089873068
China; mainland,2007,4850.024219037492,8335748.965837942
China; mainland,2008,5213.857421253542,8698070.80151231
China; mainland,2009,5301.232533195114,8816179.948222272
China; mainland,2010,5436.816838225868,8983985.356780933
China; mainland,2011,5684.1507519799015,9301964.823308567
China; mainland,2012,5895.015775576401,9516641.576569567
China; mainland,2013,6048.797560757412,9609082.908537107
China; mainland,2014,6153.118897397422,9771164.408545535
China; mainland,2015,6407.539849355005,10129309.950676473
China; mainland,2016,6391.853770874624,10097984.088758396
China; mainland,2017,6517.670785255716,10230118.13729278
China; mainland,2018,6589.9355142764125,10209780.004662229
China; mainland,2019,6738.709547705324,10270130.231177734
China; mainland,2020,6790.935992939035,10359443.219459431
China; mainland,2021,6924.949067161254,10546896.40832129
China; mainland,2022,6985.260502217619,10495645.533757545
Colombia,2005,3274.294119954497,4945241.434900859
Colombia,2006,3315.0547209037777,4887922.158071654
Colombia,2007,3434.1658494488684,5192011.500716361
Colombia,2008,3472.080571137175,5395137.264332956
Colombia,2009,3371.7365551327816,5256688.012864883
Colombia,2010,3397.1733417016435,4793580.751082401
Colombia,2011,3596.226807358883,4733587.090623657
Colombia,2012,3664.3117718589415,4902747.590996689
Colombia,2013,3910.173773192641,5215404.30219802
Colombia,2014,3979.128780449535,4994556.4067056915
Colombia,2015,4276.862668183423,5348152.772448343
Colombia,2016,4333.30522104107,5958004.458079708
Colombia,2017,4390.082375554073,5367922.982828013
Colombia,2018,4185.063742988271,5458256.697358624
Colombia,2019,5022.363393872828,5746255.667511569
Colombia,2020,4751.887576981917,5876118.676087371
Colombia,2021,5003.327972384576,5893496.087903933
Colombia,2022,5121.677323186757,5794133.956161654
Congo,2005,723.6145454545455,1408013.9953304227
Congo,2006,728.5909090909091,1475681.005510171
Congo,2007,738.6636363636363,1542172.7380877594
Congo,2008,773.0054545454545,1632694.6864382015
Congo,2009,800.88,1689733.147142775
Congo,2010,819.9236363636363,1626241.4143690707
Congo,2011,831.7472727272727,1655151.9783620352
Congo,2012,845.6236363636364,1775661.5417738007
Congo,2013,857.0363636363636,1838792.6633271351
Congo,2014,853.1836363636363,2123445.3440788235
Congo,2015,864.1363636363636,2100437.49823354
Congo,2016,876.5927272727273,2023777.5927933163
Congo,2017,883.3618181818182,2038601.7712301721
Congo,2018,888.9654545454546,2078168.6811338628
Congo,2019,897.0254545454545,2142622.9605960054
Congo,2020,896.5036363636364,2122990.3432805063
Congo,2021,902.6218181818182,2190239.1523227417
Congo,2022,897.82,2149165.647644141
Costa Rica,2005,15011.763058730332,13852188.933792068
Costa Rica,2006,17917.08300076466,16123181.969016857
Costa Rica,2007,16292.877426056073,15597645.06143451
Costa Rica,2008,16170.88505349619,15172127.151603019
Costa Rica,2009,15632.159699976188,14346423.546654752
Costa Rica,2010,19120.69640179641,17031179.492835052
Costa Rica,2011,20096.96446072419,18167592.676347733
Costa Rica,2012,21183.61739783909,18226561.802981053
Costa Rica,2013,21872.803401354846,18622556.562623892
Costa Rica,2014,22365.332123920176,19251116.53020113
Costa Rica,2015,21017.887507823092,17473932.627845358
Costa Rica,2016,22876.331122325042,19281604.87374823
Costa Rica,2017,24505.048063403246,19520673.99580066
Costa Rica,2018,24640.389054491803,19640378.21938487
Costa Rica,2019,21058.48980514966,16858676.042464614
Costa Rica,2020,21363.862639065563,17945879.22426538
Costa Rica,2021,22421.371192113606,18272588.97242724
Costa Rica,2022,20778.150866313976,17077297.374718875
Croatia,2005,1041.6255760368663,2849264.8141643596
Croatia,2006,1069.8629032258063,3236739.512702529
Croatia,2007,999.8675115207374,3064185.212627721
Croatia,2008,1201.4942396313363,3704737.3297940344
Croatia,2009,1184.2350230414747,3734304.9808547804
Croatia,2010,1060.294930875576,3096955.835284576
Croatia,2011,1049.6209677419354,3197157.363694429
Croatia,2012,958.5172811059908,3398127.818671495
Croatia,2013,1111.5771889400921,3758033.7292189645
Croatia,2014,968.6463133640553,3019750.316651039
Croatia,2015,1011.8513824884793,3189043.7226129225
Croatia,2016,1171.3859447004609,3919216.8211027933
Croatia,2017,1010.4285714285714,2851300.198357964
Cyprus,2005,2675.254640438199,2338029.7054298376
Cyprus,2006,2545.362218296512,2126359.1745043555
Cyprus,2007,2413.395686055339,2173305.729207085
Cyprus,2008,1950.337834731229,1701681.6389308386
Cyprus,2009,1979.7023294402047,1861190.1192319635
Cyprus,2010,1879.2765749187981,1867389.926902476
Cyprus,2011,2029.215322258471,2224060.9646510095
Cyprus,2012,1829.334455873052,1893039.4347478393
Cyprus,2013,1731.432372260872,1759859.960216424
Cyprus,2014,1774.0589108572,1676675.470386196
Cyprus,2015,1893.3764366788491,2213209.473271627
Cyprus,2016,1625.5097151112714,1620641.602793654
Cyprus,2017,1689.6538688283729,1705241.4447135269
Czechia,2005,994.1630788392395,3825608.100853091
Czechia,2006,870.0815600195858,3153961.3373061824
Czechia,2007,958.5588105262658,3579510.3475973224
Czechia,2008,1067.8420267831252,4135340.683620934
Czechia,2009,1026.0549955710073,3912090.5231918604
Czechia,2010,903.9284927638657,3649028.441177187
Czechia,2011,1050.706420375585,4332068.312153423
Czechia,2012,890.6938068578871,3213383.1555554634
Czechia,2013,1010.6577093788476,4066842.730067819
Czechia,2014,1160.6325932663465,4699863.605232883
Czechia,2015,1046.5163080423852,4491888.876098854
Czechia,2016,1126.6620607255309,4706332.794988571
Czechia,2017,1007.5356260567387,4107361.9036022876
Côte d'Ivoire,2005,1222.9363184504916,2583666.9424639926
Côte d'Ivoire,2006,1300.589503285825,2748294.5988293123
Côte d'Ivoire,2007,1224.3808293787122,2579846.0738468287
Côte d'Ivoire,2008,1318.8699160861574,2837550.293828747
Côte d'Ivoire,2009,1222.099967859736,2628588.488561537
Côte d'Ivoire,2010,1326.5230340883966,2942561.1291053104
Côte d'Ivoire,2011,1367.2691520901988,3011632.041253489
Côte d'Ivoire,2012,1464.6041626774145,3327002.463768313
Côte d'Ivoire,2013,1514.9580064350068,3488808.4282631394
Côte d'Ivoire,2014,1635.1955316684036,3956257.3652005773
Côte d'Ivoire,2015,1777.6326789429552,4410012.590264194
Côte d'Ivoire,2016,1777.8985539004846,4181642.98887553
Côte d'Ivoire,2017,1984.7869555624673,4685969.2089083195
Côte d'Ivoire,2018,2024.838509070677,4792703.326443301
Côte d'Ivoire,2019,2150.216144681115,4855051.011592368
Côte d'Ivoire,2020,2181.5396292037467,4884557.71498475
Côte d'Ivoire,2021,2257.0930889437927,4995761.893925923
Côte d'Ivoire,2022,2375.3943282687937,5227582.595522929
Denmark,2005,1089.6997885835094,4548272.01688975
Denmark,2006,1022.6334038054969,4411058.757052482
Denmark,2007,1049.6389006342495,4228470.510945741
Denmark,2008,1133.292177589852,4686371.724309427
Denmark,2009,1206.0820295983087,5490939.202147274
Denmark,2010,1072.2646934460888,4724547.391706733
Denmark,2011,1100.0959830866807,4548985.447883991
Denmark,2012,1133.6114164904864,4342713.2163726725
Denmark,2013,1135.2511627906977,4072829.0744545506
Denmark,2014,1211.7670190274841,4959816.740692772
Denmark,2015,1237.679069767442,4906176.066512944
Denmark,2016,1156.1310782241014,4205564.272296067
Denmark,2017,1288.1260042283297,4854870.431355922
Dominican Republic,2005,1157.9869510905196,2717360.956510285
Dominican Republic,2006,1326.0447218715838,3097476.3355848715
Dominican Republic,2007,1314.4752750087957,3133394.0943125347
Dominican Republic,2008,1200.8786589567083,2930043.535609486
Dominican Republic,2009,1386.9377880640081,3358582.110066785
Dominican Republic,2010,1487.9237172840815,3787927.2214477756
Dominican Republic,2011,1656.1700590831945,4098492.755017088
Dominican Republic,2012,1725.830652772399,3889464.8070739997
Dominican Republic,2013,1804.972064331003,4249118.551775933
Dominican Republic,2014,1927.267543433081,4628465.7214025855
Dominican Republic,2015,1952.4438240275758,4612222.556723686
Dominican Republic,2016,2024.7751572441452,4892622.97370974
Dominican Republic,2017,2125.9455581123098,5120919.8850863725
Dominican Republic,2018,2217.7529979973556,5360112.614296756
Dominican Republic,2019,2217.5961970964777,5412651.964570265
Dominican Republic,2020,2248.4859745693534,5429257.163648505
Dominican Republic,2021,2254.0406208618783,5557731.436426531
Dominican Republic,2022,2423.7617110032315,6055740.122328508
Ecuador,2005,3432.871595330739,7743954.750774448
Ecuador,2006,3392.018482490272,7673062.783815245
Ecuador,2007,3597.6838521400778,8104693.068323973
Ecuador,2008,3671.7023346303504,7859357.248812926
Ecuador,2009,4000.1780155642023,8725907.8601753
Ecuador,2010,4192.560311284046,8634711.608065935
Ecuador,2011,3961.588521400778,8122914.489952756
Ecuador,2012,3993.5505836575876,7984187.743985304
Ecuador,2013,3635.422178988327,7343396.256970423
Ecuador,2014,4259.081712062257,8072178.203418293
Ecuador,2015,4731.613813229572,8780832.897560082
Ecuador,2016,4019.351167315175,7886307.191188495
Ecuador,2017,4254.591439688716,8328527.785102271
Ecuador,2018,4069.4503891050585,7887531.846175181
Ecuador,2019,4163.903696498054,7867049.63302416
Ecuador,2020,4282.286964980544,8093422.0335762715
Ecuador,2021,4572.655642023346,8759006.460903598
Ecuador,2022,4465.400778210117,8762141.522135453
Egypt,2005,4268.140831453432,14023225.263266385
Egypt,2006,4384.980019336126,14555339.547375284
Egypt,2007,4362.371898163068,14249523.19948284
Egypt,2008,4653.423783435385,15181619.355624719
Egypt,2009,4636.110860457622,14617503.282931538
Egypt,2010,4208.548501450209,12778351.154714353
Egypt,2011,4466.637125362552,14526530.364856694
Egypt,2012,4800.022558814051,15213381.996051852
Egypt,2013,4796.093780212697,15234112.927732965
Egypt,2014,4840.3776990009665,15135660.525349148
Egypt,2015,4912.514985497905,15482637.510237543
Egypt,2016,4813.750241701579,15264325.180817712
Egypt,2017,4797.89977441186,14887375.850593835
Egypt,2018,4294.307444408637,13292257.143346624
Egypt,2019,4727.717692555591,14776470.898601647
Egypt,2020,4844.954237834354,15501402.62204361
Egypt,2021,4996.100870125685,15598460.783402128
Egypt,2022,5040.511762810183,15944615.70621876
El Salvador,2005,886.6962552011096,1369191.8519248324
El Salvador,2006,936.9445214979196,1535830.3177753754
El Salvador,2007,915.3037447988904,1408901.9152482948
El Salvador,2008,1043.492371705964,1632309.6659707606
El Salvador,2009,992.1553398058253,1592611.4382742841
El Salvador,2010,847.1123439667128,1440218.4422733816
El Salvador,2011,849.6851595006934,1319394.5110513489
El Salvador,2012,994.0568654646324,1590327.492827296
El Salvador,2013,974.5672676837726,1545317.4205514882
El Salvador,2014,945.6671289875173,1544172.7122792914
El Salvador,2015,858.882108183079,1330480.672783284
El Salvador,2016,1013.2704576976422,1517990.632523354
El Salvador,2017,1028.8169209431346,1447970.384213607
El Salvador,2018,908.005547850208,1331181.3523318789
El Salvador,2019,988.6823855755895,1387620.23408404
El Salvador,2020,965.2676837725381,1306211.3264569272
El Salvador,2021,995.3079056865465,1370682.1570866802
El Salvador,2022,934.2815533980582,1314153.4659754015
Equatorial Guinea,2005,1229.5471698113208,2379185.5824960535
Equatorial Guinea,2006,1203.6037735849056,2408059.3239133493
Equatorial Guinea,2007,1288.754716981132,2547630.880848995
Equatorial Guinea,2008,1292.0,2592667.8168037925
Equatorial Guinea,2009,1274.0566037735848,2612467.966003516
Equatorial Guinea,2010,1318.377358490566,2703752.158277771
Equatorial Guinea,2011,1335.7735849056603,2770218.475397491
Equatorial Guinea,2012,1351.698113207547,2824709.037253695
Equatorial Guinea,2013,1351.9245283018868,2838039.4297360787
Equatorial Guinea,2014,1374.4528301886792,2884795.57975629
Equatorial Guinea,2015,1488.8301886792453,3096701.202029265
Equatorial Guinea,2016,1428.9056603773586,2985704.803389626
Equatorial Guinea,2017,1470.8867924528302,3053703.0468631648
Equatorial Guinea,2018,1494.3962264150944,3083510.3986916584
Equatorial Guinea,2019,1519.188679245283,3119330.4179775105
Equatorial Guinea,2020,1523.622641509434,3141502.8992904676
Equatorial Guinea,2021,1486.433962264151,3107273.1415229314
Equatorial Guinea,2022,1513.566037735849,3132504.503636303
Eritrea,2005,872.8115942028985,982322.5611814087
Eritrea,2006,849.2144927536232,991344.732841776
Eritrea,2007,1031.2115942028986,1301264.3347436576
Eritrea,2008,269.8855072463768,408520.12302564556
Eritrea,2009,517.0478260869565,548356.7338784768
Eritrea,2010,533.7855072463768,570426.1132717034
Eritrea,2011,685.2869565217392,771993.8154684564
Eritrea,2012,674.2347826086957,750596.61417621
Eritrea,2013,665.9057971014493,749015.3934247284
Eritrea,2014,673.4623188405797,756943.4513553577
Eritrea,2015,687.5927536231884,750127.4106122381
Eritrea,2016,680.3188405797101,753003.0654649409
Eritrea,2017,685.7449275362319,756766.6575665228
Eritrea,2018,685.3942028985507,755144.707773611
Eritrea,2019,684.3565217391305,757150.3376144565
Eritrea,2020,685.2144927536232,758086.4631429396
Eritrea,2021,683.4115942028985,753996.2106628614
Eritrea,2022,682.591304347826,752262.7000101099
Estonia,2005,412.8959212376934,1023429.1258327891
Estonia,2006,336.2208157524613,825545.3532672384
Estonia,2007,449.48523206751054,1291492.050103616
Estonia,2008,386.1026722925457,1224921.5951442663
Estonia,2009,415.82981715893106,1223128.0395162655
Estonia,2010,384.80168776371306,1151048.452141998
Estonia,2011,419.1082981715893,1277755.1801015246
Estonia,2012,453.5541490857947,1636243.1742449359
Estonia,2013,460.32489451476795,1424714.5861835456
Estonia,2014,499.74120956399435,2040544.621827964
Estonia,2015,601.9789029535865,2742059.368458555
Estonia,2016,373.25879043600565,1759982.1331475524
Estonia,2017,500.6976090014065,2407942.6523360726
Ethiopia,2005,307.6413788999152,1117022.0133125344
Ethiopia,2006,300.22020769303754,1136935.4356519396
Ethiopia,2007,313.16120539717997,1304898.0909002228
Ethiopia,2008,320.600608342502,1356992.4529226746
Ethiopia,2009,385.19120642401094,1593873.686064175
Ethiopia,2010,445.2656382584068,1837070.9370234704
Ethiopia,2011,455.67400968733364,1899268.469322076
Ethiopia,2012,482.7160680518235,2030745.9444815228
Ethiopia,2013,522.2495501821588,2181039.3038385
Ethiopia,2014,561.7592517840884,2371920.523798484
Ethiopia,2015,610.7443963928719,2605885.4376609675
Ethiopia,2016,639.4914576683424,2635688.6455487306
Ethiopia,2017,689.9204462056399,2796618.8270768444
Ethiopia,2018,717.2470782267189,2909584.883093426
Ethiopia,2019,752.6964070426461,2997995.820015407
Ethiopia,2020,764.4156953438701,3172875.6673116977
Ethiopia,2021,757.0733047593008,3057663.4263573075
Ethiopia,2022,723.4279424379505,2866156.7550790156
Fiji,2005,2719.2447916666665,2572260.803577028
Fiji,2006,2783.59375,2407139.991115681
Fiji,2007,2372.3697916666665,2427484.039229781
Fiji,2008,2487.6302083333335,2427674.9281574944
Fiji,2009,2214.4270833333335,2448030.182573401
Fiji,2010,1952.7604166666667,1388338.8559215805
Fiji,2011,2171.9791666666665,1673968.2832471253
Fiji,2012,1670.7552083333333,1158155.4676083468
Fiji,2013,2205.1171875,1946817.7168087633
Fiji,2014,2094.5572916666665,1837587.8795025193
Fiji,2015,2058.7630208333335,1824436.0894134338
Fiji,2016,1504.6354166666667,1604506.213092615
Fiji,2017,1788.5026041666667,1754215.3426437462
Fiji,2018,1981.640625,1861550.1527958
Fiji,2019,2130.9114583333335,1919507.6445259075
Fiji,2020,2389.9088541666665,2122064.1063799723
Fiji,2021,2332.2786458333335,2340046.939440561
Fiji,2022,2678.8802083333335,2623752.097045046
Finland,2005,533.2540106951872,1153644.5030146001
Finland,2006,498.16711229946526,1017101.651118792
Finland,2007,523.75311942959,1195256.1256280069
Finland,2008,520.6483957219251,1163416.8767402365
Finland,2009,549.8930481283422,1244376.2467207632
Finland,2010,454.79545454545456,1028733.0988884077
Finland,2011,514.039661319073,1311545.2475717429
Finland,2012,472.3636363636364,1192256.4406634392
Finland,2013,521.2606951871658,1227489.4857005596
Finland,2014,531.2330659536542,1399287.9985010482
Finland,2015,493.551247771836,1292092.254750449
Finland,2016,488.62254901960785,1165750.8667317315
Finland,2017,482.93048128342247,1138388.2714417614
France,2005,2391.7525077746072,5413413.558228541
France,2006,2333.0069282381,5164003.665088298
France,2007,2224.8128111751257,4824827.459525112
France,2008,2314.4465735335175,5564472.871669003
France,2009,2387.9752978328147,5559887.406319781
France,2010,2253.354498774679,5549536.871889008
France,2011,2375.0000443806784,5294828.092657432
France,2012,2188.15064293401,5435662.845870926
France,2013,2184.219520799922,5508981.3834443465
France,2014,2408.7909010851727,5686599.3481785245
France,2015,2370.2959291793254,5984879.021603971
France,2016,2175.1593532634533,4373439.033316673
France,2017,2289.9791505490834,5579268.150846301
Gambia,2005,199.79090909090908,1384969.8054071732
Gambia,2006,210.39318181818183,1464810.093699935
Gambia,2007,152.58636363636364,965683.9196992646
Gambia,2008,229.5590909090909,1489727.3913802477
Gambia,2009,298.5477272727273,1845916.370640816
Gambia,2010,346.96590909090907,2109752.8236355176
Gambia,2011,185.87045454545455,1200627.0199214176
Gambia,2012,223.11818181818182,1538847.4367473668
Gambia,2013,222.2659090909091,1407665.6922206585
Gambia,2014,173.0818181818182,1129595.7302736046
Gambia,2015,228.59318181818182,1400615.6002632047
Gambia,2016,168.09545454545454,1089889.2882156875
Gambia,2017,118.24318181818182,842191.6970905362
Gambia,2018,94.30681818181819,581558.9229795156
Gambia,2019,93.84545454545454,640062.1870269411
Gambia,2020,106.69545454545455,719022.7334030009
Gambia,2021,112.06136363636364,738417.8233417678
Gambia,2022,107.61818181818182,827767.976613428
Georgia,2005,2834.7763157894738,3984452.2857019105
Georgia,2006,1212.3256578947369,1849205.9526236367
Georgia,2007,1589.578947368421,2415412.8561901036
Georgia,2008,1342.7105263157894,2157997.2037167037
Georgia,2009,1242.4868421052631,2043596.9367313308
Georgia,2010,948.7631578947369,1686116.9316930051
Georgia,2011,1265.3980263157894,2396245.512572398
Georgia,2012,1188.9868421052631,2196861.6587858684
Georgia,2013,1520.1217105263158,2765271.873822247
Georgia,2014,1186.4440789473683,2099729.3552455637
Georgia,2015,1137.1019736842106,2374011.065225337
Georgia,2016,1244.8322368421052,2475952.2692020186
Georgia,2017,1008.9901315789474,1915761.9468247162
Georgia,2018,1316.296052631579,2317120.2921819775
Georgia,2019,1297.9736842105262,2282836.356020596
Georgia,2020,1491.766447368421,2571543.602717147
Georgia,2021,1452.6315789473683,2809873.4000376877
Georgia,2022,1366.9506578947369,2692442.3206097325
Germany,2005,1588.4187141511857,5265402.52463474
Germany,2006,1504.786918928174,4889327.396804573
Germany,2007,1537.681962160774,4679627.536333246
Germany,2008,1649.3157263932883,5662183.041065981
Germany,2009,1711.601232771167,5589518.589314617
Germany,2010,1515.3816454070713,5108306.173108541
Germany,2011,1518.0481979282595,5014826.697393713
Germany,2012,1583.6318808321205,5066805.684620593
Germany,2013,1582.7005393373854,5480966.738565315
Germany,2014,1783.3618697029365,6046493.681746135
Germany,2015,1615.0890334731616,5702214.4260648405
Germany,2016,1577.8587449704648,5345739.076449257
Germany,2017,1590.1553805324886,5352870.170886531
Ghana,2005,1241.8093802416188,3348473.7048237147
Ghana,2006,1273.0387057050043,3432412.6745773824
Ghana,2007,1247.1330601498971,3235673.8443259196
Ghana,2008,1409.7481899828022,3743670.7037144117
Ghana,2009,1560.791948873649,4088648.907602943
Ghana,2010,1563.6506082931696,4204152.854549962
Ghana,2011,1597.921824242553,4411249.407807636
Ghana,2012,1692.4955943862926,4661353.605332803
Ghana,2013,1731.0443958470455,4796297.4715853045
Ghana,2014,1770.3225121552475,5071387.563062028
Ghana,2015,1794.9852438480648,5055965.6140627
Ghana,2016,1812.9936941336334,5143145.068247957
Ghana,2017,1937.326907153018,5511355.594936578
Ghana,2018,1997.6415635151488,5860764.999420988
Ghana,2019,2110.3297309921654,6180302.295729781
Ghana,2020,2167.6606722011084,6447217.45154193
Ghana,2021,2372.198135841525,6894659.542930358
Ghana,2022,2361.268179791503,6859349.431242419
Greece,2005,6798.062448489594,4769150.277675655
Greece,2006,6210.9248293437,4430802.26693915
Greece,2007,5939.983121216626,4245038.119478494
Greece,2008,6034.687850236501,4800046.821561941
Greece,2009,6200.601121960359,4878263.441556654
Greece,2010,6300.779339432097,4615675.819706655
Greece,2011,6163.9147257686645,4582542.593997925
Greece,2012,6469.482816862299,4554860.767304627
Greece,2013,5129.0809982263145,4398246.928416091
Greece,2014,6054.016190285473,4042262.5699048513
Greece,2015,6522.502098295943,4158823.277753181
Greece,2016,6157.39296245967,4103335.2096357206
Greece,2017,6268.225864922128,4006160.662589658
Grenada,2005,4134.333333333333,4232933.9131664755
Grenada,2006,5657.666666666667,5040594.78746592
Grenada,2007,5726.0,5372069.2486876855
Grenada,2008,5782.0,5530491.244911414
Grenada,2009,5797.0,5587372.510231211
Grenada,2010,6526.333333333333,6309397.755205478
Grenada,2011,7697.333333333333,6912728.962721041
Grenada,2012,8505.666666666666,7121910.406945342
Grenada,2013,9788.666666666666,7375231.902079038
Grenada,2014,12021.0,8624791.737402821
Grenada,2015,16252.333333333334,9034604.611968225
Grenada,2016,15797.333333333334,9144912.202138789
Grenada,2017,12740.0,8496786.120967522
Grenada,2018,13363.666666666666,8500730.276612882
Grenada,2019,11588.333333333334,7415832.780712106
Grenada,2020,9566.0,7195308.061322939
Grenada,2021,10230.333333333334,7432004.131887106
Grenada,2022,8258.666666666666,6419152.672249787
Guinea,2005,117.25855491191717,933667.6611196068
Guinea,2006,121.25699426892025,982024.8510392936
Guinea,2007,125.77692571662664,1029862.5841827042
Guinea,2008,131.20934332495958,1085617.5947302717
Guinea,2009,129.8188644138897,1027229.3849809526
Guinea,2010,138.47656643874234,1118261.8884373698
Guinea,2011,145.20696436104052,1178827.4768123124
Guinea,2012,153.40084008725867,1239986.7420110176
Guinea,2013,159.5132473824147,1296959.5784570908
Guinea,2014,157.87460556848222,1321336.5131048765
Guinea,2015,163.77151613200533,1502646.0660914388
Guinea,2016,168.62577584239972,1571587.002829535
Guinea,2017,173.38853694052307,1672728.750164921
Guinea,2018,179.82560597830934,1766890.3752866318
Guinea,2019,182.92755893202286,1815385.0295723893
Guinea,2020,190.9224376763619,1916627.6964445834
Guinea,2021,208.494671164154,2123194.557430405
Guinea,2022,225.3652486270625,2325288.674016131
Guinea-Bissau,2005,421.49720438752513,1847460.1649619557
Guinea-Bissau,2006,446.4965407218912,1933759.6479207124
Guinea-Bissau,2007,375.89515852759774,1875265.7754843603
Guinea-Bissau,2008,440.0798421360679,2226644.4001721116
Guinea-Bissau,2009,493.76975985417056,2160177.5766626294
Guinea-Bissau,2010,545.2221762923466,2385940.075125925
Guinea-Bissau,2011,474.5929833476811,2522922.3573572347
Guinea-Bissau,2012,533.2104603816899,2716970.8453242797
Guinea-Bissau,2013,567.6806213427283,3107434.544388231
Guinea-Bissau,2014,381.2398790990834,2422914.3397047785
Guinea-Bissau,2015,457.0671541132732,2409271.195058949
Guinea-Bissau,2016,489.3175115446217,2789012.8400132586
Guinea-Bissau,2017,462.63436068773456,2511480.19290043
Guinea-Bissau,2018,487.58818852149204,2625431.8727315185
Guinea-Bissau,2019,520.584379712816,2808050.8426465453
Guinea-Bissau,2020,549.598577100881,2954476.5222952506
Guinea-Bissau,2021,596.4470502274793,3085004.9400342386
Guinea-Bissau,2022,638.2010995359398,3128438.104289336
Guyana,2005,375.62886597938143,9153723.167444091
Guyana,2006,311.8041237113402,10212440.418748021
Guyana,2007,298.21649484536084,9838705.098049842
Guyana,2008,287.2371134020619,10686694.421598377
Guyana,2009,404.17525773195877,11682850.076866763
Guyana,2010,535.2577319587629,11805187.001711106
Guyana,2011,389.89690721649487,12846684.611735625
Guyana,2012,425.2680412371134,13451863.99340839
Guyana,2013,539.8762886597938,16988554.025456358
Guyana,2014,1054.6494845360826,20544925.540696926
Guyana,2015,2363.494845360825,23317187.89294876
Guyana,2016,2065.4742268041236,18828578.203846466
Guyana,2017,2691.505154639175,22053176.06017735
Guyana,2018,3244.6082474226805,22385427.414244972
Guyana,2019,3104.103092783505,23978860.11003922
Guyana,2020,3081.701030927835,24262614.594908617
Guyana,2021,3015.3092783505153,20492048.17898627
Guyana,2022,3135.9690721649486,22053058.58264844
Honduras,2005,1090.5157170923378,1485498.365880311
Honduras,2006,1095.0235756385068,1337168.696868894
Honduras,2007,1177.0383104125738,1476877.064986831
Honduras,2008,1161.2819253438115,1468232.1810328367
Honduras,2009,1194.5913555992142,1473234.8380121035
Honduras,2010,1199.6188605108055,1511190.8764607678
Honduras,2011,1246.3222003929272,1593346.7863499217
Honduras,2012,1286.3978388998034,1660445.1474567316
Honduras,2013,1266.1581532416503,1628267.2433012577
Honduras,2014,1097.7013752455796,1444988.0191885028
Honduras,2015,1161.7170923379174,1566371.8027760258
Honduras,2016,1202.720039292731,1662187.04692104
Honduras,2017,1260.0186640471513,1661545.1218972492
Honduras,2018,1297.0343811394891,1706597.7471557905
Honduras,2019,1218.762278978389,1638831.6611371585
Honduras,2020,1235.6453831041258,1614672.5921894456
Honduras,2021,1120.0677799607072,1492789.2046035947
Honduras,2022,1207.0442043222004,1567943.9277302038
Hungary,2005,1068.3021138005,3717546.58654159
Hungary,2006,1021.9724348581265,3287545.0483997655
Hungary,2007,815.2160142967901,2683078.074557442
Hungary,2008,1170.5414889964086,3950444.6620554505
Hungary,2009,998.6955095946162,3180428.5312682204
Hungary,2010,829.6184956759497,2751715.8823596197
Hungary,2011,971.7145651445279,3034419.4959206074
Hungary,2012,797.3129331560874,2725087.7779504415
Hungary,2013,986.5986896700334,3426742.1607478904
Hungary,2014,1139.0496041766858,3792568.1392299565
Hungary,2015,1034.2931850631746,3567115.1418068022
Hungary,2016,1194.3917529952485,3854990.6157619776
Hungary,2017,1114.4141363711278,3485070.062531923
Iceland,2005,208.8099173553719,59755.093177481554
Iceland,2006,220.3801652892562,61753.28156200961
Iceland,2007,216.43801652892563,57833.826865620154
Iceland,2008,220.5785123966942,56778.548079156615
Iceland,2009,197.6694214876033,45903.2500524123
Iceland,2010,219.71900826446281,56711.72906987725
Iceland,2011,183.04132231404958,37347.873434334455
Iceland,2012,218.3305785123967,47916.894758751245
Iceland,2013,159.05785123966942,31187.59533939975
Iceland,2014,195.97520661157026,41552.45466243141
Iceland,2015,204.9917355371901,44020.42008708295
Iceland,2016,221.11570247933884,47470.18639695698
Iceland,2017,208.63636363636363,43629.75952994328
Iceland,2018,159.19834710743802,30939.081678609356
Iceland,2019,204.099173553719,40880.19983031062
Iceland,2020,191.46280991735537,37397.54778874828
Iceland,2021,186.58677685950414,33919.23880957383
Iceland,2022,208.28925619834712,37780.895089164274
India,2005,876.4873037856302,3539918.5649935794
India,2006,924.0702365068399,3636234.4111120766
India,2007,982.7955133175233,3918169.3430246715
India,2008,1013.4022838952951,3967555.537788304
India,2009,980.3336805991082,3783565.7471897835
India,2010,1025.680083083824,4050577.347073247
India,2011,1131.312346175668,4381401.882420347
India,2012,1146.3288960002913,4383520.902575573
India,2013,1158.032406850776,4479721.694053729
India,2014,1189.6461333591562,4562888.721391476
India,2015,1147.5208408207777,4367651.585452499
India,2016,1189.7368925583955,4586019.460353748
India,2017,1216.6692576202956,4801422.579971568
India,2018,1272.8892620786423,4965006.21238578
India,2019,1294.2561482614724,5012375.240593503
India,2020,1350.5821521855971,5258594.203972693
India,2021,1414.0839754933913,5473884.738244146
India,2022,1436.8043338248779,5487842.353567725
Indonesia,2005,3502.935431858342,8027027.392225688
Indonesia,2006,3593.5853667986603,8088227.0152435955
Indonesia,2007,3607.6859891773574,8177321.05925828
Indonesia,2008,3861.9120286490906,8627182.619099373
Indonesia,2009,3992.3101419380178,8865726.36681433
Indonesia,2010,4121.259841545557,8869086.169051232
Indonesia,2011,4119.512151643632,8730632.927601662
Indonesia,2012,4329.92391624697,9034967.71541449
Indonesia,2013,4391.46071932125,8997124.74610656
Indonesia,2014,4436.405911903135,8900737.613101512
Indonesia,2015,4629.772652980225,9108450.00522783
Indonesia,2016,4378.010665637663,8329549.771781017
Indonesia,2017,4665.137913646608,8430144.91026751
Indonesia,2018,4853.452667430059,8723916.793979924
Indonesia,2019,4750.469931709125,8227210.479731501
Indonesia,2020,4730.693126988322,8150573.208943147
Indonesia,2021,4905.456831204669,8220688.170025751
Indonesia,2022,4920.2481732032165,8369219.952583493
Iran (Islamic Republic of),2005,1451.8461048474426,3112412.6036609844
Iran (Islamic Republic of),2006,1437.6369195490158,3121783.934537681
Iran (Islamic Republic of),2007,1536.8547041212817,3364746.9661993845
Iran (Islamic Republic of),2008,1069.9085292056818,2004508.13875278
Iran (Islamic Republic of),2009,1250.2888082043441,2677049.8389201732
Iran (Islamic Republic of),2010,1339.2210331868273,2781700.298641242
Iran (Islamic Republic of),2011,1258.946111217275,2336401.7109295507
Iran (Islamic Republic of),2012,1303.7645709917829,2434437.9316554037
Iran (Islamic Republic of),2013,1368.5330275813747,2526242.055262034
Iran (Islamic Republic of),2014,1332.4116822727563,2675568.6305484646
Iran (Islamic Republic of),2015,1343.8731766354545,2771405.3081583744
Iran (Islamic Republic of),2016,1407.1335753869673,3206479.1323221703
Iran (Islamic Republic of),2017,1334.3641633225045,2866192.264055224
Iran (Islamic Republic of),2018,1331.6362188674439,2933356.071006144
Iran (Islamic Republic of),2019,1445.5169756035416,3181676.555531562
Iran (Islamic Republic of),2020,1432.4837887763551,3161490.0900818314
Iran (Islamic Republic of),2021,1222.045544302185,2676414.0377135817
Iran (Islamic Republic of),2022,1283.6822090579017,2921531.6841859743
Iraq,2005,889.6041457033608,1493699.7366358798
Iraq,2006,890.7001408734152,1468170.007456054
Iraq,2007,835.885892533709,1488768.7282558046
Iraq,2008,658.6554638760314,1038683.5800150267
Iraq,2009,691.9058160595694,1168557.890195923
Iraq,2010,848.1457033608372,1598386.4088251838
Iraq,2011,920.4576373515798,1730950.5514559702
Iraq,2012,937.2974441537533,1879353.8156950586
Iraq,2013,1145.5715435701347,2475975.300822181
Iraq,2014,1083.9853089152748,2676817.9068614207
Iraq,2015,527.8635540350172,1427210.9347888636
Iraq,2016,572.0992151338297,1633129.5361536706
Iraq,2017,554.9688066009257,1646585.2750566404
Iraq,2018,487.9424431475146,1228777.3753766422
Iraq,2019,990.7864761521433,2467556.6179288514
Iraq,2020,1265.0996176293017,3236947.030495632
Iraq,2021,926.1110887502516,2411318.9287061794
Iraq,2022,710.076071644194,1630185.4976166375
Ireland,2005,1800.5193621867882,4303665.796469299
Ireland,2006,1626.3097949886105,4307834.411281754
Ireland,2007,1613.2186788154897,3922711.0543355984
Ireland,2008,1763.1753986332574,5075611.9721289845
Ireland,2009,1573.73576309795,3759790.608678435
Ireland,2010,1639.9863325740318,3777679.6461292566
Ireland,2011,1915.9544419134397,4837199.15533621
Ireland,2012,1607.1776765375855,3715216.5370561983
Ireland,2013,1911.890660592255,3262572.138589334
Ireland,2014,1959.756264236902,3927524.3085888205
Ireland,2015,1969.4077448747153,4095937.7941688597
Ireland,2016,1799.0569476082005,3873041.2494298383
Ireland,2017,1864.9430523917995,4188003.101190722
Israel,2005,12454.42888725129,6827763.444403421
Israel,2006,12039.36624907885,6103393.633327962
Israel,2007,12204.502579218864,6539383.6172394315
Israel,2008,11313.761974944731,5479080.575387674
Israel,2009,11918.28297715549,6267419.093066762
Israel,2010,11553.577745025792,6039103.313034498
Israel,2011,11489.36624907885,6256429.761035099
Israel,2012,11725.36109064112,7041274.046532779
Israel,2013,11837.80029476787,6855020.122592393
Israel,2014,11912.851879145173,6673828.865576277
Israel,2015,11085.1215917465,6477212.589876634
Israel,2016,11348.647752394989,6347239.28210584
Israel,2017,11135.32792925571,5732274.144040981
Israel,2018,10553.91672807664,5437153.066884872
Israel,2019,10900.84377302874,5664024.706091159
Israel,2020,10906.308032424466,5999242.69881044
Israel,2021,11056.459100957996,6280641.915796265
Israel,2022,11813.599852616066,6401738.877659694
Italy,2005,4856.978292116694,4917787.519035977
Italy,2006,4497.423027839599,4711731.417297663
Italy,2007,4427.388782545275,4699158.000254899
Italy,2008,4435.338840114803,5084559.840134986
Italy,2009,4451.177271095665,4506898.584979179
Italy,2010,4245.250990298931,4517532.181591821
Italy,2011,4221.958515780346,4525467.818368703
Italy,2012,3895.1949452302547,4513262.99252092
Italy,2013,3936.606753046132,4477695.271881929
Italy,2014,3688.400004686302,4434662.360198974
Italy,2015,4081.1492506786317,4555033.442972957
Italy,2016,3862.0238304111936,4722635.14081013
Italy,2017,3820.4995231122916,4304417.533673811
Jamaica,2005,6644.708333333333,3461484.80986256
Jamaica,2006,7007.291666666667,3794866.410184431
Jamaica,2007,6964.316666666667,3732431.086333458
Jamaica,2008,6387.8,3377991.9609093843
Jamaica,2009,7155.75,3686563.015190121
Jamaica,2010,6998.616666666667,3127794.5421117567
Jamaica,2011,7370.55,3320068.6669429275
Jamaica,2012,7346.408333333334,3416758.120503763
Jamaica,2013,7046.65,3333431.8890700177
Jamaica,2014,6787.525,3265450.096135431
Jamaica,2015,6839.925,3244912.8196733803
Jamaica,2016,7329.425,3569731.040302239
Jamaica,2017,7022.941666666667,3501193.8207073687
Jamaica,2018,7256.883333333333,3658330.068366845
Jamaica,2019,7281.925,3724460.616047141
Jamaica,2020,7238.725,3721732.15295794
Jamaica,2021,7817.133333333333,3979287.9967222614
Jamaica,2022,8453.6,4375051.110387551
Japan,2005,13474.076409495548,7455430.243148613
Japan,2006,12728.437190900098,7046888.989926276
Japan,2007,12928.364985163205,7233697.469133339
Japan,2008,13090.441394658754,7285716.955735092
Japan,2009,12472.88946587537,6917883.508718678
Japan,2010,12014.365232443126,6802511.760056914
Japan,2011,11927.266073194856,6896133.231127824
Japan,2012,12139.04277942631,7118862.934058782
Japan,2013,12093.94584569733,7143151.615417187
Japan,2014,12138.249010880316,7182783.411854758
Japan,2015,11792.100642927795,7065101.20825704
Japan,2016,11696.375865479724,6917343.16896009
Japan,2017,11680.188674579624,6922545.598233907
Japan,2018,11551.529920870425,6736242.664658121
Japan,2019,11456.03684470821,6863358.809421872
Japan,2020,11150.981701285855,6745687.577792609
Japan,2021,11228.137240356084,6848061.29214832
Japan,2022,11159.217853610287,6747977.963231843
Jordan,2005,4044.700980392157,3147121.0553165996
Jordan,2006,4051.0637254901962,2988901.548885258
Jordan,2007,3662.578431372549,2615200.5125001105
Jordan,2008,3512.7107843137255,2641248.051121107
Jordan,2009,3959.5196078431372,2891468.762120749
Jordan,2010,4594.955882352941,3535376.0171854235
Jordan,2011,4766.411764705882,3653282.2218141095
Jordan,2012,4476.514705882353,3348977.1808722955
Jordan,2013,4653.7107843137255,3439983.333960193
Jordan,2014,5014.769607843137,3661983.8076927452
Jordan,2015,5751.406862745098,4029295.791953974
Jordan,2016,5967.612745098039,4506593.38165945
Jordan,2017,4932.833333333333,3440778.858012324
Jordan,2018,5019.759803921569,3616022.183039912
Jordan,2019,5134.490196078431,3469989.4788557887
Jordan,2020,4764.5392156862745,3462782.318145065
Jordan,2021,5198.485294117647,3856094.9389328244
Jordan,2022,4893.117647058823,3825141.223076639
Kazakhstan,2005,123.92787928425295,829745.2613144458
Kazakhstan,2006,132.8283063192415,972609.7385181899
Kazakhstan,2007,149.34070786020754,1172825.287927014
Kazakhstan,2008,130.3472229243976,910155.642046426
Kazakhstan,2009,163.00447931728328,1219181.0695922745
Kazakhstan,2010,114.1951553268149,720981.3359575783
Kazakhstan,2011,191.39876709235347,1590458.8583272763
Kazakhstan,2012,131.34581745012588,758088.9301360613
Kazakhstan,2013,161.35316501346492,1030857.8720642825
Kazakhstan,2014,164.63280720735295,975948.8401114366
Kazakhstan,2015,172.50885583608866,1050100.6571190911
Kazakhstan,2016,184.6247855556342,1151540.3548521923
Kazakhstan,2017,188.7380391443122,1166107.0010716682
Kazakhstan,2018,193.89717455855637,1103581.7934955643
Kazakhstan,2019,186.03201245715326,919598.4198278432
Kazakhstan,2020,201.981246861276,1101367.595098043
Kazakhstan,2021,188.6418804369441,942535.9844313876
Kazakhstan,2022,216.29369356616345,1257723.9012472606
Kenya,2005,1128.3962149941854,1052397.8315651235
Kenya,2006,1102.5124865449168,1146647.203372588
Kenya,2007,1188.6934735535363,1090900.6919133808
Kenya,2008,1153.3503818794209,1057683.452939867
Kenya,2009,1095.1138399292574,1089430.3214432371
Kenya,2010,1340.1497361590657,1247355.0085890295
Kenya,2011,1213.5399831870734,1177367.4359220704
Kenya,2012,1285.0551575294735,1418791.4426353585
Kenya,2013,1372.099815039112,1444784.892752439
Kenya,2014,1355.356398351674,1361268.3881234159
Kenya,2015,1322.284663595741,1442278.0587569126
Kenya,2016,1341.937690907858,1221080.7393285946
Kenya,2017,1304.963154607167,1247824.6182761143
Kenya,2018,1488.5326405554003,1457202.2977576598
Kenya,2019,1468.452904528569,1544971.7426811545
Kenya,2020,1945.0390430181037,1635573.7162571554
Kenya,2021,1654.1162787881935,1437499.7067522518
Kenya,2022,1626.7031840868588,1485772.7844216707
Kuwait,2005,13124.5,14432384.570056882
Kuwait,2006,15893.5,17429619.492008008
Kuwait,2007,17189.125,18484430.96478043
Kuwait,2008,16655.75,18235456.408556517
Kuwait,2009,17298.25,18834595.251596533
Kuwait,2010,18509.125,20395749.15799719
Kuwait,2011,30908.0,38616426.929332376
Kuwait,2012,29936.625,37851061.598571025
Kuwait,2013,33132.0,39169725.266035445
Kuwait,2014,34301.0,39263284.93057115
Kuwait,2015,27439.25,33539061.52474037
Kuwait,2016,24867.5,30878877.354474176
Kuwait,2017,27654.25,32899971.547827214
Kuwait,2018,28203.875,33472113.20708188
Kuwait,2019,34481.0,37990828.91273121
Kuwait,2020,28146.25,34148447.58691372
Kuwait,2021,26902.25,33973557.86266712
Kuwait,2022,25366.375,31194404.739116408
Kyrgyzstan,2005,746.0301542695228,2272212.839321035
Kyrgyzstan,2006,767.6729750424639,2193896.840281009
Kyrgyzstan,2007,776.4914858304473,2081955.0095082046
Kyrgyzstan,2008,777.8876463889115,2127752.232415355
Kyrgyzstan,2009,872.2971738631902,2635437.7891936633
Kyrgyzstan,2010,791.5849454090338,2243869.0657389797
Kyrgyzstan,2011,801.3386350120687,2251890.9668799317
Kyrgyzstan,2012,780.8090112991056,1903313.5917008414
Kyrgyzstan,2013,853.5733858836974,2343207.154157197
Kyrgyzstan,2014,803.2805108890418,1992091.1761465075
Kyrgyzstan,2015,977.7741500406177,2436342.4738931432
Kyrgyzstan,2016,998.4646898090385,2363847.724807782
Kyrgyzstan,2017,1015.5536639497507,2303723.749874717
Kyrgyzstan,2018,1038.4807036773593,2357215.596830631
Kyrgyzstan,2019,1059.6516594954078,2335055.1072003557
Kyrgyzstan,2020,1049.048302024666,2368396.0767006553
Kyrgyzstan,2021,930.4003078394104,1900302.3538046128
Kyrgyzstan,2022,1025.9852221535543,2243990.3210184453
Lao People's Democratic Republic,2005,1171.512254901961,4585250.135249016
Lao People's Democratic Republic,2006,1207.6339869281046,4790317.273345945
Lao People's Democratic Republic,2007,1317.2475490196077,5025602.468784758
Lao People's Democratic Republic,2008,1479.075980392157,5508730.683411737
Lao People's Democratic Republic,2009,1613.9428104575163,5980275.873122287
Lao People's Democratic Republic,2010,1658.8570261437908,6150144.553890467
Lao People's Democratic Republic,2011,1791.5972222222222,6582955.268437502
Lao People's Democratic Republic,2012,1875.7769607843138,7399896.1930237645
Lao People's Democratic Republic,2013,1831.1021241830065,7568608.774082973
Lao People's Democratic Republic,2014,2266.2450980392155,9041858.489169614
Lao People's Democratic Republic,2015,2494.6617647058824,10126482.034531344
Lao People's Democratic Republic,2016,2524.9436274509803,10270218.79721405
Lao People's Democratic Republic,2017,2295.149509803922,9754440.51794255
Lao People's Democratic Republic,2018,2240.3382352941176,9440705.293547131
Lao People's Democratic Republic,2019,2014.9591503267975,9327630.543198055
Lao People's Democratic Republic,2020,2013.8063725490197,9673780.523250155
Lao People's Democratic Republic,2021,1922.6135620915034,10012727.00990843
Lao People's Democratic Republic,2022,2007.1674836601308,10807886.112598335
Latvia,2005,375.2720588235294,1387498.0995605367
Latvia,2006,331.61764705882354,1227279.0333900424
Latvia,2007,384.8625,1623059.3544076507
Latvia,2008,382.6345588235294,1891230.4930956808
Latvia,2009,358.2066176470588,1893704.8899724372
Latvia,2010,333.6404411764706,1722346.2289204474
Latvia,2011,336.70882352941175,1671046.9545763384
Latvia,2012,450.14632352941175,2600564.8592941966
Latvia,2013,424.6,2409208.276257908
Latvia,2014,423.50073529411765,2524476.8468136676
Latvia,2015,554.8213235294118,3759896.2698641783
Latvia,2016,518.3955882352941,3513549.9931070097
Latvia,2017,516.6727941176471,3623995.1091491356
Lebanon,2005,12623.910506967242,8706767.672240313
Lebanon,2006,12886.61821660664,8598245.81051834
Lebanon,2007,12706.457905222862,8431511.995628253
Lebanon,2008,12971.825549980704,8893954.439647464
Lebanon,2009,11131.66455312345,7753995.470005541
Lebanon,2010,12119.744765441408,7146754.3349240525
Lebanon,2011,10962.680439716334,7461580.8298683725
Lebanon,2012,10809.298298684636,7788303.690476772
Lebanon,2013,11381.527085888338,8101345.11901724
Lebanon,2014,12598.778963117058,8685675.206860434
Lebanon,2015,17964.285341745785,10732449.81738359
Lebanon,2016,15471.985742151703,10027345.393105784
Lebanon,2017,14996.639689808351,9829413.311843412
Lebanon,2018,15275.858369258602,10332495.421288246
Lebanon,2019,13305.561723161107,8394385.85126405
Lebanon,2020,14978.26602033472,10077553.924222367
Lebanon,2021,13015.442525284287,8955852.893395005
Lebanon,2022,14714.99204999784,10133874.031012448
Lithuania,2005,398.66739036039945,1635041.7398432395
Lithuania,2006,270.97047329570125,962270.8363513863
Lithuania,2007,381.9313938341294,1608137.3364073194
Lithuania,2008,427.8145896656535,1974866.1230895156
Lithuania,2009,471.87451150673036,2360493.3560590814
Lithuania,2010,376.0447242726878,1832412.8912713048
Lithuania,2011,448.5223621363439,2023287.2503113325
Lithuania,2012,585.4776378636561,3108223.9793066825
Lithuania,2013,539.1884498480243,2971182.8029384282
Lithuania,2014,587.0894485453756,3354262.5353655
Lithuania,2015,648.5688232739905,4551125.466411391
Lithuania,2016,562.3195831524099,4189586.542389361
Lithuania,2017,574.9552757273123,4238897.986254874
Luxembourg,2005,1239.148159019013,3149831.6406222642
Luxembourg,2006,1326.6966702540522,3276471.8201935207
Luxembourg,2007,1153.0998271532467,3033901.7801736803
Luxembourg,2008,1236.1804128754525,4021904.738775555
Luxembourg,2009,1230.8808661905227,3855577.0868094936
Luxembourg,2010,1074.862211786192,3550823.272732749
Luxembourg,2011,1086.1135570557349,3265595.2504874184
Luxembourg,2012,948.635162899912,3339483.091908254
Luxembourg,2013,1053.5172683690441,3772947.544110716
Luxembourg,2014,1148.012262335714,3500958.810398886
Luxembourg,2015,1072.4651860548545,3805184.024666758
Luxembourg,2016,871.0008805400646,3055666.5275990246
Luxembourg,2017,882.9044777092913,3338264.4014760545
Madagascar,2005,461.7076666666667,3267164.605454355
Madagascar,2006,474.932,3344060.2332320325
Madagascar,2007,487.52433333333335,3423611.359589395
Madagascar,2008,518.397,3634574.9804720553
Madagascar,2009,583.91,4029048.8743486465
Madagascar,2010,602.7813333333334,4161025.439024649
Madagascar,2011,570.4363333333333,4012467.2370662508
Madagascar,2012,597.2653333333334,4213079.035292525
Madagascar,2013,505.17466666666667,3526717.66511154
Madagascar,2014,542.2903333333334,3757463.0468822545
Madagascar,2015,514.565,3547961.653662562
Madagascar,2016,525.9976666666666,3608684.446744332
Madagascar,2017,501.075,3443619.796656406
Madagascar,2018,542.5546666666667,3722222.741203024
Madagascar,2019,532.1306666666667,3705225.8029177943
Madagascar,2020,568.6493333333333,3872312.751678499
Madagascar,2021,606.4073333333333,4118628.993455177
Madagascar,2022,635.907,4292121.909566993
Malawi,2005,417.03125,967164.4197742421
Malawi,2006,623.60525,1398380.5647849564
Malawi,2007,740.50425,1649984.6672579492
Malawi,2008,734.95175,1635807.3705584507
Malawi,2009,857.59675,1876281.077767212
Malawi,2010,871.057,1922172.4206574485
Malawi,2011,895.378,2052761.0375419697
Malawi,2012,949.401,2190113.8636881835
Malawi,2013,1046.89025,2391344.9389114846
Malawi,2014,1111.6035,2823623.943759422
Malawi,2015,1038.507,2639286.774536125
Malawi,2016,999.5845,2574199.0700834673
Malawi,2017,1224.82825,3073915.8690514327
Malawi,2018,1188.266,3065154.083718385
Malawi,2019,1354.4845,3355021.8456779136
Malawi,2020,1446.23475,3508954.166400605
Malawi,2021,1563.7265,3719618.6091391956
Malawi,2022,1524.5545,3669589.353992062
Malaysia,2005,17340.42713247482,7062296.664180434
Malaysia,2006,18360.54315950529,6686655.970477
Malaysia,2007,18157.863062603596,7052376.146465096
Malaysia,2008,19501.113094479155,7024621.42138839
Malaysia,2009,18719.24518679077,7343828.766085057
Malaysia,2010,18456.7754685707,7318637.636138975
Malaysia,2011,20325.375494071148,7565190.191572007
Malaysia,2012,20547.365803901568,7720769.573135196
Malaysia,2013,20407.694759658294,7732736.910064179
Malaysia,2014,20371.954609205663,8480593.948112722
Malaysia,2015,21014.82978452123,8285024.4725117395
Malaysia,2016,18738.051765905904,8207859.0475526685
Malaysia,2017,21475.923753665687,7841366.4432831565
Malaysia,2018,20634.69335713375,7979665.1506811455
Malaysia,2019,20682.811424199925,7324065.213020387
Malaysia,2020,20153.483360958817,7512238.521017216
Malaysia,2021,19162.649496366186,7830817.765122832
Malaysia,2022,19669.393089379064,7563591.036563841
Maldives,2005,3087.0,3933747.035849839
Maldives,2006,5454.25,3785444.492210454
Maldives,2007,4167.25,3168202.329257958
Maldives,2008,4039.25,3101101.5157724572
Maldives,2009,2407.25,2898525.530111853
Maldives,2010,1906.75,2662812.489690367
Maldives,2011,1093.25,2312177.4803794543
Maldives,2012,515.25,2012584.5339107667
Maldives,2013,277.0,1868091.4070288045
Maldives,2014,687.75,1979401.1076296954
Maldives,2015,908.75,2028497.2126576263
Maldives,2016,1043.75,2099259.618568483
Maldives,2017,1019.75,2074271.7603005273
Maldives,2018,871.0,2021950.9640089893
Maldives,2019,1256.0,2156733.885845485
Maldives,2020,1324.25,2184963.0919375382
Maldives,2021,280.25,1859053.3975021297
Maldives,2022,254.5,1829358.1457067714
Mali,2005,185.91703632657953,864863.4892463462
Mali,2006,195.10850017983455,913012.9863423856
Mali,2007,239.26507612996045,992813.5585584379
Mali,2008,256.88826279822564,1248696.902840157
Mali,2009,309.22107660951923,1383647.3271046719
Mali,2010,310.73492387003955,1288092.681311657
Mali,2011,299.7025536506414,1527739.7057698697
Mali,2012,337.52943292171204,1621889.2746324067
Mali,2013,365.241218079367,1707408.3384892002
Mali,2014,319.01102985253567,1671188.7548370745
Mali,2015,363.4594173360508,1840109.5430815024
Mali,2016,458.4227310873996,1962061.6053362319
Mali,2017,472.93082364224915,1909220.9085702377
Mali,2018,472.0366862486512,2173435.654741617
Mali,2019,501.34947847979856,2153708.2029788163
Mali,2020,548.7912720297327,2255499.9842671677
Mali,2021,523.8757942692723,1848917.6626749183
Mali,2022,591.6477640570675,2159631.2396207033
Malta,2005,6225.479452054795,7477311.257947658
Malta,2006,7130.684931506849,7938395.22471741
Malta,2007,6196.986301369863,7691292.537557116
Malta,2008,7219.315068493151,8855143.185393587
Malta,2009,6041.506849315068,7886257.191271124
Malta,2010,6577.808219178082,8142190.693853929
Malta,2011,6840.821917808219,8280218.852789892
Malta,2012,6002.739726027397,7528843.557664726
Malta,2013,6027.945205479452,7545618.72637798
Malta,2014,6134.3835616438355,7590468.96839527
Malta,2015,5522.465753424657,6864997.15076263
Malta,2016,5243.561643835616,6785638.52575369
Malta,2017,5412.876712328767,7380577.207777672
Mauritius,2005,3345.9333333333334,481424.14824674436
Mauritius,2006,3258.5866666666666,486140.54290141055
Mauritius,2007,2954.213333333333,498295.97762414144
Mauritius,2008,3105.866666666667,462582.7194323521
Mauritius,2009,3309.4133333333334,548425.4896354929
Mauritius,2010,3123.08,588691.3289999849
Mauritius,2011,3065.32,574479.4809391125
Mauritius,2012,2930.88,621636.7790076608
Mauritius,2013,2826.8133333333335,591794.6574923458
Mauritius,2014,2950.7466666666664,582310.018607976
Mauritius,2015,2840.306666666667,512782.3990553449
Mauritius,2016,2751.2266666666665,513147.58979198575
Mauritius,2017,2686.3866666666668,516652.9717649606
Mauritius,2018,2349.1866666666665,470903.8686526672
Mauritius,2019,2447.24,470913.6036248868
Mauritius,2020,1968.2533333333333,486506.0186451065
Mauritius,2021,2072.4266666666667,582788.2104041066
Mauritius,2022,1913.9333333333334,588083.5299232047
Mexico,2005,720.9594624933127,1845682.1966239018
Mexico,2006,759.4472073460776,2003505.3110226444
Mexico,2007,798.4246744588006,2074258.1616615553
Mexico,2008,826.1942638411186,2191108.91144855
Mexico,2009,762.4759842071512,2063703.739327426
Mexico,2010,801.165990446091,2161782.225645042
Mexico,2011,739.2820467909393,1950632.3919376452
Mexico,2012,837.0063085476171,2132413.537021315
Mexico,2013,862.8587596354952,2137574.4426137903
Mexico,2014,915.9168653963859,2375000.92635196
Mexico,2015,921.9376624814407,2125299.7460162416
Mexico,2016,1016.4057656261178,2243082.3723750603
Mexico,2017,1039.154528228413,2232947.961441518
Mexico,2018,1051.987538740921,2185099.9974288363
Mexico,2019,1074.9808628266974,2151639.1843258264
Mexico,2020,1066.3831058585254,2188697.7168015144
Mexico,2021,1078.2075062586414,2205975.5791976606
Mexico,2022,1092.4939021687944,2246192.158975833
Mongolia,2005,79.70481124950088,182706.2929625653
Mongolia,2006,109.44323227658245,286704.5337338452
Mongolia,2007,108.1626931906197,258587.79608254976
Mongolia,2008,137.5809794462106,436174.82466720283
Mongolia,2009,183.77485253901423,739666.1347279139
Mongolia,2010,184.9233141646079,674751.3360984239
Mongolia,2011,226.5032229961728,844873.3137275723
Mongolia,2012,254.40218111493493,913080.5454154146
Mongolia,2013,212.1548875001804,734481.4901262788
Mongolia,2014,242.74612656606914,941899.8868450332
Mongolia,2015,159.95192730316631,449769.12456757494
Mongolia,2016,228.41615945860488,889462.2123015969
Mongolia,2017,146.25173351666734,471770.4558691153
Mongolia,2018,223.70947856955738,845724.2276663232
Mongolia,2019,235.6882919454179,816328.9152912465
Mongolia,2020,272.36121698446163,831667.8916961539
Mongolia,2021,279.8992537623489,1083416.4755963574
Mongolia,2022,272.6892239224644,819151.4897363321
Morocco,2005,650.2095314440313,1445788.91002207
Morocco,2006,874.1377247113559,2475468.7539123623
Morocco,2007,610.0356997600745,1050633.4911208549
Morocco,2008,735.2893383782764,1693265.926728395
Morocco,2009,990.784794493402,2469901.5439790823
Morocco,2010,921.153663695115,2125154.725053514
Morocco,2011,970.6732207051451,2487671.446875778
Morocco,2012,827.8504680456438,1886176.3568935452
Morocco,2013,1013.7959681944789,2740418.351912505
Morocco,2014,948.8233708102113,2294472.1887281556
Morocco,2015,1128.0053199482727,3091598.443160408
Morocco,2016,742.7734251289756,1494373.8847592433
Morocco,2017,1076.3052440192553,2824653.295770326
Morocco,2018,1132.776887133728,2945558.3934019613
Morocco,2019,970.6992606602121,2035813.0927561165
Morocco,2020,832.6595676803017,1519086.3658207569
Morocco,2021,1161.2664891469105,3022770.5901892115
Morocco,2022,934.9788431911438,1639900.3585843153
Mozambique,2005,183.36619469026547,890316.6019378019
Mozambique,2006,243.83610619469027,1065408.5129147868
Mozambique,2007,252.07787610619468,1045884.7365005702
Mozambique,2008,242.701592920354,899356.1278328026
Mozambique,2009,310.12265486725664,1209759.9951029683
Mozambique,2010,360.87557522123893,1316881.295472794
Mozambique,2011,387.64194690265487,1392948.5269863808
Mozambique,2012,433.92035398230087,1274261.075112905
Mozambique,2013,387.869203539823,1168122.9406388488
Mozambique,2014,349.470796460177,1039386.9213509838
Mozambique,2015,340.3469026548673,892018.496785682
Mozambique,2016,347.9263716814159,1004963.4593991354
Mozambique,2017,397.7807079646018,1127167.3534377373
Mozambique,2018,442.3446017699115,1372643.0392851126
Mozambique,2019,483.05929203539824,1400464.2778487303
Mozambique,2020,534.2470796460177,1408239.3140772302
Mozambique,2021,613.0950442477877,1527860.1037897214
Mozambique,2022,694.569203539823,1691788.5554729262
Namibia,2005,83.30625,529557.9103564201
Namibia,2006,110.34375,645581.964995406
Namibia,2007,89.49625,484133.60105711344
Namibia,2008,88.42,464039.8629150358
Namibia,2009,87.29,463108.2642754495
Namibia,2010,91.6075,503361.4393205827
Namibia,2011,93.085,506241.9325895251
Namibia,2012,113.585,562583.0804886746
Namibia,2013,80.39,461702.0681277281
Namibia,2014,99.2325,514125.42499869363
Namibia,2015,100.69375,526377.6087820237
Namibia,2016,83.725,446134.47149438487
Namibia,2017,113.26375,563954.4367455543
Namibia,2018,114.48375,637419.7807539568
Namibia,2019,86.54125,427738.51776210655
Namibia,2020,127.81875,688719.0781998374
Namibia,2021,130.45625,600986.2541962616
Namibia,2022,136.97875,596908.625401536
Nepal,2005,1639.0026610488967,8210223.776774232
Nepal,2006,1597.0162989244927,7678925.477186913
Nepal,2007,1716.5572679897994,8507160.455853969
Nepal,2008,1789.3319658498724,8909517.53742866
Nepal,2009,1749.549839228296,8317363.807469521
Nepal,2010,1871.6559485530547,9116005.661466612
Nepal,2011,2041.162545736778,10141899.418550707
Nepal,2012,2006.561703071294,9892775.138147198
Nepal,2013,2060.960749528773,10298495.511426408
Nepal,2014,2116.0001108770375,10349794.701947974
Nepal,2015,2032.9764940680784,9912086.74322791
Nepal,2016,2220.1679787116086,10820814.167278057
Nepal,2017,2186.24958421111,10899923.84444121
Nepal,2018,2397.51136489633,11512939.746359797
Nepal,2019,2438.851313892893,11635393.714727093
Nepal,2020,2517.520789444506,11974845.90637986
Nepal,2021,2506.963632331744,11527072.276752368
Nepal,2022,2605.9091917063975,12044154.53348218
Netherlands (Kingdom of the),2005,3439.4687809712586,6903807.416562221
Netherlands (Kingdom of the),2006,3361.763131813677,6611162.725057616
Netherlands (Kingdom of the),2007,3551.5332011892965,6726180.940514355
Netherlands (Kingdom of the),2008,3577.681863230922,7423917.0874803895
Netherlands (Kingdom of the),2009,3789.331020812686,7707479.036404527
Netherlands (Kingdom of the),2010,3626.688800792864,7432219.667187432
Netherlands (Kingdom of the),2011,3789.3954410307233,7412099.909234121
Netherlands (Kingdom of the),2012,3561.3716551040634,7189964.8952233475
Netherlands (Kingdom of the),2013,3698.477700693756,7246039.922327467
Netherlands (Kingdom of the),2014,3937.2715559960357,7477928.7614410035
Netherlands (Kingdom of the),2015,3807.8562933597623,7287010.288665617
Netherlands (Kingdom of the),2016,3766.4826560951437,6638679.109798103
Netherlands (Kingdom of the),2017,4007.6461843409315,7220198.681281528
New Caledonia,2005,5313.400335008375,2585305.0580038754
New Caledonia,2006,4791.624790619766,2566673.7376272082
New Caledonia,2007,4111.892797319933,2435442.2719440516
New Caledonia,2008,4427.805695142379,2524138.480302799
New Caledonia,2009,4173.366834170854,2305966.061357623
New Caledonia,2010,4285.092127303183,2287216.966879263
New Caledonia,2011,3380.569514237856,2204291.026485061
New Caledonia,2012,4335.008375209381,2540395.5070745046
New Caledonia,2013,3185.0921273031827,2164838.6059597656
New Caledonia,2014,3707.705192629816,2332931.636832587
New Caledonia,2015,4449.413735343383,3164509.2276947144
New Caledonia,2016,5065.494137353434,3347569.6257444476
New Caledonia,2017,5158.458961474037,3275025.512691748
New Caledonia,2018,5193.132328308207,3414181.0410326053
New Caledonia,2019,5090.1172529313235,3382544.745226015
New Caledonia,2020,5378.559463986599,3455674.6541028973
New Caledonia,2021,4789.949748743718,3113507.622245036
New Caledonia,2022,3987.604690117253,2691810.6396680865
New Zealand,2005,3428.2942307692306,3294949.3340276303
New Zealand,2006,3305.498076923077,2960935.9607840013
New Zealand,2007,3646.0326923076923,3349169.836809115
New Zealand,2008,3915.8423076923077,3445876.3474400924
New Zealand,2009,4013.9096153846153,3715320.689136497
New Zealand,2010,4020.675,3921450.3864713246
New Zealand,2011,4147.1461538461535,3690333.8578288713
New Zealand,2012,4032.0653846153846,4017097.6812040657
New Zealand,2013,4207.917307692308,3884911.897329851
New Zealand,2014,4633.642307692307,3917255.556652913
New Zealand,2015,4326.096153846154,3839076.044201882
New Zealand,2016,4704.255769230769,4148551.9034372345
New Zealand,2017,4271.975,3773978.204844968
New Zealand,2018,4824.490384615385,3791030.9417385375
New Zealand,2019,4987.484615384616,4015845.356228544
New Zealand,2020,5216.667307692308,4297940.853400527
New Zealand,2021,5132.386538461538,4194797.93001162
New Zealand,2022,5305.432692307692,4012932.8228096445
Nicaragua,2005,336.00998003992015,1371471.0231273575
Nicaragua,2006,333.9707252162342,1253339.223333124
Nicaragua,2007,324.40585495675316,1243874.3385752165
Nicaragua,2008,305.12175648702595,1272556.7627198873
Nicaragua,2009,351.22222222222223,1351129.5172665503
Nicaragua,2010,366.0918163672655,1399874.584276069
Nicaragua,2011,399.90219560878245,1524153.922857379
Nicaragua,2012,415.93878908848967,1664754.4425229493
Nicaragua,2013,429.47371922821026,1527594.647465631
Nicaragua,2014,428.7544910179641,1421623.9964130456
Nicaragua,2015,417.01197604790417,1436167.960801186
Nicaragua,2016,474.99334664005323,1612400.727646204
Nicaragua,2017,510.6833000665336,1655683.2951423756
Nicaragua,2018,521.5522288755822,1653865.3871823275
Nicaragua,2019,532.377245508982,1649147.873584617
Nicaragua,2020,548.2009314703926,1737002.8050974559
Nicaragua,2021,559.2109115103127,1818229.4639852974
Nicaragua,2022,573.1576846307386,1878146.528694129
Niger,2005,113.56983050847458,543738.8107777456
Niger,2006,123.7486440677966,604337.2968444949
Niger,2007,120.11672316384181,618125.6136225887
Niger,2008,144.42943502824858,823726.8029105593
Niger,2009,108.40016949152542,582948.3239391521
Niger,2010,155.9206779661017,915963.553793667
Niger,2011,114.67796610169492,704602.8273031085
Niger,2012,160.09745762711864,861990.9057603098
Niger,2013,142.31322033898306,812538.824004972
Niger,2014,158.67107344632768,860137.5418185587
Niger,2015,181.4977966101695,937433.8365325709
Niger,2016,194.3287570621469,1033406.7174399225
Niger,2017,196.0197175141243,1039731.5125166819
Niger,2018,203.89446327683615,1137004.7501114134
Niger,2019,192.30649717514123,1057035.1884255125
Niger,2020,213.6861581920904,1155092.2891504809
Niger,2021,166.7058757062147,773222.0239974165
Niger,2022,236.01056497175142,1248319.2278589704
Nigeria,2005,808.5212627467997,2759623.4498066357
Nigeria,2006,871.1833098285962,2993553.0563593847
Nigeria,2007,784.9080603167715,2764112.5965647106
Nigeria,2008,865.4865209372966,2973638.674981945
Nigeria,2009,717.0608049468432,2335202.3898589807
Nigeria,2010,852.4398459535691,2764570.052028568
Nigeria,2011,765.6964634410936,2362787.340427483
Nigeria,2012,813.5759655022781,2730165.017553519
Nigeria,2013,833.5394337166414,2576381.942681219
Nigeria,2014,1033.2706660880885,2846711.8072370994
Nigeria,2015,1042.2707203297896,2968215.0340287806
Nigeria,2016,1088.4014699500976,3298937.9482661267
Nigeria,2017,1102.5018442178346,3327892.021894679
Nigeria,2018,1187.6945378607072,3500859.6741246143
Nigeria,2019,1180.8048654805814,3375271.205256903
Nigeria,2020,1221.78352137123,3367502.852489132
Nigeria,2021,1274.3645042308526,3505498.1415620083
Nigeria,2022,1300.0913972662183,3582902.0366509394
North Macedonia,2005,1339.8822115384614,2788426.2378150364
North Macedonia,2006,1339.9086538461538,2645343.389703999
North Macedonia,2007,1224.3245192307693,2291472.5818022084
North Macedonia,2008,1328.2259615384614,2741265.673704557
North Macedonia,2009,1418.7860576923076,2689601.5512020346
North Macedonia,2010,1503.1850961538462,2629891.337391537
North Macedonia,2011,1457.0024038461538,2647771.076207427
North Macedonia,2012,1362.0745192307693,2399590.253864618
North Macedonia,2013,1433.7908653846155,2693871.266216326
North Macedonia,2014,1475.1586538461538,2808990.002570716
North Macedonia,2015,1548.6754807692307,2589711.419802941
North Macedonia,2016,1563.2716346153845,3012123.2854555463
North Macedonia,2017,1272.5600961538462,2191676.389454613
North Macedonia,2018,1531.704326923077,2713066.3656043457
North Macedonia,2019,1447.5048076923076,2587288.041802267
North Macedonia,2020,1506.7548076923076,2695025.5514606475
North Macedonia,2021,1405.3245192307693,2579039.957229249
North Macedonia,2022,1483.1298076923076,2631795.112594634
Norway,2005,1156.1917808219177,1413046.3842796097
Norway,2006,1140.9165628891656,1335540.1444798866
Norway,2007,1112.2777085927771,1448256.8510934454
Norway,2008,1276.7621419676213,1656597.521604638
Norway,2009,1105.088418430884,1145165.700222563
Norway,2010,1094.0846824408468,1286057.8825372364
Norway,2011,977.5940224159402,1075216.6887429957
Norway,2012,1035.148194271482,1047473.9952818761
Norway,2013,966.5803237858032,910296.5304573028
Norway,2014,1155.5367372353674,1430332.9521257924
Norway,2015,1198.5566625155666,1687631.0341477778
Norway,2016,1215.173100871731,1276692.002866724
Norway,2017,1228.7397260273972,1450651.939737952
Norway,2018,971.5292652552927,697982.9617231988
Norway,2019,1248.8754669987547,1549607.192897214
Norway,2020,1228.6214196762141,1300394.9260365064
Norway,2021,1163.13200498132,1141047.2246408274
Norway,2022,1213.0809464508095,1466863.7624754503
Oman,2005,818.0534833008148,6101081.834075287
Oman,2006,732.6523585447034,6265564.312883054
Oman,2007,833.9951796166647,6352973.106037528
Oman,2008,883.2434293584299,6628954.758601809
Oman,2009,1122.5180764375073,7232023.0155411605
Oman,2010,1416.4925972684493,7603560.937863482
Oman,2011,1356.1804200619763,7581904.183487522
Oman,2012,1321.485137151383,7732751.503945028
Oman,2013,1228.0844714793986,7991038.952066176
Oman,2014,1163.8356478824744,8073027.316398972
Oman,2015,1487.4899575347183,9500443.141770426
Oman,2016,1575.542293125215,9619885.217872402
Oman,2017,2475.243888442557,11044169.708967969
Oman,2018,2505.554917938712,11275359.467940437
Oman,2019,2524.6757718351887,11473463.55378751
Oman,2020,3375.9210375301273,14440739.685987975
Oman,2021,3135.83151612533,13326553.454693036
Oman,2022,3380.856191897165,15133886.520947605
Pakistan,2005,487.8947124917383,2241748.618305872
Pakistan,2006,475.136120290813,2178834.797432919
Pakistan,2007,533.9056179775281,2370394.7760394346
Pakistan,2008,551.444646397885,2351466.442014354
Pakistan,2009,557.9627230667548,2544317.65398766
Pakistan,2010,520.3860872438863,2304697.3427310595
Pakistan,2011,582.0844018506278,2552485.517276729
Pakistan,2012,551.8242894910774,2366648.2355037946
Pakistan,2013,609.161434236616,2596110.481979932
Pakistan,2014,610.7550561797752,2670391.038478427
Pakistan,2015,615.8704560475876,2616823.3191087428
Pakistan,2016,640.719695968275,2662315.975029034
Pakistan,2017,664.8283542630535,2786194.91708086
Pakistan,2018,641.8460343688037,2691368.6956620757
Pakistan,2019,662.2644415069399,2709202.025167269
Pakistan,2020,720.5265697290153,2878637.7159927622
Pakistan,2021,799.3028750826173,3146101.607269639
Pakistan,2022,773.9886318572372,2893494.524695837
Palestine,2005,18429.236276849642,9514524.25286235
Palestine,2006,20595.918854415275,9986476.449828263
Palestine,2007,17226.873508353223,9268491.268099563
Palestine,2008,18946.825775656325,9585317.682690568
Palestine,2009,16386.53937947494,7915327.402146385
Palestine,2010,13454.439140811455,5794462.024796991
Palestine,2011,14562.028639618138,6813788.38992619
Palestine,2012,16326.01431980907,7580890.606185838
Palestine,2013,16880.50119331742,9050841.64686199
Palestine,2014,13186.801909307876,8448803.778577961
Palestine,2015,11351.336515513127,6184450.432332873
Palestine,2016,15570.763723150358,7893329.43254808
Palestine,2017,15533.150357995226,8137560.097602625
Palestine,2018,17266.849642004774,10666848.242988246
Palestine,2019,17828.949880668257,8142108.060842744
Palestine,2020,17138.042959427206,8249848.581962334
Palestine,2021,22532.33890214797,10331388.317859547
Palestine,2022,20840.238663484488,10140394.950576711
Panama,2005,1308.3256637168142,1887890.903193266
Panama,2006,1421.0389380530974,1993311.191440968
Panama,2007,1534.8035398230088,2046966.2348006067
Panama,2008,1538.2778761061948,2024425.206101683
Panama,2009,1272.683185840708,1787109.0104160018
Panama,2010,1103.3646017699116,1669240.0567514661
Panama,2011,1071.1557522123894,1700004.010039664
Panama,2012,1090.8637168141593,1589056.186724357
Panama,2013,1157.4194690265488,1751268.267409907
Panama,2014,1175.1840707964602,1678175.5052856414
Panama,2015,1114.4584070796461,1709310.3654754022
Panama,2016,1185.9557522123894,1856267.089224593
Panama,2017,1153.8407079646017,1884464.8683936428
Panama,2018,1291.8548672566371,2032047.3997149665
Panama,2019,1401.3858407079647,2161336.216499699
Panama,2020,1516.883185840708,2294069.6985519393
Panama,2021,1587.024778761062,2461163.6851814236
Panama,2022,1471.716814159292,2382299.692259456
Paraguay,2005,505.4981363736023,1186239.5892658848
Paraguay,2006,523.3860995395746,1209907.219949112
Paraguay,2007,731.432361324271,1307296.6657951733
Paraguay,2008,752.7478623108967,1028118.2783642998
Paraguay,2009,549.6726595044946,1169610.6616285911
Paraguay,2010,914.0513045384783,1501661.301673895
Paraguay,2011,978.539574654681,1569271.5887354384
Paraguay,2012,633.6983117737338,1444901.8416290258
Paraguay,2013,1071.8851129138347,1721239.8073648724
Paraguay,2014,1112.6244244683182,1509810.0429475722
Paraguay,2015,1094.8631878973908,1827145.0525400152
Paraguay,2016,1117.978951984214,1834189.3028966174
Paraguay,2017,1225.7654023240518,1816616.6697000123
Paraguay,2018,1257.7456698092524,1710439.7044216152
Paraguay,2019,1091.6755097566322,2088358.5673558041
Paraguay,2020,1319.5621574216182,2143891.0130007574
Paraguay,2021,1208.7612365709274,1840930.0849833246
Paraguay,2022,769.9065994299496,1666562.3562422544
Peru,2005,1146.29069645478,2818355.1653037793
Peru,2006,1190.3052522808237,2875754.058300552
Peru,2007,1228.8482303248418,2849811.154088248
Peru,2008,1350.4093857975297,3196615.7299357983
Peru,2009,1428.5766420284037,3356256.9288257235
Peru,2010,1374.6974235350833,3348910.6889546583
Peru,2011,1424.263180849682,3263043.0663925563
Peru,2012,1557.1245225448656,3596037.123978193
Peru,2013,1602.752734449069,3664804.1679804134
Peru,2014,1665.0337852063747,3643281.342885806
Peru,2015,1673.4049929678486,3793566.406432823
Peru,2016,1766.4621375239221,3891927.444843953
Peru,2017,1708.6907999655984,3784709.29232579
Peru,2018,1849.092149383261,4148597.979669746
Peru,2019,1859.3694772218778,4057955.019066956
Peru,2020,1910.130610951169,4246359.125270902
Peru,2021,2019.3452430322238,4413614.912781394
Peru,2022,2073.7744265498104,4421680.460084991
Philippines,2005,2140.00518783542,7847960.426227847
Philippines,2006,2276.2449016100177,8187676.741042634
Philippines,2007,2406.51771019678,8671399.44638578
Philippines,2008,2573.3368515205725,9035749.619576488
Philippines,2009,2509.890161001789,8917582.100372309
Philippines,2010,2388.931127012522,8725091.47893947
Philippines,2011,2609.264221824687,9074626.980406435
Philippines,2012,2717.4196779964223,9623139.79540998
Philippines,2013,2701.4824686940965,9696626.366229346
Philippines,2014,2624.7887298747764,9962098.804494398
Philippines,2015,2533.0143112701253,9725769.048350742
Philippines,2016,2468.1026833631486,9446554.954568949
Philippines,2017,2717.871198568873,10103760.938994464
Philippines,2018,2651.1964221824687,10083099.445876947
Philippines,2019,2594.995885509839,9999901.001971824
Philippines,2020,2672.549373881932,10149426.332003636
Philippines,2021,2753.702325581395,10407273.430300659
Philippines,2022,2702.5719141323793,10289558.380317632
Poland,2005,795.0324941974648,3456203.1816439633
Poland,2006,712.5131226566684,2881601.14490115
Poland,2007,822.2399571505089,3445309.3801384666
Poland,2008,844.9079628637743,3608368.6587766297
Poland,2009,895.0973040528477,3809248.3379667057
Poland,2010,800.0929298339582,3477918.207028569
Poland,2011,823.776111408677,3496954.724245586
Poland,2012,858.388234243885,3450387.9316269583
Poland,2013,862.5965898946616,3532281.231809518
Poland,2014,965.4760757007678,4044816.1229375
Poland,2015,838.4563470808785,3708565.004622444
Poland,2016,915.2253169076951,3854083.835402756
Poland,2017,943.8943938582396,4066662.232330774
Portugal,2005,3279.8835454199175,2464460.300461433
Portugal,2006,3430.330646284958,3042664.389116643
Portugal,2007,3255.0265145975873,2638793.74845078
Portugal,2008,3241.8554912372197,2878792.988530023
Portugal,2009,3480.3854958917796,2772414.1146223713
Portugal,2010,3586.1030982802286,2663586.278515261
Portugal,2011,3398.6772681919297,2498054.210291854
Portugal,2012,3436.0410015369966,2490286.9438922647
Portugal,2013,3586.2206485583156,2790512.5821726876
Portugal,2014,3803.376993016435,2816660.524968126
Portugal,2015,4425.052962331714,2958773.7128523327
Portugal,2016,3933.162206011068,2701836.370977123
Portugal,2017,4447.647419911594,2951736.9711498306
Puerto Rico,2005,3510.8764940239043,2686428.928269018
Puerto Rico,2006,3854.422310756972,2941235.5914017744
Puerto Rico,2007,3905.6972111553787,2992591.824831008
Puerto Rico,2008,3957.4900398406376,3045833.8946226398
Puerto Rico,2009,3980.6175298804783,3096377.158551458
Puerto Rico,2010,4096.394422310757,3212098.6765459115
Puerto Rico,2011,4044.621513944223,3185807.753428724
Puerto Rico,2012,5635.4581673306775,4453909.395340884
Puerto Rico,2013,3833.386454183267,3138189.667335438
Puerto Rico,2014,2857.868525896414,2387185.476173256
Puerto Rico,2015,3336.2749003984063,2745157.1483363197
Puerto Rico,2016,3828.4860557768925,3093688.6322751367
Puerto Rico,2017,3918.00796812749,3162776.6041766694
Puerto Rico,2018,3791.8725099601593,3103666.142741056
Puerto Rico,2019,4157.470119521912,3313690.7498105406
Puerto Rico,2020,4361.01593625498,3422077.425413416
Puerto Rico,2021,4541.195219123506,3518408.9217611877
Puerto Rico,2022,5391.95219123506,4030671.5247228337
Qatar,2005,1372.4761904761904,2013324.7890189362
Qatar,2006,1541.904761904762,2302026.633211104
Qatar,2007,1713.7619047619048,2448771.0486635068
Qatar,2008,1661.952380952381,2321449.3445226927
Qatar,2009,1722.6666666666667,2208632.6345851603
Qatar,2010,1768.2380952380952,2338115.043481221
Qatar,2011,1796.5714285714287,2263906.0111258063
Qatar,2012,1817.3809523809523,2333533.105028719
Qatar,2013,2191.714285714286,3159774.2291108044
Qatar,2014,2220.809523809524,2888854.587336499
Qatar,2015,2304.8571428571427,2875367.5898680985
Qatar,2016,2333.0,2952842.811936784
Qatar,2017,2323.0,2928281.093269633
Qatar,2018,2947.809523809524,3230654.8579814117
Qatar,2019,3184.0476190476193,3134946.188360921
Qatar,2020,3444.0476190476193,3289943.6342420443
Qatar,2021,3610.809523809524,3749856.615660708
Qatar,2022,3563.0476190476193,4082280.400658953
Republic of Korea,2005,14311.606456043955,11714005.470291654
Republic of Korea,2006,13752.780906593407,11472932.008025324
Republic of Korea,2007,13290.350274725275,11038966.763952632
Republic of Korea,2008,13998.337912087913,11770991.995398192
Republic of Korea,2009,13742.508241758242,11793457.738342192
Republic of Korea,2010,12600.673076923076,10737180.779653525
Republic of Korea,2011,11833.634615384615,10498943.03628269
Republic of Korea,2012,11975.953983516483,10122597.605036592
Republic of Korea,2013,12363.52815934066,10460954.613245366
Republic of Korea,2014,12687.482142857143,10737008.66812154
Republic of Korea,2015,12261.554945054944,10526969.014497405
Republic of Korea,2016,11954.363324175823,10376320.665979173
Republic of Korea,2017,11613.697802197803,9961610.137072993
Republic of Korea,2018,11342.964285714286,9910886.890339462
Republic of Korea,2019,11512.583104395604,9684118.00413844
Republic of Korea,2020,10410.484203296703,9095453.73179767
Republic of Korea,2021,11232.817307692309,9890666.022149999
Republic of Korea,2022,11014.59478021978,9506377.84774317
Republic of Moldova,2005,434.44094067343667,1794364.3256001093
Republic of Moldova,2006,405.955104222341,1377168.2830400176
Republic of Moldova,2007,307.99412079102086,950852.4093751701
Republic of Moldova,2008,483.20203099946553,1990144.2419337323
Republic of Moldova,2009,382.31320149652595,1330906.3492786076
Republic of Moldova,2010,412.59593800106893,1385826.017790873
Republic of Moldova,2011,442.17744521646176,1491591.3135876541
Republic of Moldova,2012,286.1074291822555,909255.9007430852
Republic of Moldova,2013,461.57081774452166,1663978.6346916296
Republic of Moldova,2014,505.68359166221273,1821417.2042372515
Republic of Moldova,2015,398.6964190272582,1488586.357047707
Republic of Moldova,2016,509.26509887760557,2011061.2166181784
Republic of Moldova,2017,578.2020309994655,2101028.9766887673
Republic of Moldova,2018,605.5836451095671,2093305.8179888036
Republic of Moldova,2019,603.0684126135757,2113674.6429529344
Republic of Moldova,2020,347.4853019775521,1109738.2336190608
Republic of Moldova,2021,696.2495991448424,2624368.504356216
Republic of Moldova,2022,407.7300908605024,1412724.1040368422
Romania,2005,1094.3103366242417,2624112.302148671
Romania,2006,1086.364577138099,2178931.6089478065
Romania,2007,747.2238610681575,1303859.9654019491
Romania,2008,1057.6336386344713,2477830.8227807186
Romania,2009,1028.4811466634947,2058378.1863209996
Romania,2010,1053.837873200904,2206225.760970501
Romania,2011,1239.0636374449864,2698811.0780545836
Romania,2012,852.982633519686,1889004.1800659765
Romania,2013,1200.267039371952,2677122.7696098736
Romania,2014,1236.9479005590579,2774969.250331723
Romania,2015,1100.768883073629,2675519.550500943
Romania,2016,1163.4791245390745,2855647.1467376505
Romania,2017,1397.6935886761032,3477643.629888065
Russian Federation,2005,233.64210145582783,1000328.9258711621
Russian Federation,2006,238.1602725875264,964018.0924104743
Russian Federation,2007,239.44223955807283,1033825.431162581
Russian Federation,2008,275.45910776085293,1294273.0958736257
Russian Federation,2009,266.8567435819448,1252833.2540239429
Russian Federation,2010,198.52594760335063,852377.8339685291
Russian Federation,2011,293.00670782332776,1205523.884949733
Russian Federation,2012,256.68599002046875,878143.1200586596
Russian Federation,2013,290.11349867240995,1132142.5379079264
Russian Federation,2014,308.6338071007571,1264985.4135362946
Russian Federation,2015,319.4433739693709,1308303.2858583848
Russian Federation,2016,317.1125040074312,1470328.2865077863
Russian Federation,2017,334.14423464229054,1676962.9298595272
Russian Federation,2018,320.6193392465207,1427144.1774256458
Russian Federation,2019,345.19977147366603,1470184.3366622883
Russian Federation,2020,343.76496313163284,1647148.89445032
Russian Federation,2021,339.2853455433255,1492225.4860020836
Russian Federation,2022,396.28038043880343,1961323.7164251169
Rwanda,2005,2304.1358122151273,3618290.015678801
Rwanda,2006,2299.9911135728526,3659245.4051063703
Rwanda,2007,2271.7555697623357,3654729.566734581
Rwanda,2008,2295.7592761789397,3624502.86511792
Rwanda,2009,2679.438964481037,4097231.288906311
Rwanda,2010,2708.6269952401535,4306354.71975765
Rwanda,2011,3000.731620409794,4645341.363784194
Rwanda,2012,3158.966103025613,5004500.285672036
Rwanda,2013,2595.0912411750446,4603701.3165142555
Rwanda,2014,1813.6680151604173,3473919.6665241523
Rwanda,2015,1878.592424450271,3590030.0786405327
Rwanda,2016,1935.9392133872732,3711342.093427443
Rwanda,2017,1924.3031703838678,3870851.7422031695
Rwanda,2018,1995.2556832152645,4081690.2182307863
Rwanda,2019,2087.464874886871,4228971.113098624
Rwanda,2020,2175.6320363463497,4232396.095141349
Rwanda,2021,2307.8948571744095,4517319.876126262
Rwanda,2022,2348.058056840349,4525841.83255811
Saint Kitts and Nevis,2005,311.2,424375.7471706739
Saint Kitts and Nevis,2006,375.4,441979.28709315055
Saint Kitts and Nevis,2007,397.0,468912.3514629973
Saint Kitts and Nevis,2008,417.4,496938.4696255809
Saint Kitts and Nevis,2009,447.4,477931.51816323434
Saint Kitts and Nevis,2010,491.0,467146.46722086956
Saint Kitts and Nevis,2011,591.8,641983.6005736123
Saint Kitts and Nevis,2012,557.6,579688.603603844
Saint Kitts and Nevis,2013,661.0,580546.7440301476
Saint Kitts and Nevis,2014,472.8,552197.4514828892
Saint Kitts and Nevis,2015,339.0,538584.5979463696
Saint Kitts and Nevis,2016,296.8,581893.084241261
Saint Kitts and Nevis,2017,350.8,589419.6532005899
Saint Kitts and Nevis,2018,327.8,586126.856155148
Saint Kitts and Nevis,2019,419.0,649777.9134876211
Saint Kitts and Nevis,2020,268.4,628388.5359442912
Saint Kitts and Nevis,2021,364.0,638835.4720611698
Saint Kitts and Nevis,2022,308.0,603685.7723880494
Saint Lucia,2005,12349.063670411984,10788963.858111631
Saint Lucia,2006,13671.91011235955,12038054.410691258
Saint Lucia,2007,12783.895131086143,11359714.99099288
Saint Lucia,2008,16338.576779026218,14092448.119572354
Saint Lucia,2009,15089.513108614232,13148329.837038375
Saint Lucia,2010,9840.823970037452,9331904.706040315
Saint Lucia,2011,9983.14606741573,9507468.784540603
Saint Lucia,2012,7530.711610486891,7725957.919479173
Saint Lucia,2013,9036.704119850187,8580540.630305948
Saint Lucia,2014,9240.823970037452,8546713.513486682
Saint Lucia,2015,8884.269662921348,8406255.029211923
Saint Lucia,2016,8450.187265917602,8047654.172407552
Saint Lucia,2017,9116.479400749064,8469762.701266564
Saint Lucia,2018,10356.554307116105,8896157.78780774
Saint Lucia,2019,8596.629213483146,8438006.36515954
Saint Lucia,2020,6097.003745318352,6764787.97495169
Saint Lucia,2021,5711.985018726592,6241814.496062938
Saint Lucia,2022,6291.760299625468,6855826.013637376
Saint Vincent and the Grenadines,2005,23323.0,23942161.592062347
Saint Vincent and the Grenadines,2006,24232.0,24473084.900897924
Saint Vincent and the Grenadines,2007,24669.0,25050307.49630352
Saint Vincent and the Grenadines,2008,24883.5,24858026.683554016
Saint Vincent and the Grenadines,2009,26072.5,25672913.20061332
Saint Vincent and the Grenadines,2010,25143.0,24932849.48559609
Saint Vincent and the Grenadines,2011,26643.5,26067276.760882165
Saint Vincent and the Grenadines,2012,27370.5,28429098.433675405
Saint Vincent and the Grenadines,2013,26575.5,28082568.226665538
Saint Vincent and the Grenadines,2014,28725.5,29186585.533532478
Saint Vincent and the Grenadines,2015,27650.0,28397541.855773956
Saint Vincent and the Grenadines,2016,26504.0,27699835.64016842
Saint Vincent and the Grenadines,2017,26933.5,28084823.845670212
Saint Vincent and the Grenadines,2018,27081.0,28388943.18816648
Saint Vincent and the Grenadines,2019,26940.0,29044920.21641468
Saint Vincent and the Grenadines,2020,26059.5,28961258.975419957
Saint Vincent and the Grenadines,2021,23324.0,25413123.98640644
Saint Vincent and the Grenadines,2022,22865.0,25159912.991198707
Samoa,2005,5594.117647058823,8291098.669686817
Samoa,2006,5520.915032679739,8287713.687080647
Samoa,2007,5865.639589169001,8074783.873732974
Samoa,2008,5810.177404295051,8435955.029039817
Samoa,2009,6014.192343604108,9142602.573784757
Samoa,2010,6138.562091503268,9167299.09319801
Samoa,2011,6451.633986928105,9503601.639358973
Samoa,2012,6635.574229691877,9532605.230171304
Samoa,2013,6812.885154061624,9610435.753428686
Samoa,2014,6851.447245564893,9547696.2110169
Samoa,2015,6983.380018674136,5483487.903213939
Samoa,2016,6718.580765639589,5329109.993620331
Samoa,2017,6316.713352007469,5730245.232823913
Samoa,2018,6087.581699346405,5631149.359350178
Samoa,2019,5214.3790849673205,5248476.598415219
Samoa,2020,5591.40989729225,5478153.77070953
Samoa,2021,5381.419234360411,5343520.655435197
Samoa,2022,5280.205415499533,5283059.705259102
Saudi Arabia,2005,1827.0892430861904,2369471.2470645066
Saudi Arabia,2006,1857.268372912098,2383383.761963346
Saudi Arabia,2007,1857.2217313521942,2338326.040139015
Saudi Arabia,2008,1839.8101455304122,2039905.0005733075
Saudi Arabia,2009,1740.116143314355,1567760.2904188095
Saudi Arabia,2010,1680.258988921755,1585481.717492452
Saudi Arabia,2011,1694.5106090600648,1513306.7217205775
Saudi Arabia,2012,1668.3863798482807,1340306.1326421017
Saudi Arabia,2013,1701.892801953815,1260126.759574676
Saudi Arabia,2014,1104.0969654709618,1016476.4862230853
Saudi Arabia,2015,1471.4584261913349,1219177.1773131753
Saudi Arabia,2016,1573.6081065363192,1238757.8819188767
Saudi Arabia,2017,1658.4278237893527,1330617.3777722481
Saudi Arabia,2018,1721.9081528572183,1321034.5143129819
Saudi Arabia,2019,1949.3784574878214,1402246.220279279
Saudi Arabia,2020,2093.324514191715,1585310.5290819556
Saudi Arabia,2021,2131.735296321118,1584747.8193547102
Saudi Arabia,2022,2229.1082979124694,1736416.672517939
Senegal,2005,169.68511749347257,1125790.5511984848
Senegal,2006,139.8018276762402,821273.1641204522
Senegal,2007,115.5845953002611,661401.0936990504
Senegal,2008,200.07859007832897,1403892.6599050807
Senegal,2009,206.02506527415144,1553054.6688714027
Senegal,2010,208.28146214099218,1675572.844977131
Senegal,2011,144.75169712793735,928055.0571327357
Senegal,2012,178.0018276762402,1207935.7011195696
Senegal,2013,154.83968668407311,1078629.3932222044
Senegal,2014,166.0710182767624,1082201.5229772301
Senegal,2015,234.8527415143603,1743990.95969453
Senegal,2016,238.55665796344647,1621593.0005412002
Senegal,2017,266.3514360313316,2180667.1836949587
Senegal,2018,403.002088772846,2469349.0084888367
Senegal,2019,406.4603133159269,2415260.2583097415
Senegal,2020,538.022454308094,3112076.8839580985
Senegal,2021,524.1644908616188,2985733.2553909197
Senegal,2022,519.5480417754569,2890665.6813347717
Serbia,2006,1172.3315405301576,2946903.783128787
Serbia,2007,1024.9938532462543,2595309.5073744236
Serbia,2008,1199.6500192086055,3121272.2295152387
Serbia,2009,1257.6796004610064,3184349.589752603
Serbia,2010,1197.4110641567422,2888197.3217180492
Serbia,2011,1226.9147137917787,3160852.180568655
Serbia,2012,899.7126392623895,2761360.5248474306
Serbia,2013,1230.4199001152517,3455868.4494241904
Serbia,2014,1224.1774875144065,3415584.504099797
Serbia,2015,1092.42489435267,3152417.6126678553
Serbia,2016,1276.681137149443,3794467.3008125704
Serbia,2017,988.9024202842874,2819268.706125752
Serbia,2018,1261.384940453323,3718077.0596656944
Serbia,2019,1287.374183634268,3514785.1235818355
Serbia,2020,1361.2981175566654,3856539.5185569804
Serbia,2021,1229.366500192086,3982957.244354232
Serbia,2022,1104.3376872839033,3485430.6591636864
Seychelles,2005,51640.0,24586725.279598355
Seychelles,2006,49860.0,24484501.56372037
Seychelles,2007,52846.666666666664,24217683.21143327
Seychelles,2008,44860.0,24766092.3977694
Seychelles,2009,37980.0,24210900.464032747
Seychelles,2010,36013.333333333336,23848362.43393826
Seychelles,2011,35820.0,24629121.24740678
Seychelles,2012,37340.0,23600578.625121213
Seychelles,2013,37206.666666666664,23682798.101907447
Seychelles,2014,37700.0,23660639.359528076
Seychelles,2015,36786.666666666664,26792099.47780177
Seychelles,2016,36860.0,26464204.051110905
Seychelles,2017,36686.666666666664,26548790.206230476
Seychelles,2018,36193.333333333336,26650867.9003375
Seychelles,2019,37233.333333333336,26614989.371477827
Seychelles,2020,37040.0,26623968.118791517
Seychelles,2021,36706.666666666664,26874637.860272616
Seychelles,2022,36933.333333333336,29530883.8127635
Sierra Leone,2005,489.967803030303,1739156.4178279024
Sierra Leone,2006,638.2683080808081,2259299.4489652067
Sierra Leone,2007,429.219696969697,1761216.942549402
Sierra Leone,2008,474.87752525252523,1916580.8847364776
Sierra Leone,2009,612.7001262626262,2486557.4058036106
Sierra Leone,2010,704.0694444444445,2852539.391007728
Sierra Leone,2011,752.3522727272727,3068063.668310864
Sierra Leone,2012,755.9848484848485,3141654.5845841416
Sierra Leone,2013,806.5107323232323,3352085.716585743
Sierra Leone,2014,754.0580808080808,3226524.789212534
Sierra Leone,2015,632.6761363636364,2694401.030800656
Sierra Leone,2016,574.8282828282828,2610045.180518156
Sierra Leone,2017,595.3566919191919,2323979.329055224
Sierra Leone,2018,607.2436868686868,2420550.034808715
Sierra Leone,2019,642.6313131313132,2081665.6342927678
Sierra Leone,2020,688.5770202020202,2543034.242223141
Sierra Leone,2021,1132.5991161616162,4107681.498151011
Sierra Leone,2022,874.1212121212121,3329222.763507154
Singapore,2005,4683.928571428572,8259815.035096574
Singapore,2006,4858.928571428572,9065213.65070623
Singapore,2007,5207.142857142857,8340288.817040832
Singapore,2008,4948.214285714285,8311215.654520777
Singapore,2009,5555.357142857143,8508330.768847605
Singapore,2010,5078.571428571428,9552903.191039795
Singapore,2011,5675.0,10000465.107106298
Singapore,2012,6183.928571428572,10506935.845122602
Singapore,2013,6241.071428571428,10676275.526726222
Singapore,2014,6067.857142857143,11074809.742033761
Singapore,2015,6128.571428571428,11229660.977202069
Singapore,2016,6555.357142857143,10997772.166810695
Singapore,2017,7166.071428571428,11067121.815658096
Singapore,2018,7362.5,11659995.717280768
Singapore,2019,7148.214285714285,11782867.014503485
Singapore,2020,6483.928571428572,11120995.088908222
Singapore,2021,6903.571428571428,11434743.001209533
Singapore,2022,6292.857142857143,9860721.892545609
Slovakia,2005,892.4651874521805,3055892.331033917
Slovakia,2006,803.5057383320582,2531441.0505564217
Slovakia,2007,746.3879112471309,2523751.4076738013
Slovakia,2008,973.0214231063504,3366605.478968684
Slovakia,2009,835.1392501912777,2826306.008439754
Slovakia,2010,648.3167559296098,2214071.230926358
Slovakia,2011,847.3932670237184,3058709.046184947
Slovakia,2012,672.5447589900535,2400506.7772230934
Slovakia,2013,779.2869166029075,3014135.897931746
Slovakia,2014,997.5394032134659,3784219.334423498
Slovakia,2015,823.0902830910481,3540659.566876224
Slovakia,2016,1014.442999234889,4276208.279366188
Slovakia,2017,836.8194338179036,3101214.7453932012
Slovenia,2005,2084.1858125104814,3669495.7964122314
Slovenia,2006,1910.7999329196714,3333951.2081276355
Slovenia,2007,1922.0806081949802,3402926.852299109
Slovenia,2008,1820.4259600872044,3551818.6065899674
Slovenia,2009,1857.4151713343394,3290072.2068492966
Slovenia,2010,1846.4195874559784,3474403.1470323466
Slovenia,2011,1935.530214098049,3539561.634328596
Slovenia,2012,1573.8107216725361,3492283.7499809065
Slovenia,2013,1631.3935938286097,2899990.3687140113
Slovenia,2014,1921.3315445245682,3721826.247731968
Slovenia,2015,2080.0268321314775,3662204.055566776
Slovenia,2016,1863.1728995472079,3592556.9169446393
Slovenia,2017,1680.6417351445023,3166275.712084868
South Africa,2005,712.5971666666667,1045955.9125345718
South Africa,2006,635.7201666666666,911473.7572221368
South Africa,2007,632.0534166666666,901058.586683917
South Africa,2008,763.5009166666666,1145359.270393925
South Africa,2009,737.1373333333333,1089043.6579398671
South Africa,2010,722.7176666666667,1028853.9504940446
South Africa,2011,721.6160833333333,1048204.2287605375
South Africa,2012,754.14825,1095112.544222239
South Africa,2013,788.0678333333333,1095387.7295274213
South Africa,2014,832.48225,1176586.9651527829
South Africa,2015,775.7710833333333,1013266.282539723
South Africa,2016,712.7933333333333,953353.8230394046
South Africa,2017,908.6823333333333,1232610.5929839239
South Africa,2018,859.28425,1158909.9502922946
South Africa,2019,812.763,1071269.4552676114
South Africa,2020,916.6163333333334,1300421.398099134
South Africa,2021,953.1813333333333,1368177.732956332
South Africa,2022,980.9093333333333,1316936.4761088518
Spain,2005,1855.2938633553556,2056501.133717459
Spain,2006,2065.220316515399,2416157.9257586235
Spain,2007,2096.0099610716243,2521143.1867392133
Spain,2008,2067.827313011367,2548990.9600051804
Spain,2009,2029.3922937385375,2274342.8545564795
Spain,2010,2124.0651818708843,2529758.905243039
Spain,2011,2186.3307515903402,2742694.290406554
Spain,2012,1793.1385856269878,2257378.6695365203
Spain,2013,2463.523141964841,2996446.687771912
Spain,2014,2097.372258519904,2691904.487660934
Spain,2015,2120.6564808939565,2726793.2832939285
Spain,2016,2329.0439780616357,3043356.9028038005
Spain,2017,2149.061104633438,2407922.195522317
Sri Lanka,2005,1705.4599125364432,5740208.344626753
Sri Lanka,2006,1712.487609329446,5966293.165827308
Sri Lanka,2007,1682.4096209912536,5720110.507196613
Sri Lanka,2008,1900.3498542274053,6815955.383004103
Sri Lanka,2009,1801.8768221574344,6490228.530548965
Sri Lanka,2010,2170.8739067055394,7449010.360087287
Sri Lanka,2011,2085.043002915452,6915939.802924195
Sri Lanka,2012,2102.1202623906706,6961614.465314591
Sri Lanka,2013,2312.57361516035,8023519.10611643
Sri Lanka,2014,2013.640670553936,6440443.723355497
Sri Lanka,2015,2291.946064139942,8482139.744108615
Sri Lanka,2016,2174.4096209912536,7923263.004804461
Sri Lanka,2017,1740.8309037900874,4960087.263807339
Sri Lanka,2018,2057.662536443149,7327982.759141187
Sri Lanka,2019,2187.6807580174927,8190518.42719064
Sri Lanka,2020,2424.5262390670555,9244017.350256508
Sri Lanka,2021,2569.475218658892,9342077.549188389
Sri Lanka,2022,1917.1873177842565,6730913.485506752
Sudan,2012,195.11950464396284,542208.0549029259
Sudan,2013,274.46039533222194,913355.3998043058
Sudan,2014,339.63848535365565,1132827.966582694
Sudan,2015,246.4471064539176,681261.1918597287
Sudan,2016,332.9006430102405,1162254.4374112957
Sudan,2017,307.85572755417957,922772.3589831173
Sudan,2018,395.25844248630625,1375361.203349249
Sudan,2019,357.8,1108312.5797179963
Sudan,2020,393.13150750178613,1163905.8550289809
Sudan,2021,340.9022148130507,1010201.3312235381
Sudan,2022,364.7127411288402,1218654.129686054
Suriname,2005,1550.665533843104,6905225.661624695
Suriname,2006,1696.063438119513,7600711.569020812
Suriname,2007,1824.5445105258189,7596774.255561066
Suriname,2008,1898.4612479939583,7880448.864332653
Suriname,2009,2069.2344000755215,9542908.551598106
Suriname,2010,2176.6260738223355,9573073.507876555
Suriname,2011,2143.5476257906166,9762157.996139726
Suriname,2012,2188.7472859435475,9499096.791090097
Suriname,2013,2436.533559898046,11006801.244391404
Suriname,2014,2434.9098461247995,11462784.604019063
Suriname,2015,2216.5581044085716,11025332.296000449
Suriname,2016,2181.6104974983477,11320216.610685764
Suriname,2017,2379.3637307656,11756391.992943866
Suriname,2018,2221.410365335599,11061921.153642504
Suriname,2019,2014.4057396393846,10805868.638746478
Suriname,2020,1817.9741338619842,9742578.71230924
Suriname,2021,1730.1047861795525,10074348.444450833
Suriname,2022,1343.6609081468894,7044157.95138748
Sweden,2005,589.6417260490895,2335640.9992235703
Sweden,2006,514.8095803642121,2039416.9068660687
Sweden,2007,568.1100554235946,2316212.576635794
Sweden,2008,584.0399841646872,2277347.6953814314
Sweden,2009,606.3725257323832,2362918.8494737246
Sweden,2010,529.001187648456,2142141.0002898653
Sweden,2011,568.4255740300871,2253489.5280060293
Sweden,2012,600.778305621536,2291018.858925076
Sweden,2013,590.0225653206651,1997302.9539621726
Sweden,2014,654.29216152019,2950506.784023474
Sweden,2015,670.7573238321456,3178013.1899939775
Sweden,2016,626.1967537608867,2805971.2554893056
Sweden,2017,671.519002375297,3136938.8403048697
Switzerland,2005,5438.09874807307,4309444.840459199
Switzerland,2006,5259.2888013724805,4238739.264286354
Switzerland,2007,5769.589847558491,4446397.909026019
Switzerland,2008,5546.062278754727,4367426.153698047
Switzerland,2009,5949.043049950192,4488458.013496983
Switzerland,2010,5287.481058642468,4101422.9931538966
Switzerland,2011,6338.553290202408,4618576.566338456
Switzerland,2012,5547.631318126769,4157764.6490954063
Switzerland,2013,5082.8727748713545,3787240.772636132
Switzerland,2014,5903.866319863559,4406607.831063044
Switzerland,2015,5252.87642503208,4051345.5248299483
Switzerland,2016,5198.386361566708,3329571.026752078
Switzerland,2017,5090.612023735378,4136522.8984118965
Switzerland,2018,5879.9573887249635,4211601.114080215
Switzerland,2019,5259.863947637473,3982635.8480446823
Switzerland,2020,5504.225433119192,4290657.340527087
Switzerland,2021,4294.042014434657,3451040.152370598
Switzerland,2022,5186.547934278944,3821877.505450856
Tajikistan,2005,834.6068214116533,2395496.79193923
Tajikistan,2006,895.6466129796305,2457282.197161532
Tajikistan,2007,920.9509711037423,2550549.8851009686
Tajikistan,2008,1053.6854571293227,2697382.09025637
Tajikistan,2009,1256.5750828991,3807554.7464499986
Tajikistan,2010,1326.3678351492183,3818364.0925496127
Tajikistan,2011,1297.1020843202273,3253315.920033938
Tajikistan,2012,1453.6984841307437,3606185.816089236
Tajikistan,2013,1589.8697299857888,4064117.0066172713
Tajikistan,2014,1549.7678825201326,3804682.2142538386
Tajikistan,2015,1580.5139744197063,3975646.6656090054
Tajikistan,2016,1621.539554713406,4084068.212091825
Tajikistan,2017,1661.907863571767,4083310.2537846277
Tajikistan,2018,1651.9824727617242,4024075.985796695
Tajikistan,2019,1754.4161534817622,4276261.474517551
Tajikistan,2020,1749.0667929891047,4279423.848113475
Tajikistan,2021,1822.7984367598294,4444826.808110467
Tajikistan,2022,1872.3993368072004,4650195.1658953475
Thailand,2005,1174.2820425381428,4700927.370342203
Thailand,2006,1207.0517581085178,4897530.959596345
Thailand,2007,1245.7904541780338,5147083.518467473
Thailand,2008,1322.289898454077,5286646.438892299
Thailand,2009,1278.9272633121147,5400113.553691527
Thailand,2010,1326.1074694351823,5465155.647421167
Thailand,2011,1443.0901409518035,5634977.086669092
Thailand,2012,1557.5191345862384,6297320.185764479
Thailand,2013,1546.5745933111043,6104321.770565536
Thailand,2014,1542.2612281499444,5903818.232442685
Thailand,2015,1399.5172148125694,5211913.050871895
Thailand,2016,1398.1877715469334,5011729.579402578
Thailand,2017,1497.6252273416187,5393487.988044687
Thailand,2018,1641.9403607153683,5523931.7294584215
Thailand,2019,1605.9963246438315,5339301.396546771
Thailand,2020,1521.2708396483783,5241260.626637501
Thailand,2021,1537.1608189350309,5602906.575205785
Thailand,2022,1593.1436925330909,5657925.076461615
Timor-Leste,2005,2096.170403587444,2214789.639601217
Timor-Leste,2006,2389.1928251121076,2231375.3409826336
Timor-Leste,2007,1817.3094170403588,2162349.4050735817
Timor-Leste,2008,2414.026905829596,2530234.1066477327
Timor-Leste,2009,3385.5336322869957,3376262.9773313696
Timor-Leste,2010,3420.053811659193,3148238.4939806894
Timor-Leste,2011,1971.2286995515694,2583972.143983477
Timor-Leste,2012,2379.408071748879,2962153.850935582
Timor-Leste,2013,2490.403587443946,2592879.0553148803
Timor-Leste,2014,2525.973094170404,2631844.9344591424
Timor-Leste,2015,2839.0044843049327,2505345.461272453
Timor-Leste,2016,2105.8206278026905,2166849.872182672
Timor-Leste,2017,1847.9910313901346,2107036.225650716
Timor-Leste,2018,1932.6726457399104,2061072.5308819746
Timor-Leste,2019,1686.1704035874438,1863654.4641677418
Timor-Leste,2020,1735.9551569506727,1916149.4663614244
Timor-Leste,2021,1389.7040358744396,1727215.718809287
Timor-Leste,2022,2276.412556053812,2534511.9432555283
Togo,2005,247.10830188679245,696988.8539104402
Togo,2006,274.45924528301884,758587.350828107
Togo,2007,277.6879245283019,769616.228152446
Togo,2008,315.09811320754716,851857.808076338
Togo,2009,335.11698113207547,933875.0822874062
Togo,2010,331.9935849056604,934585.9228322397
Togo,2011,368.591320754717,1019561.1080588637
Togo,2012,329.2249056603774,962907.9872086004
Togo,2013,281.7724528301887,908423.6484931064
Togo,2014,314.3056603773585,1026936.787088813
Togo,2015,297.98641509433963,979252.2520867856
Togo,2016,305.53622641509435,962920.3725532227
Togo,2017,314.54415094339623,1004882.8917578844
Togo,2018,327.5452830188679,1033100.4577697713
Togo,2019,340.5022641509434,1051452.596623507
Togo,2020,356.08377358490566,1075561.0037354562
Togo,2021,369.7154716981132,1101289.8499599546
Togo,2022,386.9464150943396,1131814.4057763144
Trinidad and Tobago,2005,2694.96,2526774.7864485537
Trinidad and Tobago,2006,3446.76,2623738.133400558
Trinidad and Tobago,2007,3340.6,2629390.402299392
Trinidad and Tobago,2008,1790.52,2559553.631354086
Trinidad and Tobago,2009,1756.16,2347263.969066267
Trinidad and Tobago,2010,1875.56,2291503.278937421
Trinidad and Tobago,2011,2080.64,2291447.8184770313
Trinidad and Tobago,2012,2257.16,2308131.140980607
Trinidad and Tobago,2013,2159.28,2278840.0243102964
Trinidad and Tobago,2014,2043.28,2420590.1443637544
Trinidad and Tobago,2015,2081.52,2362488.074294205
Trinidad and Tobago,2016,1962.2,2337098.6615576968
Trinidad and Tobago,2017,2054.44,2332809.489781996
Trinidad and Tobago,2018,1691.24,2290159.8552624434
Trinidad and Tobago,2019,1851.0,2204087.6332634813
Trinidad and Tobago,2020,2125.44,2268809.3707245374
Trinidad and Tobago,2021,2025.72,2271321.0627064826
Trinidad and Tobago,2022,2023.72,2137297.8549379534
Tunisia,2005,721.2662028043654,1754983.4663905567
Tunisia,2006,731.2407727898845,1550854.7114567533
Tunisia,2007,709.9706848444177,1679419.1611365115
Tunisia,2008,710.8593225726698,1383804.4855986887
Tunisia,2009,764.3764348532476,1862005.7392224323
Tunisia,2010,666.2462473068908,1321706.1732722097
Tunisia,2011,741.0910182601632,1868131.1682466448
Tunisia,2012,827.2443753752693,1887047.9467592363
Tunisia,2013,750.8416628403913,1531329.3155434204
Tunisia,2014,721.7843393494155,1831145.5378971812
Tunisia,2015,909.8576625578356,1614256.888780025
Tunisia,2016,722.0276904602126,1533791.4874700261
Tunisia,2017,727.5887401546993,1646812.471816509
Tunisia,2018,977.8960194963445,1805861.4387305914
Tunisia,2019,904.58270052626,2001986.9331663803
Tunisia,2020,1091.5282732313779,1842769.4472732346
Tunisia,2021,879.2455762370643,1848396.967332282
Tunisia,2022,958.7511037332674,1829395.2824162745
Turkmenistan,2005,914.7484397493948,3849369.416140734
Turkmenistan,2006,1021.7743929901319,4395584.7715684185
Turkmenistan,2007,511.95157492822045,1669627.239947859
Turkmenistan,2008,467.29543325103145,1537292.8423924074
Turkmenistan,2009,575.698669564658,2049292.3573739522
Turkmenistan,2010,595.2841123862987,2140466.021808641
Turkmenistan,2011,524.4250345828742,1758430.5154271054
Turkmenistan,2012,586.5837297629866,1880392.488915534
Turkmenistan,2013,634.1477482929732,2093522.47729661
Turkmenistan,2014,604.8559784138524,1896396.8459451643
Turkmenistan,2015,659.5055905628966,2159438.5356687084
Turkmenistan,2016,690.5139377025712,2399952.6681537507
Turkmenistan,2017,685.6727123026565,2379888.617713514
Turkmenistan,2018,581.7915135235123,1782065.517110072
Turkmenistan,2019,725.1162899412092,2501913.067337422
Turkmenistan,2020,728.0222818262974,2354580.645131951
Turkmenistan,2021,720.9668476905879,2136677.9492659406
Turkmenistan,2022,765.122216279687,2141009.2227330282
Türkiye,2005,1565.1270404892243,3118187.7729430352
Türkiye,2006,1554.8642797257978,2989311.1820666366
Türkiye,2007,1416.1677269813088,2674504.566972935
Türkiye,2008,1504.3051733491147,2769773.76008345
Türkiye,2009,1590.3565616215417,3075298.823756969
Türkiye,2010,1573.6649898900232,3014622.9579716357
Türkiye,2011,1664.198056911772,3217235.3477406227
Türkiye,2012,1673.744735414509,3116405.1855881643
Türkiye,2013,1738.8128421364106,3312293.3202565904
Türkiye,2014,1645.5080633229768,2964338.9189530173
Türkiye,2015,1774.7118410021205,3393712.383324872
Türkiye,2016,1779.5593529614835,3219220.1603343575
Türkiye,2017,1871.9532968387828,3367567.401092821
Türkiye,2018,1789.8569808157026,3212479.6954381918
Türkiye,2019,1834.5471716723382,3184354.2079549343
Türkiye,2020,1920.9556147359076,3380943.1904942663
Türkiye,2021,1879.1330571583567,3127722.4047689717
Türkiye,2022,2079.5621640282093,3427552.3031830653
Ukraine,2005,369.0191957234844,1640528.3621427778
Ukraine,2006,372.4683817276151,1339825.8260224946
Ukraine,2007,334.32751184546225,1311208.2866831757
Ukraine,2008,479.5,2117403.9465097724
Ukraine,2009,442.48982505163406,1805475.7018481104
Ukraine,2010,422.647217835014,1554011.211269558
Ukraine,2011,560.5699489733933,2108347.974193838
Ukraine,2012,509.8121734904629,1687503.515406382
Ukraine,2013,616.5988640505407,2162893.0881323996
Ukraine,2014,624.0743530555218,2248440.1743537323
Ukraine,2015,596.3976430567367,2287627.6221774635
Ukraine,2016,649.2916413558498,2354054.7622227888
Ukraine,2017,625.0787267646701,2344006.4043631176
Ukraine,2018,699.5608370793342,2366376.788710299
Ukraine,2019,713.652320495687,2534617.044564814
Ukraine,2020,630.309561414166,2275276.332570603
Ukraine,2021,771.5432511238002,2849012.31432826
Ukraine,2022,571.4879419268618,1930974.7671508435
United Kingdom of Great Britain and Northern Ireland,2005,1492.932895517038,5673717.188532558
United Kingdom of Great Britain and Northern Ireland,2006,1451.7034588594827,5603263.6057564
United Kingdom of Great Britain and Northern Ireland,2007,1394.5777775954023,5067871.309606124
United Kingdom of Great Britain and Northern Ireland,2008,1587.0778383198774,6367049.235464262
United Kingdom of Great Britain and Northern Ireland,2009,1523.4117836191379,5463412.160603953
United Kingdom of Great Britain and Northern Ireland,2010,1509.1372299671943,5718063.10263268
United Kingdom of Great Britain and Northern Ireland,2011,1562.5980981557695,5787452.555120451
United Kingdom of Great Britain and Northern Ireland,2012,1373.321398464475,4942505.752325297
United Kingdom of Great Britain and Northern Ireland,2013,1456.9533958350887,4686785.094587875
United Kingdom of Great Britain and Northern Ireland,2014,1664.7221046156626,6244527.010156907
United Kingdom of Great Britain and Northern Ireland,2015,1657.3267901360157,6204079.233226773
United Kingdom of Great Britain and Northern Ireland,2016,1496.4329086547039,5596907.800904589
United Kingdom of Great Britain and Northern Ireland,2017,1644.4278857643894,5854354.495753801
United Kingdom of Great Britain and Northern Ireland,2018,1506.5906076345789,5210329.8620278
United Kingdom of Great Britain and Northern Ireland,2019,1657.9035899184532,6172460.394819012
United Kingdom of Great Britain and Northern Ireland,2020,1390.2559157717446,4101159.9502694905
United Kingdom of Great Britain and Northern Ireland,2021,1435.4925059379273,5515753.174685119
United Kingdom of Great Britain and Northern Ireland,2022,1520.661312367428,5972254.375274022
United Republic of Tanzania,2005,197.4928346602481,1086609.0769441216
United Republic of Tanzania,2006,241.27109794482504,1211774.9912621595
United Republic of Tanzania,2007,247.84047398629883,1279730.5043185719
United Republic of Tanzania,2008,242.23136456211813,1186937.736666913
United Republic of Tanzania,2009,239.64117755971117,1262209.3948890218
United Republic of Tanzania,2010,322.575597111646,1564691.1484296513
United Republic of Tanzania,2011,345.8805406406221,1643732.325237049
United Republic of Tanzania,2012,320.68646546935753,1684688.3962526226
United Republic of Tanzania,2013,351.54719496389555,1863686.6283901476
United Republic of Tanzania,2014,408.3408998333642,2064798.0834670935
United Republic of Tanzania,2015,414.9019811146084,2150791.081790675
United Republic of Tanzania,2016,424.7925939640807,2009490.6571402107
United Republic of Tanzania,2017,394.9262729124236,1903137.4589460224
United Republic of Tanzania,2018,424.357341233105,2089567.7853132742
United Republic of Tanzania,2019,425.25443436400667,2099014.8536475985
United Republic of Tanzania,2020,425.30494352897614,2213878.4989516926
United Republic of Tanzania,2021,419.1445287909646,2227589.8779013115
United Republic of Tanzania,2022,389.71553416034067,2165534.8454278396
United States of America,2005,900.2493964822676,1911826.5930133131
United States of America,2006,875.382951884114,1712820.331041941
United States of America,2007,923.8859079558318,2022697.1001959248
United States of America,2008,932.1723211886421,2120028.680347379
United States of America,2009,991.5761387896091,2066147.1389107916
United States of America,2010,956.3997334078897,2025952.714957973
United States of America,2011,919.059977709637,1861794.9828764165
United States of America,2012,909.4212338295634,1914111.0801009035
United States of America,2013,992.9051986664304,2073263.709058643
United States of America,2014,1048.445507553057,2096444.097092406
United States of America,2015,1028.825094277251,2103915.8309933436
United States of America,2016,1114.8934276140033,2349202.1998175452
United States of America,2017,1042.6105548530818,1986664.6042778313
United States of America,2018,1040.7873259474618,2030369.169957266
United States of America,2019,950.4228534204237,1969460.4923512242
United States of America,2020,997.7662231082537,2005063.2405443618
United States of America,2021,1020.5423164837699,1979012.2946410575
United States of America,2022,969.9270513997831,1800276.755130416
Uruguay,2005,669.0539188943444,1810474.476689665
Uruguay,2006,681.0110929259865,1774293.2907107468
Uruguay,2007,691.478905255501,1890541.4712115112
Uruguay,2008,680.2923258774323,2084604.7168432516
Uruguay,2009,791.5680123658847,2755379.090662591
Uruguay,2010,953.0005455537371,2970985.7179603972
Uruguay,2011,907.4099836333879,2866082.774913339
Uruguay,2012,1090.7842334969994,3550603.561160373
Uruguay,2013,1048.8393344244407,2461764.107656273
Uruguay,2014,1171.0820149118022,2986938.037620443
Uruguay,2015,1119.5999272595018,2640038.552424372
Uruguay,2016,964.944080741953,2588388.4732327336
Uruguay,2017,1146.4848154209856,2279589.9895272353
Uruguay,2018,710.7292234951809,1722365.5494272865
Uruguay,2019,1072.3308783415166,2073299.8998213573
Uruguay,2020,905.4791780323695,2069613.848383969
Uruguay,2021,945.9438079650846,2327531.668693252
Uruguay,2022,1185.1545735588288,2700802.5669218684
Vanuatu,2005,692.45,6607236.069724094
Vanuatu,2006,726.15,6692054.109047618
Vanuatu,2007,684.85,6735913.04395545
Vanuatu,2008,781.25,6839699.937709727
Vanuatu,2009,806.95,6909501.679457941
Vanuatu,2010,843.05,9263788.20507133
Vanuatu,2011,737.1,8768127.208353018
Vanuatu,2012,868.55,8918909.484997453
Vanuatu,2013,890.5,9612873.56506176
Vanuatu,2014,845.8,11362654.759070415
Vanuatu,2015,824.55,10565242.71931798
Vanuatu,2016,903.9,10617589.98807443
Vanuatu,2017,751.4,8862182.185172424
Vanuatu,2018,770.45,8908786.263155216
Vanuatu,2019,794.2,9014038.050889881
Vanuatu,2020,749.85,8937173.569745526
Vanuatu,2021,865.65,9024176.167418947
Vanuatu,2022,877.7,12382534.0403486
Venezuela (Bolivarian Republic of),2005,41920.645,2233587.365469977
Venezuela (Bolivarian Republic of),2006,41572.605769230766,2377288.0729746865
Venezuela (Bolivarian Republic of),2007,43735.63538461539,2253555.2679799814
Venezuela (Bolivarian Republic of),2008,42657.75384615385,2269904.6058108434
Venezuela (Bolivarian Republic of),2009,41835.78615384615,2272563.5834020185
Venezuela (Bolivarian Republic of),2010,43316.96653846154,2145997.0280230558
Venezuela (Bolivarian Republic of),2011,44364.318076923075,2268804.7198749636
Venezuela (Bolivarian Republic of),2012,40792.641153846154,2010614.8908745972
Venezuela (Bolivarian Republic of),2013,43989.20384615385,2139174.714194784
Venezuela (Bolivarian Republic of),2014,45030.93307692308,2230295.3290634756
Viet Nam,2005,2421.024659358429,12112338.426331779
Viet Nam,2006,2462.396559103988,12233752.120902063
Viet Nam,2007,2523.6986659691343,12398379.339840608
Viet Nam,2008,2666.1577354766605,13291360.842144648
Viet Nam,2009,2678.126857774713,13282405.22410583
Viet Nam,2010,2783.767804912848,13632685.57621057
Viet Nam,2011,2904.6766877511714,14409099.242298163
Viet Nam,2012,3023.5363707702186,15030127.573164862
Viet Nam,2013,3071.769552707298,15158138.774990853
Viet Nam,2014,3127.7059603357666,15499469.49690096
Viet Nam,2015,3122.7827087247047,15648067.803589646
Viet Nam,2016,3040.2291453641833,15097823.337387227
Viet Nam,2017,3080.8681901410127,14997526.282095429
Viet Nam,2018,3153.382338953226,15417982.590533182
Viet Nam,2019,3174.585641928043,15360216.361260856
Viet Nam,2020,3151.0281668370867,15233771.701099005
Viet Nam,2021,3263.849041685492,15628102.491754407
Viet Nam,2022,3259.803551470763,15308081.879643138
Yemen,2005,1220.8851468048358,1510849.1992403776
Yemen,2006,1491.2012089810016,1951895.9345996936
Yemen,2007,1742.1044905008634,2338898.286545589
Yemen,2008,1569.0008635578583,1916290.5806303138
Yemen,2009,1552.630397236615,2271329.675068393
Yemen,2010,1875.2478411053542,2815340.484913786
Yemen,2011,1621.6105354058723,2464562.5427433373
Yemen,2012,1773.9784110535406,2669867.3213395495
Yemen,2013,1675.9620034542315,2590021.39061309
Yemen,2014,1529.8644214162348,2436618.226630843
Yemen,2015,1308.0768566493955,1982185.2365747066
Yemen,2016,1163.5474956822106,1802846.8090293834
Yemen,2017,1160.8549222797928,1799663.1327595394
Yemen,2018,1095.6753022452504,1709923.336191179
Yemen,2019,1262.6442141623488,2097758.396422003
Yemen,2020,1285.5509499136442,2085812.8469736616
Yemen,2021,1510.7020725388602,2294582.581194689
Yemen,2022,1461.4697754749568,2279882.0526916175
Zambia,2005,72.11157894736841,438411.30633959395
Zambia,2006,100.43184210526316,500086.91899873206
Zambia,2007,91.16868421052632,470267.07000006206
Zambia,2008,89.845,504314.94345530507
Zambia,2009,143.6071052631579,680148.9321307972
Zambia,2010,191.3905263157895,801533.1835547223
Zambia,2011,188.67526315789473,879587.7472935487
Zambia,2012,184.6071052631579,778529.3254137869
Zambia,2013,173.47342105263158,757514.1928737158
Zambia,2014,205.75342105263158,797184.3705380664
Zambia,2015,165.91973684210527,717315.2668813284
Zambia,2016,186.60342105263157,904745.3966832584
Zambia,2017,224.7642105263158,1206169.0872480103
Zambia,2018,166.98947368421054,1107761.8602708692
Zambia,2019,140.425,1031691.1763311847
Zambia,2020,217.38263157894738,1171930.7575885004
Zambia,2021,244.35473684210527,1259607.4460605406
Zambia,2022,195.73631578947368,1131446.8236152672
Zimbabwe,2010,715.3575494346009,456033.32340167335
Zimbabwe,2011,771.5441396652384,412130.18376944243
Zimbabwe,2012,925.3481929208324,447160.8627886996
Zimbabwe,2013,934.4955239241035,457897.09571554157
Zimbabwe,2014,994.3998963090236,508062.69590773125
Zimbabwe,2015,879.5695023666381,425573.5441792584
Zimbabwe,2016,898.441220277237,423150.0443245878
Zimbabwe,2017,1277.7778731246585,629239.6584355873
Zimbabwe,2018,1357.9682478471027,617540.0379903023
Zimbabwe,2019,1267.9522527031274,546611.5958555412
Zimbabwe,2020,1484.6262979747053,768855.9263028578
Zimbabwe,2021,1468.3724737667774,887124.509803063
Zimbabwe,2022,1423.5735345945138,721066.8373368114
Austria,2018,1505.9083891014975,3752130.604982458
Austria,2019,1430.6243936214576,4113357.4988720715
Austria,2020,1487.096658025804,4339286.226526139
Austria,2021,1438.2088538681428,4030644.0507678455
Austria,2022,1435.5548601977814,4190315.8334987713
Belgium,2018,3379.900170722801,6450997.250946604
Belgium,2019,3761.261031640255,7593532.023921383
Belgium,2020,3529.5548787608604,7163730.949467256
Belgium,2021,3773.5473732601013,7019763.368737655
Belgium,2022,3485.052950019556,7313264.416157717
Bulgaria,2018,645.8522034676113,3914798.495248379
Bulgaria,2019,689.4549052788573,4122803.8479372333
Bulgaria,2020,543.2275458547848,3172215.434677455
Bulgaria,2021,705.631641594126,4592472.45276678
Bulgaria,2022,608.1567738882276,3993082.276542927
Croatia,2018,913.8006912442396,3287823.5156885544
Croatia,2019,914.63133640553,3432355.564911411
Croatia,2020,983.9216589861751,3693365.507149582
Croatia,2021,928.241935483871,3704495.024489872
Croatia,2022,811.4435483870968,3368068.487863598
Cyprus,2018,1567.6389781482794,1556504.9817208387
Cyprus,2019,1544.1392085481943,1691740.7899979907
Cyprus,2020,1584.395335602253,1812822.2547968724
Cyprus,2021,1580.1653770742378,1657062.7774199306
Cyprus,2022,1497.7935759803745,1693298.535425414
Czechia,2018,720.7821173278992,3827485.7328254543
Czechia,2019,758.212651865327,4156047.626213669
Czechia,2020,808.7459532951231,4314580.515177618
Czechia,2021,824.499777361905,4375035.809705574
Czechia,2022,820.6139106817162,4501863.333863969
Denmark,2018,867.9661733615222,2863103.032002376
Denmark,2019,1138.1336152219874,4766602.296553445
Denmark,2020,1181.8405919661734,4364191.810256257
Denmark,2021,1065.9479915433403,4245391.279896327
Denmark,2022,1145.4038054968287,4439266.256252172
Estonia,2018,278.74824191279885,1589181.9480591007
Estonia,2019,449.4036568213783,2952548.1044633943
Estonia,2020,456.3192686357243,2926908.0358666265
Estonia,2021,365.3966244725738,2434145.6615353683
Estonia,2022,422.37412095639945,2913993.7087729024
Finland,2018,429.71256684491976,846073.7018680313
Finland,2019,549.2950089126559,1364517.3207973526
Finland,2020,494.5231729055258,1144991.4125903537
Finland,2021,431.8614081996435,1015320.689740845
Finland,2022,491.4144385026738,1291319.3885880741
France,2018,2160.648350819912,5077988.169997216
France,2019,2171.080118012366,5741362.559684087
France,2020,2133.6988052603056,4565125.464168087
France,2021,2144.850604577269,5365562.044152117
France,2022,2152.282888834212,4982495.463063779
Germany,2018,1298.3895214450818,4414286.276427627
Germany,2019,1410.6790514510744,5050929.0569689805
Germany,2020,1402.5855663042548,5000864.160482914
Germany,2021,1406.9997431726736,4866108.809658994
Germany,2022,1391.0494820648917,4994154.426610967
Greece,2018,2720.8841658432075,3693049.4552402054
Greece,2019,2532.0313519613187,3557695.69184634
Greece,2020,2668.9975155724696,3782161.398656907
Greece,2021,2538.472520073711,3785892.374624931
Greece,2022,2530.824573217539,3870334.492723575
Hungary,2018,850.6001355646891,3526724.2309465474
Hungary,2019,858.8199212045325,3627554.1592670484
Hungary,2020,831.3097966843358,3460541.6450560186
Hungary,2021,774.4578076019021,3366885.889693397
Hungary,2022,567.7805348121097,2526701.9914162625
Ireland,2018,1659.0751708428245,2726173.8506879904
Ireland,2019,2010.740318906606,3504374.93553117
Ireland,2020,1782.7608200455581,2492406.332625211
Ireland,2021,2079.519362186788,3765700.156147888
Ireland,2022,2111.507972665148,4108011.2521613142
Italy,2018,3203.268215847126,4278439.660094744
Italy,2019,3158.091839383486,4187137.3943795734
Italy,2020,3272.2831904175846,4287066.040104111
Italy,2021,3232.938719400176,4294522.59789018
Italy,2022,3125.602355685536,3991474.035427086
Latvia,2018,300.5323529411765,2425502.289598178
Latvia,2019,445.81617647058823,3853850.2195343464
Latvia,2020,483.75882352941176,4317113.976474092
Latvia,2021,410.4441176470588,3783396.782824431
Latvia,2022,444.2308823529412,4090895.2908874676
Lithuania,2018,414.5966131133304,3017590.369242863
Lithuania,2019,498.5870603560573,3881212.422003512
Lithuania,2020,596.6812852800695,4838271.211588312
Lithuania,2021,500.70343030829355,4070821.8053027317
Lithuania,2022,527.9761181068172,4384614.814424446
Luxembourg,2018,1022.0624205067998,3508784.917806053
Luxembourg,2019,861.7552098620487,3579528.2517294227
Luxembourg,2020,874.1316896585462,3205815.9693998965
Luxembourg,2021,877.5397058343932,3337462.9992946866
Luxembourg,2022,927.2902194827642,3728747.411457973
Malta,2018,5042.191780821918,2727338.899338192
Malta,2019,4560.684931506849,2501338.3918556888
Malta,2020,4399.726027397261,2298630.007522702
Malta,2021,4038.7671232876714,2215622.952145571
Malta,2022,3900.821917808219,2227992.5797670926
Netherlands (Kingdom of the),2018,5181.8721506442025,6077568.672521871
Netherlands (Kingdom of the),2019,5587.978196233895,7068741.810720878
Netherlands (Kingdom of the),2020,5520.851337958375,6691753.129214474
Netherlands (Kingdom of the),2021,5572.348860257681,6661903.988883349
Netherlands (Kingdom of the),2022,5384.306243805749,6986657.311840196
Poland,2018,786.0247277271916,3387124.6885249964
Poland,2019,781.3539546509552,3562312.2103093364
Poland,2020,916.6237279057311,4280992.715802525
Poland,2021,906.85984645599,4085024.508098921
Poland,2022,905.962506695233,4242562.306600882
Portugal,2018,3830.8082670845847,2646216.2627237104
Portugal,2019,4227.05947008766,2902041.302465254
Portugal,2020,4154.414476672632,2726807.352725543
Portugal,2021,4912.240629085951,3253517.563829794
Portugal,2022,4308.545538546354,2686627.582767405
Romania,2018,1315.5581063399547,3656971.235776403
Romania,2019,1211.4842393243725,3587592.9066617866
Romania,2020,888.1106221006304,2267372.717738827
Romania,2021,1120.131794932794,3408466.3323751944
Romania,2022,804.7179731176401,2639381.5454640533
Slovakia,2018,689.69013006886,3461795.621590812
Slovakia,2019,702.0665646518745,3475680.8916548067
Slovakia,2020,754.6319816373374,3820711.7252162187
Slovakia,2021,731.1224177505738,3608726.9228227474
Slovakia,2022,603.6778882938027,3423087.4845158583
Slovenia,2018,1792.6882441723965,3147964.5830061706
Slovenia,2019,1680.6640952540668,3244289.1621680697
Slovenia,2020,1897.3950472357315,3702341.9373419234
Slovenia,2021,1491.922410419811,3288079.8405853375
Slovenia,2022,1467.7455419531557,3043519.0507876733
Spain,2018,2290.0683714665574,3252946.387144767
Spain,2019,2153.22845446389,2649227.638444665
Spain,2020,2300.4025048807252,3157055.770098432
Spain,2021,2268.708431205153,3186159.817975897
Spain,2022,1965.712759817879,2459536.431036717
Sweden,2018,423.6971496437055,1612685.3174926152
Sweden,2019,637.2125890736341,3255575.2097023395
Sweden,2020,635.4354711005542,3082846.8142205086
Sweden,2021,570.1927949326999,2828675.5092384494
Sweden,2022,618.2842438638163,3076405.537429753
